0 verbose cli /usr/local/bin/node /usr/local/bin/npm
1 info using npm@10.9.2
2 info using node@v22.17.1
3 silly config load:file:/usr/local/lib/node_modules/npm/npmrc
4 silly config load:file:/Users/bytedance/Desktop/workspace/poker_tracker/fe_poker/.npmrc
5 silly config load:file:/Users/bytedance/.npmrc
6 silly config load:file:/usr/local/etc/npmrc
7 verbose title npm install
8 verbose argv "install" "--cache" "./.npm-cache" "--no-audit" "--no-fund"
9 verbose logfile logs-max:10 dir:/Users/bytedance/Desktop/workspace/poker_tracker/fe_poker/.npm-cache/_logs/2025-08-25T19_32_21_681Z-
10 verbose logfile /Users/bytedance/Desktop/workspace/poker_tracker/fe_poker/.npm-cache/_logs/2025-08-25T19_32_21_681Z-debug-0.log
11 silly logfile done cleaning log files
12 silly packumentCache heap:4345298944 maxSize:1086324736 maxEntrySize:543162368
13 silly idealTree buildDeps
14 silly fetch manifest @babel/runtime@^7.25.0
15 silly packumentCache full:https://registry.npmjs.org/@babel%2fruntime cache-miss
16 http fetch GET 200 https://registry.npmjs.org/@babel%2fruntime 296ms (cache miss)
17 silly packumentCache full:https://registry.npmjs.org/@babel%2fruntime set size:undefined disposed:false
18 silly fetch manifest @react-native-async-storage/async-storage@^2.2.0
19 silly packumentCache full:https://registry.npmjs.org/@react-native-async-storage%2fasync-storage cache-miss
20 http fetch GET 200 https://registry.npmjs.org/@react-native-async-storage%2fasync-storage 92ms (cache miss)
21 silly packumentCache full:https://registry.npmjs.org/@react-native-async-storage%2fasync-storage set size:undefined disposed:false
22 silly fetch manifest react-native@0.80.0
23 silly packumentCache full:https://registry.npmjs.org/react-native cache-miss
24 http fetch GET 200 https://registry.npmjs.org/react-native 337ms (cache miss)
25 silly packumentCache full:https://registry.npmjs.org/react-native set size:undefined disposed:false
26 silly fetch manifest @types/react@^19.0.0
27 silly packumentCache full:https://registry.npmjs.org/@types%2freact cache-miss
28 http fetch GET 200 https://registry.npmjs.org/@types%2freact 128ms (cache miss)
29 silly packumentCache full:https://registry.npmjs.org/@types%2freact set size:undefined disposed:false
30 silly fetch manifest react@19.1.0
31 silly packumentCache full:https://registry.npmjs.org/react cache-miss
32 http fetch GET 200 https://registry.npmjs.org/react 178ms (cache miss)
33 silly packumentCache full:https://registry.npmjs.org/react set size:undefined disposed:false
34 silly fetch manifest @react-native-community/cli@latest
35 silly packumentCache full:https://registry.npmjs.org/@react-native-community%2fcli cache-miss
36 http fetch GET 200 https://registry.npmjs.org/@react-native-community%2fcli 122ms (cache miss)
37 silly packumentCache full:https://registry.npmjs.org/@react-native-community%2fcli set size:undefined disposed:false
38 silly fetch manifest @react-navigation/bottom-tabs@^7.3.14
39 silly packumentCache full:https://registry.npmjs.org/@react-navigation%2fbottom-tabs cache-miss
40 http fetch GET 200 https://registry.npmjs.org/@react-navigation%2fbottom-tabs 227ms (cache miss)
41 silly packumentCache full:https://registry.npmjs.org/@react-navigation%2fbottom-tabs set size:undefined disposed:false
42 silly fetch manifest @react-navigation/native@^7.1.10
43 silly packumentCache full:https://registry.npmjs.org/@react-navigation%2fnative cache-miss
44 http fetch GET 200 https://registry.npmjs.org/@react-navigation%2fnative 111ms (cache miss)
45 silly packumentCache full:https://registry.npmjs.org/@react-navigation%2fnative set size:undefined disposed:false
46 silly fetch manifest react-native-safe-area-context@^5.4.1
47 silly packumentCache full:https://registry.npmjs.org/react-native-safe-area-context cache-miss
48 http fetch GET 200 https://registry.npmjs.org/react-native-safe-area-context 63ms (cache miss)
49 silly packumentCache full:https://registry.npmjs.org/react-native-safe-area-context set size:undefined disposed:false
50 silly fetch manifest react-native-screens@^4.11.1
51 silly packumentCache full:https://registry.npmjs.org/react-native-screens cache-miss
52 http fetch GET 200 https://registry.npmjs.org/react-native-screens 104ms (cache miss)
53 silly packumentCache full:https://registry.npmjs.org/react-native-screens set size:undefined disposed:false
54 silly fetch manifest @react-navigation/stack@^7.3.3
55 silly packumentCache full:https://registry.npmjs.org/@react-navigation%2fstack cache-miss
56 http fetch GET 200 https://registry.npmjs.org/@react-navigation%2fstack 163ms (cache miss)
57 silly packumentCache full:https://registry.npmjs.org/@react-navigation%2fstack set size:undefined disposed:false
58 silly fetch manifest react-native-gesture-handler@^2.25.0
59 silly packumentCache full:https://registry.npmjs.org/react-native-gesture-handler cache-miss
60 http fetch GET 200 https://registry.npmjs.org/react-native-gesture-handler 58ms (cache miss)
61 silly packumentCache full:https://registry.npmjs.org/react-native-gesture-handler set size:undefined disposed:false
62 silly fetch manifest @sentry/react-native@^6.19.0
63 silly packumentCache full:https://registry.npmjs.org/@sentry%2freact-native cache-miss
64 http fetch GET 200 https://registry.npmjs.org/@sentry%2freact-native 95ms (cache miss)
65 silly packumentCache full:https://registry.npmjs.org/@sentry%2freact-native set size:undefined disposed:false
66 silly fetch manifest expo@>=49.0.0
67 silly packumentCache full:https://registry.npmjs.org/expo cache-miss
68 http fetch GET 200 https://registry.npmjs.org/expo 160ms (cache miss)
69 silly packumentCache full:https://registry.npmjs.org/expo set size:undefined disposed:false
70 silly fetch manifest @expo/dom-webview@*
71 silly packumentCache full:https://registry.npmjs.org/@expo%2fdom-webview cache-miss
72 http fetch GET 200 https://registry.npmjs.org/@expo%2fdom-webview 88ms (cache miss)
73 silly packumentCache full:https://registry.npmjs.org/@expo%2fdom-webview set size:undefined disposed:false
74 silly fetch manifest @expo/metro-runtime@*
75 silly packumentCache full:https://registry.npmjs.org/@expo%2fmetro-runtime cache-miss
76 http fetch GET 200 https://registry.npmjs.org/@expo%2fmetro-runtime 103ms (cache miss)
77 silly packumentCache full:https://registry.npmjs.org/@expo%2fmetro-runtime set size:undefined disposed:false
78 silly fetch manifest react-native-webview@*
79 silly packumentCache full:https://registry.npmjs.org/react-native-webview cache-miss
80 http fetch GET 200 https://registry.npmjs.org/react-native-webview 85ms (cache miss)
81 silly packumentCache full:https://registry.npmjs.org/react-native-webview set size:undefined disposed:false
82 silly fetch manifest invariant@^2.2.4
83 silly packumentCache full:https://registry.npmjs.org/invariant cache-miss
84 http fetch GET 200 https://registry.npmjs.org/invariant 92ms (cache miss)
85 silly packumentCache full:https://registry.npmjs.org/invariant set size:undefined disposed:false
86 silly fetch manifest react-native-date-picker@^5.0.13
87 silly packumentCache full:https://registry.npmjs.org/react-native-date-picker cache-miss
88 http fetch GET 200 https://registry.npmjs.org/react-native-date-picker 59ms (cache miss)
89 silly packumentCache full:https://registry.npmjs.org/react-native-date-picker set size:undefined disposed:false
90 silly fetch manifest react-native-iap@^13.0.4
91 silly packumentCache full:https://registry.npmjs.org/react-native-iap cache-miss
92 http fetch GET 200 https://registry.npmjs.org/react-native-iap 138ms (cache miss)
93 silly packumentCache full:https://registry.npmjs.org/react-native-iap set size:undefined disposed:false
94 silly fetch manifest expo@>=47.0.0
95 silly packumentCache full:https://registry.npmjs.org/expo cache-miss
96 http cache https://registry.npmjs.org/expo 13ms (cache hit)
97 silly packumentCache full:https://registry.npmjs.org/expo set size:3150038 disposed:false
98 silly fetch manifest react-native-purchases@^8.11.4
99 silly packumentCache full:https://registry.npmjs.org/react-native-purchases cache-miss
100 http fetch GET 200 https://registry.npmjs.org/react-native-purchases 185ms (cache miss)
101 silly packumentCache full:https://registry.npmjs.org/react-native-purchases set size:undefined disposed:false
102 silly fetch manifest react-native-sqlite-storage@^6.0.1
103 silly packumentCache full:https://registry.npmjs.org/react-native-sqlite-storage cache-miss
104 http fetch GET 200 https://registry.npmjs.org/react-native-sqlite-storage 55ms (cache miss)
105 silly packumentCache full:https://registry.npmjs.org/react-native-sqlite-storage set size:undefined disposed:false
106 silly fetch manifest react-native-url-polyfill@^2.0.0
107 silly packumentCache full:https://registry.npmjs.org/react-native-url-polyfill cache-miss
108 http fetch GET 200 https://registry.npmjs.org/react-native-url-polyfill 64ms (cache miss)
109 silly packumentCache full:https://registry.npmjs.org/react-native-url-polyfill set size:undefined disposed:false
110 silly fetch manifest zustand@^5.0.5
111 silly packumentCache full:https://registry.npmjs.org/zustand cache-miss
112 http fetch GET 200 https://registry.npmjs.org/zustand 105ms (cache miss)
113 silly packumentCache full:https://registry.npmjs.org/zustand set size:undefined disposed:false
114 silly fetch manifest immer@>=9.0.6
115 silly packumentCache full:https://registry.npmjs.org/immer cache-miss
116 http fetch GET 200 https://registry.npmjs.org/immer 131ms (cache miss)
117 silly packumentCache full:https://registry.npmjs.org/immer set size:undefined disposed:false
118 silly fetch manifest use-sync-external-store@>=1.2.0
119 silly packumentCache full:https://registry.npmjs.org/use-sync-external-store cache-miss
120 http fetch GET 200 https://registry.npmjs.org/use-sync-external-store 194ms (cache miss)
121 silly packumentCache full:https://registry.npmjs.org/use-sync-external-store set size:undefined disposed:false
122 silly fetch manifest @babel/core@^7.25.2
123 silly packumentCache full:https://registry.npmjs.org/@babel%2fcore cache-miss
124 http fetch GET 200 https://registry.npmjs.org/@babel%2fcore 71ms (cache miss)
125 silly packumentCache full:https://registry.npmjs.org/@babel%2fcore set size:undefined disposed:false
126 silly fetch manifest @babel/preset-env@^7.25.3
127 silly packumentCache full:https://registry.npmjs.org/@babel%2fpreset-env cache-miss
128 http fetch GET 200 https://registry.npmjs.org/@babel%2fpreset-env 81ms (cache miss)
129 silly packumentCache full:https://registry.npmjs.org/@babel%2fpreset-env set size:undefined disposed:false
130 silly fetch manifest @react-native-community/cli-platform-android@18.0.0
131 silly packumentCache full:https://registry.npmjs.org/@react-native-community%2fcli-platform-android cache-miss
132 http fetch GET 200 https://registry.npmjs.org/@react-native-community%2fcli-platform-android 115ms (cache miss)
133 silly packumentCache full:https://registry.npmjs.org/@react-native-community%2fcli-platform-android set size:undefined disposed:false
134 silly fetch manifest @react-native-community/cli-platform-ios@18.0.0
135 silly packumentCache full:https://registry.npmjs.org/@react-native-community%2fcli-platform-ios cache-miss
136 http fetch GET 200 https://registry.npmjs.org/@react-native-community%2fcli-platform-ios 152ms (cache miss)
137 silly packumentCache full:https://registry.npmjs.org/@react-native-community%2fcli-platform-ios set size:undefined disposed:false
138 silly fetch manifest @react-native/babel-preset@0.79.3
139 silly packumentCache full:https://registry.npmjs.org/@react-native%2fbabel-preset cache-miss
140 http fetch GET 200 https://registry.npmjs.org/@react-native%2fbabel-preset 152ms (cache miss)
141 silly packumentCache full:https://registry.npmjs.org/@react-native%2fbabel-preset set size:undefined disposed:false
142 silly fetch manifest @react-native/eslint-config@0.79.3
143 silly packumentCache full:https://registry.npmjs.org/@react-native%2feslint-config cache-miss
144 http fetch GET 200 https://registry.npmjs.org/@react-native%2feslint-config 97ms (cache miss)
145 silly packumentCache full:https://registry.npmjs.org/@react-native%2feslint-config set size:undefined disposed:false
146 silly fetch manifest eslint@^8.19.0
147 silly packumentCache full:https://registry.npmjs.org/eslint cache-miss
148 http fetch GET 200 https://registry.npmjs.org/eslint 65ms (cache miss)
149 silly packumentCache full:https://registry.npmjs.org/eslint set size:undefined disposed:false
150 silly fetch manifest prettier@2.8.8
151 silly packumentCache full:https://registry.npmjs.org/prettier cache-miss
152 http fetch GET 200 https://registry.npmjs.org/prettier 73ms (cache miss)
153 silly packumentCache full:https://registry.npmjs.org/prettier set size:undefined disposed:false
154 silly fetch manifest @react-native/metro-config@0.79.3
155 silly packumentCache full:https://registry.npmjs.org/@react-native%2fmetro-config cache-miss
156 http fetch GET 200 https://registry.npmjs.org/@react-native%2fmetro-config 182ms (cache miss)
157 silly packumentCache full:https://registry.npmjs.org/@react-native%2fmetro-config set size:undefined disposed:false
158 silly fetch manifest @react-native/typescript-config@0.79.3
159 silly packumentCache full:https://registry.npmjs.org/@react-native%2ftypescript-config cache-miss
160 http fetch GET 200 https://registry.npmjs.org/@react-native%2ftypescript-config 200ms (cache miss)
161 silly packumentCache full:https://registry.npmjs.org/@react-native%2ftypescript-config set size:undefined disposed:false
162 silly fetch manifest @testing-library/jest-native@^5.4.3
163 silly packumentCache full:https://registry.npmjs.org/@testing-library%2fjest-native cache-miss
164 http fetch GET 200 https://registry.npmjs.org/@testing-library%2fjest-native 257ms (cache miss)
165 silly packumentCache full:https://registry.npmjs.org/@testing-library%2fjest-native set size:undefined disposed:false
166 silly fetch manifest react-test-renderer@19.1.0
167 silly packumentCache full:https://registry.npmjs.org/react-test-renderer cache-miss
168 http fetch GET 200 https://registry.npmjs.org/react-test-renderer 250ms (cache miss)
169 silly packumentCache full:https://registry.npmjs.org/react-test-renderer set size:undefined disposed:false
170 silly fetch manifest @testing-library/react-native@^13.2.0
171 silly packumentCache full:https://registry.npmjs.org/@testing-library%2freact-native cache-miss
172 http fetch GET 200 https://registry.npmjs.org/@testing-library%2freact-native 185ms (cache miss)
173 silly packumentCache full:https://registry.npmjs.org/@testing-library%2freact-native set size:undefined disposed:false
174 silly fetch manifest jest@^29.6.3
175 silly packumentCache full:https://registry.npmjs.org/jest cache-miss
176 http fetch GET 200 https://registry.npmjs.org/jest 104ms (cache miss)
177 silly packumentCache full:https://registry.npmjs.org/jest set size:undefined disposed:false
178 silly fetch manifest node-notifier@^8.0.1 || ^9.0.0 || ^10.0.0
179 silly packumentCache full:https://registry.npmjs.org/node-notifier cache-miss
180 http fetch GET 200 https://registry.npmjs.org/node-notifier 57ms (cache miss)
181 silly packumentCache full:https://registry.npmjs.org/node-notifier set size:undefined disposed:false
182 silly fetch manifest @types/jest@^29.5.13
183 silly packumentCache full:https://registry.npmjs.org/@types%2fjest cache-miss
184 http fetch GET 200 https://registry.npmjs.org/@types%2fjest 207ms (cache miss)
185 silly packumentCache full:https://registry.npmjs.org/@types%2fjest set size:undefined disposed:false
186 silly fetch manifest @types/react-test-renderer@^19.0.0
187 silly packumentCache full:https://registry.npmjs.org/@types%2freact-test-renderer cache-miss
188 http fetch GET 200 https://registry.npmjs.org/@types%2freact-test-renderer 62ms (cache miss)
189 silly packumentCache full:https://registry.npmjs.org/@types%2freact-test-renderer set size:undefined disposed:false
190 silly fetch manifest typescript@5.0.4
191 silly packumentCache full:https://registry.npmjs.org/typescript cache-miss
192 http fetch GET 200 https://registry.npmjs.org/typescript 350ms (cache miss)
193 silly packumentCache full:https://registry.npmjs.org/typescript set size:undefined disposed:false
194 silly placeDep ROOT @babel/core@7.28.3 OK for: AISolverApp@0.0.1 want: ^7.25.2
195 silly placeDep ROOT @babel/preset-env@7.28.3 OK for: AISolverApp@0.0.1 want: ^7.25.3
196 silly placeDep ROOT @babel/runtime@7.28.3 OK for: AISolverApp@0.0.1 want: ^7.25.0
197 silly placeDep ROOT @react-native-async-storage/async-storage@2.2.0 OK for: AISolverApp@0.0.1 want: ^2.2.0
198 silly placeDep ROOT react-native@0.80.0 OK for: @react-native-async-storage/async-storage@2.2.0 want: ^0.0.0-0 || >=0.65 <1.0
199 silly placeDep ROOT react@19.1.0 OK for: react-native@0.80.0 want: ^19.1.0
200 silly placeDep ROOT @react-native-community/cli@20.0.1 OK for: AISolverApp@0.0.1 want: latest
201 silly placeDep ROOT @react-native-community/cli-platform-android@18.0.0 OK for: AISolverApp@0.0.1 want: 18.0.0
202 silly placeDep ROOT @react-native-community/cli-platform-ios@18.0.0 OK for: AISolverApp@0.0.1 want: 18.0.0
203 silly placeDep ROOT @react-native/babel-preset@0.79.3 OK for: AISolverApp@0.0.1 want: 0.79.3
204 silly placeDep ROOT @react-native/eslint-config@0.79.3 OK for: AISolverApp@0.0.1 want: 0.79.3
205 silly placeDep ROOT eslint@8.57.1 OK for: @react-native/eslint-config@0.79.3 want: >=8
206 silly placeDep ROOT prettier@2.8.8 OK for: @react-native/eslint-config@0.79.3 want: >=2
207 silly placeDep ROOT @react-native/metro-config@0.79.3 OK for: AISolverApp@0.0.1 want: 0.79.3
208 silly placeDep ROOT @react-native/typescript-config@0.79.3 OK for: AISolverApp@0.0.1 want: 0.79.3
209 silly placeDep ROOT @react-navigation/bottom-tabs@7.4.6 OK for: AISolverApp@0.0.1 want: ^7.3.14
210 silly placeDep ROOT @react-navigation/native@7.1.17 OK for: @react-navigation/bottom-tabs@7.4.6 want: ^7.1.17
211 silly placeDep ROOT react-native-safe-area-context@5.6.1 OK for: @react-navigation/bottom-tabs@7.4.6 want: >= 4.0.0
212 silly placeDep ROOT react-native-screens@4.15.2 OK for: @react-navigation/bottom-tabs@7.4.6 want: >= 4.0.0
213 silly placeDep ROOT @react-navigation/stack@7.4.7 OK for: AISolverApp@0.0.1 want: ^7.3.3
214 silly placeDep ROOT react-native-gesture-handler@2.28.0 OK for: @react-navigation/stack@7.4.7 want: >= 2.0.0
215 silly placeDep ROOT @sentry/react-native@6.20.0 OK for: AISolverApp@0.0.1 want: ^6.19.0
216 silly placeDep ROOT @testing-library/jest-native@5.4.3 OK for: AISolverApp@0.0.1 want: ^5.4.3
217 silly placeDep ROOT react-test-renderer@19.1.0 OK for: @testing-library/jest-native@5.4.3 want: >=16.0.0
218 silly placeDep ROOT @testing-library/react-native@13.3.2 OK for: AISolverApp@0.0.1 want: ^13.2.0
219 silly placeDep ROOT @types/jest@29.5.14 OK for: AISolverApp@0.0.1 want: ^29.5.13
220 silly placeDep ROOT @types/react@19.1.11 OK for: AISolverApp@0.0.1 want: ^19.0.0
221 silly placeDep ROOT @types/react-test-renderer@19.1.0 OK for: AISolverApp@0.0.1 want: ^19.0.0
222 silly placeDep ROOT invariant@2.2.4 OK for: AISolverApp@0.0.1 want: ^2.2.4
223 silly placeDep ROOT jest@29.7.0 OK for: AISolverApp@0.0.1 want: ^29.6.3
224 silly placeDep ROOT react-native-date-picker@5.0.13 OK for: AISolverApp@0.0.1 want: ^5.0.13
225 silly placeDep ROOT react-native-iap@13.0.4 OK for: AISolverApp@0.0.1 want: ^13.0.4
226 silly placeDep ROOT react-native-purchases@8.11.10 OK for: AISolverApp@0.0.1 want: ^8.11.4
227 silly placeDep ROOT react-native-sqlite-storage@6.0.1 OK for: AISolverApp@0.0.1 want: ^6.0.1
228 silly placeDep ROOT react-native-url-polyfill@2.0.0 OK for: AISolverApp@0.0.1 want: ^2.0.0
229 silly placeDep ROOT typescript@5.0.4 OK for: AISolverApp@0.0.1 want: 5.0.4
230 silly placeDep ROOT zustand@5.0.8 OK for: AISolverApp@0.0.1 want: ^5.0.5
231 silly fetch manifest @ampproject/remapping@^2.2.0
232 silly packumentCache full:https://registry.npmjs.org/@ampproject%2fremapping cache-miss
233 silly fetch manifest @babel/code-frame@^7.27.1
234 silly packumentCache full:https://registry.npmjs.org/@babel%2fcode-frame cache-miss
235 silly fetch manifest @babel/generator@^7.28.3
236 silly packumentCache full:https://registry.npmjs.org/@babel%2fgenerator cache-miss
237 silly fetch manifest @babel/helper-compilation-targets@^7.27.2
238 silly packumentCache full:https://registry.npmjs.org/@babel%2fhelper-compilation-targets cache-miss
239 silly fetch manifest @babel/helper-module-transforms@^7.28.3
240 silly packumentCache full:https://registry.npmjs.org/@babel%2fhelper-module-transforms cache-miss
241 silly fetch manifest @babel/helpers@^7.28.3
242 silly packumentCache full:https://registry.npmjs.org/@babel%2fhelpers cache-miss
243 silly fetch manifest @babel/parser@^7.28.3
244 silly packumentCache full:https://registry.npmjs.org/@babel%2fparser cache-miss
245 silly fetch manifest @babel/template@^7.27.2
246 silly packumentCache full:https://registry.npmjs.org/@babel%2ftemplate cache-miss
247 silly fetch manifest @babel/traverse@^7.28.3
248 silly packumentCache full:https://registry.npmjs.org/@babel%2ftraverse cache-miss
249 http fetch GET 200 https://registry.npmjs.org/@babel%2fcode-frame 74ms (cache miss)
250 silly packumentCache full:https://registry.npmjs.org/@babel%2fcode-frame set size:undefined disposed:false
251 silly fetch manifest @babel/types@^7.28.2
252 silly packumentCache full:https://registry.npmjs.org/@babel%2ftypes cache-miss
253 http fetch GET 200 https://registry.npmjs.org/@babel%2fparser 127ms (cache miss)
254 silly packumentCache full:https://registry.npmjs.org/@babel%2fparser set size:undefined disposed:false
255 silly fetch manifest convert-source-map@^2.0.0
256 silly packumentCache full:https://registry.npmjs.org/convert-source-map cache-miss
257 http fetch GET 200 https://registry.npmjs.org/@babel%2fgenerator 160ms (cache miss)
258 silly packumentCache full:https://registry.npmjs.org/@babel%2fgenerator set size:undefined disposed:false
259 silly fetch manifest debug@^4.1.0
260 silly packumentCache full:https://registry.npmjs.org/debug cache-miss
261 http fetch GET 200 https://registry.npmjs.org/@babel%2fhelpers 165ms (cache miss)
262 silly packumentCache full:https://registry.npmjs.org/@babel%2fhelpers set size:undefined disposed:false
263 silly fetch manifest gensync@^1.0.0-beta.2
264 silly packumentCache full:https://registry.npmjs.org/gensync cache-miss
265 http fetch GET 200 https://registry.npmjs.org/@babel%2ftemplate 166ms (cache miss)
266 silly packumentCache full:https://registry.npmjs.org/@babel%2ftemplate set size:undefined disposed:false
267 silly fetch manifest json5@^2.2.3
268 silly packumentCache full:https://registry.npmjs.org/json5 cache-miss
269 http fetch GET 200 https://registry.npmjs.org/@babel%2fhelper-compilation-targets 168ms (cache miss)
270 silly packumentCache full:https://registry.npmjs.org/@babel%2fhelper-compilation-targets set size:undefined disposed:false
271 silly fetch manifest semver@^6.3.1
272 silly packumentCache full:https://registry.npmjs.org/semver cache-miss
273 http fetch GET 200 https://registry.npmjs.org/@ampproject%2fremapping 183ms (cache miss)
274 silly packumentCache full:https://registry.npmjs.org/@ampproject%2fremapping set size:undefined disposed:false
275 silly fetch manifest @babel/compat-data@^7.28.0
276 silly packumentCache full:https://registry.npmjs.org/@babel%2fcompat-data cache-miss
277 http fetch GET 200 https://registry.npmjs.org/convert-source-map 54ms (cache miss)
278 silly packumentCache full:https://registry.npmjs.org/convert-source-map set size:undefined disposed:false
279 silly fetch manifest @babel/helper-plugin-utils@^7.27.1
280 silly packumentCache full:https://registry.npmjs.org/@babel%2fhelper-plugin-utils cache-miss
281 http fetch GET 200 https://registry.npmjs.org/@babel%2ftypes 110ms (cache miss)
282 silly packumentCache full:https://registry.npmjs.org/@babel%2ftypes set size:undefined disposed:false
283 silly fetch manifest @babel/helper-validator-option@^7.27.1
284 silly packumentCache full:https://registry.npmjs.org/@babel%2fhelper-validator-option cache-miss
285 http fetch GET 200 https://registry.npmjs.org/@babel%2ftraverse 187ms (cache miss)
286 silly packumentCache full:https://registry.npmjs.org/@babel%2ftraverse set size:undefined disposed:false
287 silly fetch manifest @babel/plugin-bugfix-firefox-class-in-computed-class-key@^7.27.1
288 silly packumentCache full:https://registry.npmjs.org/@babel%2fplugin-bugfix-firefox-class-in-computed-class-key cache-miss
289 http fetch GET 200 https://registry.npmjs.org/debug 44ms (cache miss)
290 silly packumentCache full:https://registry.npmjs.org/debug set size:undefined disposed:false
291 silly fetch manifest @babel/plugin-bugfix-safari-class-field-initializer-scope@^7.27.1
292 silly packumentCache full:https://registry.npmjs.org/@babel%2fplugin-bugfix-safari-class-field-initializer-scope cache-miss
293 http fetch GET 200 https://registry.npmjs.org/gensync 42ms (cache miss)
294 silly packumentCache full:https://registry.npmjs.org/gensync set size:undefined disposed:false
295 silly fetch manifest @babel/plugin-bugfix-safari-id-destructuring-collision-in-function-expression@^7.27.1
296 silly packumentCache full:https://registry.npmjs.org/@babel%2fplugin-bugfix-safari-id-destructuring-collision-in-function-expression cache-miss
297 http fetch GET 200 https://registry.npmjs.org/json5 64ms (cache miss)
298 silly packumentCache full:https://registry.npmjs.org/json5 set size:undefined disposed:false
299 silly fetch manifest @babel/plugin-bugfix-v8-spread-parameters-in-optional-chaining@^7.27.1
300 silly packumentCache full:https://registry.npmjs.org/@babel%2fplugin-bugfix-v8-spread-parameters-in-optional-chaining cache-miss
301 http fetch GET 200 https://registry.npmjs.org/semver 65ms (cache miss)
302 silly packumentCache full:https://registry.npmjs.org/semver set size:undefined disposed:false
303 silly fetch manifest @babel/plugin-bugfix-v8-static-class-fields-redefine-readonly@^7.28.3
304 silly packumentCache full:https://registry.npmjs.org/@babel%2fplugin-bugfix-v8-static-class-fields-redefine-readonly cache-miss
305 http fetch GET 200 https://registry.npmjs.org/@babel%2fhelper-validator-option 48ms (cache miss)
306 silly packumentCache full:https://registry.npmjs.org/@babel%2fhelper-validator-option set size:undefined disposed:false
307 silly fetch manifest @babel/plugin-proposal-private-property-in-object@7.21.0-placeholder-for-preset-env.2
308 silly packumentCache full:https://registry.npmjs.org/@babel%2fplugin-proposal-private-property-in-object cache-miss
309 http fetch GET 200 https://registry.npmjs.org/@babel%2fhelper-plugin-utils 81ms (cache miss)
310 silly packumentCache full:https://registry.npmjs.org/@babel%2fhelper-plugin-utils set size:undefined disposed:false
311 silly fetch manifest @babel/plugin-syntax-import-assertions@^7.27.1
312 silly packumentCache full:https://registry.npmjs.org/@babel%2fplugin-syntax-import-assertions cache-miss
313 http fetch GET 200 https://registry.npmjs.org/@babel%2fplugin-bugfix-safari-class-field-initializer-scope 62ms (cache miss)
314 silly packumentCache full:https://registry.npmjs.org/@babel%2fplugin-bugfix-safari-class-field-initializer-scope set size:undefined disposed:false
315 silly fetch manifest @babel/plugin-syntax-import-attributes@^7.27.1
316 silly packumentCache full:https://registry.npmjs.org/@babel%2fplugin-syntax-import-attributes cache-miss
317 http fetch GET 200 https://registry.npmjs.org/@babel%2fplugin-bugfix-firefox-class-in-computed-class-key 80ms (cache miss)
318 silly packumentCache full:https://registry.npmjs.org/@babel%2fplugin-bugfix-firefox-class-in-computed-class-key set size:undefined disposed:false
319 silly fetch manifest @babel/plugin-syntax-unicode-sets-regex@^7.18.6
320 silly packumentCache full:https://registry.npmjs.org/@babel%2fplugin-syntax-unicode-sets-regex cache-miss
321 http fetch GET 200 https://registry.npmjs.org/@babel%2fplugin-bugfix-safari-id-destructuring-collision-in-function-expression 69ms (cache miss)
322 silly packumentCache full:https://registry.npmjs.org/@babel%2fplugin-bugfix-safari-id-destructuring-collision-in-function-expression set size:undefined disposed:false
323 silly fetch manifest @babel/plugin-transform-arrow-functions@^7.27.1
324 silly packumentCache full:https://registry.npmjs.org/@babel%2fplugin-transform-arrow-functions cache-miss
325 http fetch GET 200 https://registry.npmjs.org/@babel%2fcompat-data 95ms (cache miss)
326 silly packumentCache full:https://registry.npmjs.org/@babel%2fcompat-data set size:undefined disposed:false
327 silly fetch manifest @babel/plugin-transform-async-generator-functions@^7.28.0
328 silly packumentCache full:https://registry.npmjs.org/@babel%2fplugin-transform-async-generator-functions cache-miss
329 http fetch GET 200 https://registry.npmjs.org/@babel%2fplugin-proposal-private-property-in-object 47ms (cache miss)
330 silly packumentCache full:https://registry.npmjs.org/@babel%2fplugin-proposal-private-property-in-object set size:undefined disposed:false
331 silly fetch manifest @babel/plugin-transform-async-to-generator@^7.27.1
332 silly packumentCache full:https://registry.npmjs.org/@babel%2fplugin-transform-async-to-generator cache-miss
333 http fetch GET 200 https://registry.npmjs.org/@babel%2fhelper-module-transforms 300ms (cache miss)
334 silly packumentCache full:https://registry.npmjs.org/@babel%2fhelper-module-transforms set size:undefined disposed:false
335 silly fetch manifest @babel/plugin-transform-block-scoped-functions@^7.27.1
336 silly packumentCache full:https://registry.npmjs.org/@babel%2fplugin-transform-block-scoped-functions cache-miss
337 http fetch GET 200 https://registry.npmjs.org/@babel%2fplugin-bugfix-v8-static-class-fields-redefine-readonly 72ms (cache miss)
338 silly packumentCache full:https://registry.npmjs.org/@babel%2fplugin-bugfix-v8-static-class-fields-redefine-readonly set size:undefined disposed:false
339 silly fetch manifest @babel/plugin-transform-block-scoping@^7.28.0
340 silly packumentCache full:https://registry.npmjs.org/@babel%2fplugin-transform-block-scoping cache-miss
341 http fetch GET 200 https://registry.npmjs.org/@babel%2fplugin-syntax-import-attributes 48ms (cache miss)
342 silly packumentCache full:https://registry.npmjs.org/@babel%2fplugin-syntax-import-attributes set size:undefined disposed:false
343 silly fetch manifest @babel/plugin-transform-class-properties@^7.27.1
344 silly packumentCache full:https://registry.npmjs.org/@babel%2fplugin-transform-class-properties cache-miss
345 http fetch GET 200 https://registry.npmjs.org/@babel%2fplugin-transform-async-to-generator 49ms (cache miss)
346 silly packumentCache full:https://registry.npmjs.org/@babel%2fplugin-transform-async-to-generator set size:undefined disposed:false
347 silly fetch manifest @babel/plugin-transform-class-static-block@^7.28.3
348 silly packumentCache full:https://registry.npmjs.org/@babel%2fplugin-transform-class-static-block cache-miss
349 http fetch GET 200 https://registry.npmjs.org/@babel%2fplugin-syntax-import-assertions 70ms (cache miss)
350 silly packumentCache full:https://registry.npmjs.org/@babel%2fplugin-syntax-import-assertions set size:undefined disposed:false
351 silly fetch manifest @babel/plugin-transform-classes@^7.28.3
352 silly packumentCache full:https://registry.npmjs.org/@babel%2fplugin-transform-classes cache-miss
353 http fetch GET 200 https://registry.npmjs.org/@babel%2fplugin-transform-async-generator-functions 68ms (cache miss)
354 silly packumentCache full:https://registry.npmjs.org/@babel%2fplugin-transform-async-generator-functions set size:undefined disposed:false
355 silly fetch manifest @babel/plugin-transform-computed-properties@^7.27.1
356 silly packumentCache full:https://registry.npmjs.org/@babel%2fplugin-transform-computed-properties cache-miss
357 http fetch GET 200 https://registry.npmjs.org/@babel%2fplugin-transform-arrow-functions 78ms (cache miss)
358 silly packumentCache full:https://registry.npmjs.org/@babel%2fplugin-transform-arrow-functions set size:undefined disposed:false
359 silly fetch manifest @babel/plugin-transform-destructuring@^7.28.0
360 silly packumentCache full:https://registry.npmjs.org/@babel%2fplugin-transform-destructuring cache-miss
361 http fetch GET 200 https://registry.npmjs.org/@babel%2fplugin-bugfix-v8-spread-parameters-in-optional-chaining 127ms (cache miss)
362 silly packumentCache full:https://registry.npmjs.org/@babel%2fplugin-bugfix-v8-spread-parameters-in-optional-chaining set size:undefined disposed:false
363 silly fetch manifest @babel/plugin-transform-dotall-regex@^7.27.1
364 silly packumentCache full:https://registry.npmjs.org/@babel%2fplugin-transform-dotall-regex cache-miss
365 http fetch GET 200 https://registry.npmjs.org/@babel%2fplugin-transform-class-static-block 53ms (cache miss)
366 silly packumentCache full:https://registry.npmjs.org/@babel%2fplugin-transform-class-static-block set size:undefined disposed:false
367 silly fetch manifest @babel/plugin-transform-duplicate-keys@^7.27.1
368 silly packumentCache full:https://registry.npmjs.org/@babel%2fplugin-transform-duplicate-keys cache-miss
369 http fetch GET 200 https://registry.npmjs.org/@babel%2fplugin-transform-block-scoping 101ms (cache miss)
370 silly packumentCache full:https://registry.npmjs.org/@babel%2fplugin-transform-block-scoping set size:undefined disposed:false
371 silly fetch manifest @babel/plugin-transform-duplicate-named-capturing-groups-regex@^7.27.1
372 silly packumentCache full:https://registry.npmjs.org/@babel%2fplugin-transform-duplicate-named-capturing-groups-regex cache-miss
373 http fetch GET 200 https://registry.npmjs.org/@babel%2fplugin-transform-class-properties 91ms (cache miss)
374 silly packumentCache full:https://registry.npmjs.org/@babel%2fplugin-transform-class-properties set size:undefined disposed:false
375 silly fetch manifest @babel/plugin-transform-dynamic-import@^7.27.1
376 silly packumentCache full:https://registry.npmjs.org/@babel%2fplugin-transform-dynamic-import cache-miss
377 http fetch GET 200 https://registry.npmjs.org/@babel%2fplugin-transform-block-scoped-functions 109ms (cache miss)
378 silly packumentCache full:https://registry.npmjs.org/@babel%2fplugin-transform-block-scoped-functions set size:undefined disposed:false
379 silly fetch manifest @babel/plugin-transform-explicit-resource-management@^7.28.0
380 silly packumentCache full:https://registry.npmjs.org/@babel%2fplugin-transform-explicit-resource-management cache-miss
381 http fetch GET 200 https://registry.npmjs.org/@babel%2fplugin-transform-classes 101ms (cache miss)
382 silly packumentCache full:https://registry.npmjs.org/@babel%2fplugin-transform-classes set size:undefined disposed:false
383 silly fetch manifest @babel/plugin-transform-exponentiation-operator@^7.27.1
384 silly packumentCache full:https://registry.npmjs.org/@babel%2fplugin-transform-exponentiation-operator cache-miss
385 http fetch GET 200 https://registry.npmjs.org/@babel%2fplugin-transform-destructuring 84ms (cache miss)
386 silly packumentCache full:https://registry.npmjs.org/@babel%2fplugin-transform-destructuring set size:undefined disposed:false
387 silly fetch manifest @babel/plugin-transform-export-namespace-from@^7.27.1
388 silly packumentCache full:https://registry.npmjs.org/@babel%2fplugin-transform-export-namespace-from cache-miss
389 http fetch GET 200 https://registry.npmjs.org/@babel%2fplugin-transform-dotall-regex 97ms (cache miss)
390 silly packumentCache full:https://registry.npmjs.org/@babel%2fplugin-transform-dotall-regex set size:undefined disposed:false
391 silly fetch manifest @babel/plugin-transform-for-of@^7.27.1
392 silly packumentCache full:https://registry.npmjs.org/@babel%2fplugin-transform-for-of cache-miss
393 http fetch GET 200 https://registry.npmjs.org/@babel%2fplugin-syntax-unicode-sets-regex 189ms (cache miss)
394 silly packumentCache full:https://registry.npmjs.org/@babel%2fplugin-syntax-unicode-sets-regex set size:undefined disposed:false
395 silly fetch manifest @babel/plugin-transform-function-name@^7.27.1
396 silly packumentCache full:https://registry.npmjs.org/@babel%2fplugin-transform-function-name cache-miss
397 http fetch GET 200 https://registry.npmjs.org/@babel%2fplugin-transform-computed-properties 115ms (cache miss)
398 silly packumentCache full:https://registry.npmjs.org/@babel%2fplugin-transform-computed-properties set size:undefined disposed:false
399 silly fetch manifest @babel/plugin-transform-json-strings@^7.27.1
400 silly packumentCache full:https://registry.npmjs.org/@babel%2fplugin-transform-json-strings cache-miss
401 http fetch GET 200 https://registry.npmjs.org/@babel%2fplugin-transform-duplicate-named-capturing-groups-regex 59ms (cache miss)
402 silly packumentCache full:https://registry.npmjs.org/@babel%2fplugin-transform-duplicate-named-capturing-groups-regex set size:undefined disposed:false
403 silly fetch manifest @babel/plugin-transform-literals@^7.27.1
404 silly packumentCache full:https://registry.npmjs.org/@babel%2fplugin-transform-literals cache-miss
405 http fetch GET 200 https://registry.npmjs.org/@babel%2fplugin-transform-explicit-resource-management 67ms (cache miss)
406 silly packumentCache full:https://registry.npmjs.org/@babel%2fplugin-transform-explicit-resource-management set size:undefined disposed:false
407 silly fetch manifest @babel/plugin-transform-logical-assignment-operators@^7.27.1
408 silly packumentCache full:https://registry.npmjs.org/@babel%2fplugin-transform-logical-assignment-operators cache-miss
409 http fetch GET 200 https://registry.npmjs.org/@babel%2fplugin-transform-dynamic-import 69ms (cache miss)
410 silly packumentCache full:https://registry.npmjs.org/@babel%2fplugin-transform-dynamic-import set size:undefined disposed:false
411 silly fetch manifest @babel/plugin-transform-member-expression-literals@^7.27.1
412 silly packumentCache full:https://registry.npmjs.org/@babel%2fplugin-transform-member-expression-literals cache-miss
413 http fetch GET 200 https://registry.npmjs.org/@babel%2fplugin-transform-function-name 59ms (cache miss)
414 silly packumentCache full:https://registry.npmjs.org/@babel%2fplugin-transform-function-name set size:undefined disposed:false
415 silly fetch manifest @babel/plugin-transform-modules-amd@^7.27.1
416 silly packumentCache full:https://registry.npmjs.org/@babel%2fplugin-transform-modules-amd cache-miss
417 http fetch GET 200 https://registry.npmjs.org/@babel%2fplugin-transform-json-strings 61ms (cache miss)
418 silly packumentCache full:https://registry.npmjs.org/@babel%2fplugin-transform-json-strings set size:undefined disposed:false
419 silly fetch manifest @babel/plugin-transform-modules-commonjs@^7.27.1
420 silly packumentCache full:https://registry.npmjs.org/@babel%2fplugin-transform-modules-commonjs cache-miss
421 http fetch GET 200 https://registry.npmjs.org/@babel%2fplugin-transform-export-namespace-from 101ms (cache miss)
422 silly packumentCache full:https://registry.npmjs.org/@babel%2fplugin-transform-export-namespace-from set size:undefined disposed:false
423 silly fetch manifest @babel/plugin-transform-modules-systemjs@^7.27.1
424 silly packumentCache full:https://registry.npmjs.org/@babel%2fplugin-transform-modules-systemjs cache-miss
425 http fetch GET 200 https://registry.npmjs.org/@babel%2fplugin-transform-literals 80ms (cache miss)
426 silly packumentCache full:https://registry.npmjs.org/@babel%2fplugin-transform-literals set size:undefined disposed:false
427 silly fetch manifest @babel/plugin-transform-modules-umd@^7.27.1
428 silly packumentCache full:https://registry.npmjs.org/@babel%2fplugin-transform-modules-umd cache-miss
429 http fetch GET 200 https://registry.npmjs.org/@babel%2fplugin-transform-exponentiation-operator 109ms (cache miss)
430 silly packumentCache full:https://registry.npmjs.org/@babel%2fplugin-transform-exponentiation-operator set size:undefined disposed:false
431 silly fetch manifest @babel/plugin-transform-named-capturing-groups-regex@^7.27.1
432 silly packumentCache full:https://registry.npmjs.org/@babel%2fplugin-transform-named-capturing-groups-regex cache-miss
433 http fetch GET 200 https://registry.npmjs.org/@babel%2fplugin-transform-member-expression-literals 74ms (cache miss)
434 silly packumentCache full:https://registry.npmjs.org/@babel%2fplugin-transform-member-expression-literals set size:undefined disposed:false
435 silly fetch manifest @babel/plugin-transform-new-target@^7.27.1
436 silly packumentCache full:https://registry.npmjs.org/@babel%2fplugin-transform-new-target cache-miss
437 http fetch GET 200 https://registry.npmjs.org/@babel%2fplugin-transform-logical-assignment-operators 91ms (cache miss)
438 silly packumentCache full:https://registry.npmjs.org/@babel%2fplugin-transform-logical-assignment-operators set size:undefined disposed:false
439 silly fetch manifest @babel/plugin-transform-nullish-coalescing-operator@^7.27.1
440 silly packumentCache full:https://registry.npmjs.org/@babel%2fplugin-transform-nullish-coalescing-operator cache-miss
441 http fetch GET 200 https://registry.npmjs.org/@babel%2fplugin-transform-modules-amd 53ms (cache miss)
442 silly packumentCache full:https://registry.npmjs.org/@babel%2fplugin-transform-modules-amd set size:undefined disposed:false
443 silly fetch manifest @babel/plugin-transform-numeric-separator@^7.27.1
444 silly packumentCache full:https://registry.npmjs.org/@babel%2fplugin-transform-numeric-separator cache-miss
445 http fetch GET 200 https://registry.npmjs.org/@babel%2fplugin-transform-named-capturing-groups-regex 91ms (cache miss)
446 silly packumentCache full:https://registry.npmjs.org/@babel%2fplugin-transform-named-capturing-groups-regex set size:undefined disposed:false
447 silly fetch manifest @babel/plugin-transform-object-rest-spread@^7.28.0
448 silly packumentCache full:https://registry.npmjs.org/@babel%2fplugin-transform-object-rest-spread cache-miss
449 http fetch GET 200 https://registry.npmjs.org/@babel%2fplugin-transform-numeric-separator 71ms (cache miss)
450 silly packumentCache full:https://registry.npmjs.org/@babel%2fplugin-transform-numeric-separator set size:undefined disposed:false
451 silly fetch manifest @babel/plugin-transform-object-super@^7.27.1
452 silly packumentCache full:https://registry.npmjs.org/@babel%2fplugin-transform-object-super cache-miss
453 http fetch GET 200 https://registry.npmjs.org/@babel%2fplugin-transform-modules-umd 96ms (cache miss)
454 silly packumentCache full:https://registry.npmjs.org/@babel%2fplugin-transform-modules-umd set size:undefined disposed:false
455 silly fetch manifest @babel/plugin-transform-optional-catch-binding@^7.27.1
456 silly packumentCache full:https://registry.npmjs.org/@babel%2fplugin-transform-optional-catch-binding cache-miss
457 http fetch GET 200 https://registry.npmjs.org/@babel%2fplugin-transform-new-target 93ms (cache miss)
458 silly packumentCache full:https://registry.npmjs.org/@babel%2fplugin-transform-new-target set size:undefined disposed:false
459 silly fetch manifest @babel/plugin-transform-optional-chaining@^7.27.1
460 silly packumentCache full:https://registry.npmjs.org/@babel%2fplugin-transform-optional-chaining cache-miss
461 http fetch GET 200 https://registry.npmjs.org/@babel%2fplugin-transform-modules-commonjs 122ms (cache miss)
462 silly packumentCache full:https://registry.npmjs.org/@babel%2fplugin-transform-modules-commonjs set size:undefined disposed:false
463 silly fetch manifest @babel/plugin-transform-parameters@^7.27.7
464 silly packumentCache full:https://registry.npmjs.org/@babel%2fplugin-transform-parameters cache-miss
465 http fetch GET 200 https://registry.npmjs.org/@babel%2fplugin-transform-for-of 191ms (cache miss)
466 silly packumentCache full:https://registry.npmjs.org/@babel%2fplugin-transform-for-of set size:undefined disposed:false
467 silly fetch manifest @babel/plugin-transform-private-methods@^7.27.1
468 silly packumentCache full:https://registry.npmjs.org/@babel%2fplugin-transform-private-methods cache-miss
469 http fetch GET 200 https://registry.npmjs.org/@babel%2fplugin-transform-nullish-coalescing-operator 84ms (cache miss)
470 silly packumentCache full:https://registry.npmjs.org/@babel%2fplugin-transform-nullish-coalescing-operator set size:undefined disposed:false
471 silly fetch manifest @babel/plugin-transform-private-property-in-object@^7.27.1
472 silly packumentCache full:https://registry.npmjs.org/@babel%2fplugin-transform-private-property-in-object cache-miss
473 http fetch GET 200 https://registry.npmjs.org/@babel%2fplugin-transform-modules-systemjs 113ms (cache miss)
474 silly packumentCache full:https://registry.npmjs.org/@babel%2fplugin-transform-modules-systemjs set size:undefined disposed:false
475 silly fetch manifest @babel/plugin-transform-property-literals@^7.27.1
476 silly packumentCache full:https://registry.npmjs.org/@babel%2fplugin-transform-property-literals cache-miss
477 http fetch GET 200 https://registry.npmjs.org/@babel%2fplugin-transform-duplicate-keys 288ms (cache miss)
478 silly packumentCache full:https://registry.npmjs.org/@babel%2fplugin-transform-duplicate-keys set size:undefined disposed:false
479 silly fetch manifest @babel/plugin-transform-regenerator@^7.28.3
480 silly packumentCache full:https://registry.npmjs.org/@babel%2fplugin-transform-regenerator cache-miss
481 http fetch GET 200 https://registry.npmjs.org/@babel%2fplugin-transform-private-methods 48ms (cache miss)
482 silly packumentCache full:https://registry.npmjs.org/@babel%2fplugin-transform-private-methods set size:undefined disposed:false
483 silly fetch manifest @babel/plugin-transform-regexp-modifiers@^7.27.1
484 silly packumentCache full:https://registry.npmjs.org/@babel%2fplugin-transform-regexp-modifiers cache-miss
485 http fetch GET 200 https://registry.npmjs.org/@babel%2fplugin-transform-optional-chaining 58ms (cache miss)
486 silly packumentCache full:https://registry.npmjs.org/@babel%2fplugin-transform-optional-chaining set size:undefined disposed:false
487 silly fetch manifest @babel/plugin-transform-reserved-words@^7.27.1
488 silly packumentCache full:https://registry.npmjs.org/@babel%2fplugin-transform-reserved-words cache-miss
489 http fetch GET 200 https://registry.npmjs.org/@babel%2fplugin-transform-private-property-in-object 55ms (cache miss)
490 silly packumentCache full:https://registry.npmjs.org/@babel%2fplugin-transform-private-property-in-object set size:undefined disposed:false
491 silly fetch manifest @babel/plugin-transform-shorthand-properties@^7.27.1
492 silly packumentCache full:https://registry.npmjs.org/@babel%2fplugin-transform-shorthand-properties cache-miss
493 http fetch GET 200 https://registry.npmjs.org/@babel%2fplugin-transform-optional-catch-binding 64ms (cache miss)
494 silly packumentCache full:https://registry.npmjs.org/@babel%2fplugin-transform-optional-catch-binding set size:undefined disposed:false
495 silly fetch manifest @babel/plugin-transform-spread@^7.27.1
496 silly packumentCache full:https://registry.npmjs.org/@babel%2fplugin-transform-spread cache-miss
497 http fetch GET 200 https://registry.npmjs.org/@babel%2fplugin-transform-property-literals 66ms (cache miss)
498 silly packumentCache full:https://registry.npmjs.org/@babel%2fplugin-transform-property-literals set size:undefined disposed:false
499 silly fetch manifest @babel/plugin-transform-sticky-regex@^7.27.1
500 silly packumentCache full:https://registry.npmjs.org/@babel%2fplugin-transform-sticky-regex cache-miss
501 http fetch GET 200 https://registry.npmjs.org/@babel%2fplugin-transform-parameters 82ms (cache miss)
502 silly packumentCache full:https://registry.npmjs.org/@babel%2fplugin-transform-parameters set size:undefined disposed:false
503 silly fetch manifest @babel/plugin-transform-template-literals@^7.27.1
504 silly packumentCache full:https://registry.npmjs.org/@babel%2fplugin-transform-template-literals cache-miss
505 http fetch GET 200 https://registry.npmjs.org/@babel%2fplugin-transform-regenerator 66ms (cache miss)
506 silly packumentCache full:https://registry.npmjs.org/@babel%2fplugin-transform-regenerator set size:undefined disposed:false
507 silly fetch manifest @babel/plugin-transform-typeof-symbol@^7.27.1
508 silly packumentCache full:https://registry.npmjs.org/@babel%2fplugin-transform-typeof-symbol cache-miss
509 http fetch GET 200 https://registry.npmjs.org/@babel%2fplugin-transform-regexp-modifiers 51ms (cache miss)
510 silly packumentCache full:https://registry.npmjs.org/@babel%2fplugin-transform-regexp-modifiers set size:undefined disposed:false
511 silly fetch manifest @babel/plugin-transform-unicode-escapes@^7.27.1
512 silly packumentCache full:https://registry.npmjs.org/@babel%2fplugin-transform-unicode-escapes cache-miss
513 http fetch GET 200 https://registry.npmjs.org/@babel%2fplugin-transform-object-super 123ms (cache miss)
514 silly packumentCache full:https://registry.npmjs.org/@babel%2fplugin-transform-object-super set size:undefined disposed:false
515 silly fetch manifest @babel/plugin-transform-unicode-property-regex@^7.27.1
516 silly packumentCache full:https://registry.npmjs.org/@babel%2fplugin-transform-unicode-property-regex cache-miss
517 http fetch GET 200 https://registry.npmjs.org/@babel%2fplugin-transform-reserved-words 83ms (cache miss)
518 silly packumentCache full:https://registry.npmjs.org/@babel%2fplugin-transform-reserved-words set size:undefined disposed:false
519 silly fetch manifest @babel/plugin-transform-unicode-regex@^7.27.1
520 silly packumentCache full:https://registry.npmjs.org/@babel%2fplugin-transform-unicode-regex cache-miss
521 http fetch GET 200 https://registry.npmjs.org/@babel%2fplugin-transform-shorthand-properties 82ms (cache miss)
522 silly packumentCache full:https://registry.npmjs.org/@babel%2fplugin-transform-shorthand-properties set size:undefined disposed:false
523 silly fetch manifest @babel/plugin-transform-unicode-sets-regex@^7.27.1
524 silly packumentCache full:https://registry.npmjs.org/@babel%2fplugin-transform-unicode-sets-regex cache-miss
525 http fetch GET 200 https://registry.npmjs.org/@babel%2fplugin-transform-spread 81ms (cache miss)
526 silly packumentCache full:https://registry.npmjs.org/@babel%2fplugin-transform-spread set size:undefined disposed:false
527 silly fetch manifest @babel/preset-modules@0.1.6-no-external-plugins
528 silly packumentCache full:https://registry.npmjs.org/@babel%2fpreset-modules cache-miss
529 http fetch GET 200 https://registry.npmjs.org/@babel%2fplugin-transform-sticky-regex 70ms (cache miss)
530 silly packumentCache full:https://registry.npmjs.org/@babel%2fplugin-transform-sticky-regex set size:undefined disposed:false
531 silly fetch manifest babel-plugin-polyfill-corejs2@^0.4.14
532 silly packumentCache full:https://registry.npmjs.org/babel-plugin-polyfill-corejs2 cache-miss
533 http fetch GET 200 https://registry.npmjs.org/@babel%2fplugin-transform-object-rest-spread 157ms (cache miss)
534 silly packumentCache full:https://registry.npmjs.org/@babel%2fplugin-transform-object-rest-spread set size:undefined disposed:false
535 silly fetch manifest babel-plugin-polyfill-corejs3@^0.13.0
536 silly packumentCache full:https://registry.npmjs.org/babel-plugin-polyfill-corejs3 cache-miss
537 http fetch GET 200 https://registry.npmjs.org/@babel%2fplugin-transform-unicode-escapes 60ms (cache miss)
538 silly packumentCache full:https://registry.npmjs.org/@babel%2fplugin-transform-unicode-escapes set size:undefined disposed:false
539 silly fetch manifest babel-plugin-polyfill-regenerator@^0.6.5
540 silly packumentCache full:https://registry.npmjs.org/babel-plugin-polyfill-regenerator cache-miss
541 http fetch GET 200 https://registry.npmjs.org/@babel%2fplugin-transform-template-literals 78ms (cache miss)
542 silly packumentCache full:https://registry.npmjs.org/@babel%2fplugin-transform-template-literals set size:undefined disposed:false
543 silly fetch manifest core-js-compat@^3.43.0
544 silly packumentCache full:https://registry.npmjs.org/core-js-compat cache-miss
545 http fetch GET 200 https://registry.npmjs.org/@babel%2fplugin-transform-unicode-regex 60ms (cache miss)
546 silly packumentCache full:https://registry.npmjs.org/@babel%2fplugin-transform-unicode-regex set size:undefined disposed:false
547 silly fetch manifest merge-options@^3.0.4
548 silly packumentCache full:https://registry.npmjs.org/merge-options cache-miss
549 http fetch GET 200 https://registry.npmjs.org/@babel%2fpreset-modules 81ms (cache miss)
550 silly packumentCache full:https://registry.npmjs.org/@babel%2fpreset-modules set size:undefined disposed:false
551 silly fetch manifest ws@^6.2.3
552 silly packumentCache full:https://registry.npmjs.org/ws cache-miss
553 http fetch GET 200 https://registry.npmjs.org/core-js-compat 62ms (cache miss)
554 silly packumentCache full:https://registry.npmjs.org/core-js-compat set size:undefined disposed:false
555 silly fetch manifest glob@^7.1.1
556 silly packumentCache full:https://registry.npmjs.org/glob cache-miss
557 http fetch GET 200 https://registry.npmjs.org/babel-plugin-polyfill-regenerator 68ms (cache miss)
558 silly packumentCache full:https://registry.npmjs.org/babel-plugin-polyfill-regenerator set size:undefined disposed:false
559 silly fetch manifest anser@^1.4.9
560 silly packumentCache full:https://registry.npmjs.org/anser cache-miss
561 http fetch GET 200 https://registry.npmjs.org/@babel%2fplugin-transform-unicode-sets-regex 90ms (cache miss)
562 silly packumentCache full:https://registry.npmjs.org/@babel%2fplugin-transform-unicode-sets-regex set size:undefined disposed:false
563 silly fetch manifest chalk@^4.0.0
564 silly packumentCache full:https://registry.npmjs.org/chalk cache-miss
565 http fetch GET 200 https://registry.npmjs.org/babel-plugin-polyfill-corejs2 86ms (cache miss)
566 silly packumentCache full:https://registry.npmjs.org/babel-plugin-polyfill-corejs2 set size:undefined disposed:false
567 silly fetch manifest yargs@^17.6.2
568 silly packumentCache full:https://registry.npmjs.org/yargs cache-miss
569 http fetch GET 200 https://registry.npmjs.org/@babel%2fplugin-transform-unicode-property-regex 116ms (cache miss)
570 silly packumentCache full:https://registry.npmjs.org/@babel%2fplugin-transform-unicode-property-regex set size:undefined disposed:false
571 silly fetch manifest semver@^7.1.3
572 silly packumentCache full:https://registry.npmjs.org/semver cache-miss
573 http fetch GET 200 https://registry.npmjs.org/@babel%2fplugin-transform-typeof-symbol 144ms (cache miss)
574 silly packumentCache full:https://registry.npmjs.org/@babel%2fplugin-transform-typeof-symbol set size:undefined disposed:false
575 silly fetch manifest promise@^8.3.0
576 silly packumentCache full:https://registry.npmjs.org/promise cache-miss
577 http cache https://registry.npmjs.org/semver 5ms (cache hit)
578 silly packumentCache full:https://registry.npmjs.org/semver set size:224186 disposed:false
579 silly fetch manifest base64-js@^1.5.1
580 silly packumentCache full:https://registry.npmjs.org/base64-js cache-miss
581 http fetch GET 200 https://registry.npmjs.org/babel-plugin-polyfill-corejs3 105ms (cache miss)
582 silly packumentCache full:https://registry.npmjs.org/babel-plugin-polyfill-corejs3 set size:undefined disposed:false
583 silly fetch manifest commander@^12.0.0
584 silly packumentCache full:https://registry.npmjs.org/commander cache-miss
585 http fetch GET 200 https://registry.npmjs.org/glob 51ms (cache miss)
586 silly packumentCache full:https://registry.npmjs.org/glob set size:undefined disposed:false
587 silly fetch manifest scheduler@0.26.0
588 silly packumentCache full:https://registry.npmjs.org/scheduler cache-miss
589 http fetch GET 200 https://registry.npmjs.org/merge-options 80ms (cache miss)
590 silly packumentCache full:https://registry.npmjs.org/merge-options set size:undefined disposed:false
591 silly fetch manifest ansi-regex@^5.0.0
592 silly packumentCache full:https://registry.npmjs.org/ansi-regex cache-miss
593 http fetch GET 200 https://registry.npmjs.org/anser 57ms (cache miss)
594 silly packumentCache full:https://registry.npmjs.org/anser set size:undefined disposed:false
595 silly fetch manifest babel-jest@^29.7.0
596 silly packumentCache full:https://registry.npmjs.org/babel-jest cache-miss
597 http fetch GET 200 https://registry.npmjs.org/chalk 56ms (cache miss)
598 silly packumentCache full:https://registry.npmjs.org/chalk set size:undefined disposed:false
599 silly fetch manifest nullthrows@^1.1.1
600 silly packumentCache full:https://registry.npmjs.org/nullthrows cache-miss
601 http fetch GET 200 https://registry.npmjs.org/ws 69ms (cache miss)
602 silly packumentCache full:https://registry.npmjs.org/ws set size:undefined disposed:false
603 silly fetch manifest memoize-one@^5.0.0
604 silly packumentCache full:https://registry.npmjs.org/memoize-one cache-miss
605 http fetch GET 200 https://registry.npmjs.org/base64-js 58ms (cache miss)
606 silly packumentCache full:https://registry.npmjs.org/base64-js set size:undefined disposed:false
607 silly fetch manifest whatwg-fetch@^3.0.0
608 silly packumentCache full:https://registry.npmjs.org/whatwg-fetch cache-miss
609 http fetch GET 200 https://registry.npmjs.org/promise 69ms (cache miss)
610 silly packumentCache full:https://registry.npmjs.org/promise set size:undefined disposed:false
611 silly fetch manifest metro-runtime@^0.82.2
612 silly packumentCache full:https://registry.npmjs.org/metro-runtime cache-miss
613 http fetch GET 200 https://registry.npmjs.org/yargs 76ms (cache miss)
614 silly packumentCache full:https://registry.npmjs.org/yargs set size:undefined disposed:false
615 silly fetch manifest pretty-format@^29.7.0
616 silly packumentCache full:https://registry.npmjs.org/pretty-format cache-miss
617 http fetch GET 200 https://registry.npmjs.org/commander 60ms (cache miss)
618 silly packumentCache full:https://registry.npmjs.org/commander set size:undefined disposed:false
619 silly fetch manifest react-refresh@^0.14.0
620 silly packumentCache full:https://registry.npmjs.org/react-refresh cache-miss
621 http fetch GET 200 https://registry.npmjs.org/ansi-regex 40ms (cache miss)
622 silly packumentCache full:https://registry.npmjs.org/ansi-regex set size:undefined disposed:false
623 silly fetch manifest abort-controller@^3.0.0
624 silly packumentCache full:https://registry.npmjs.org/abort-controller cache-miss
625 http fetch GET 200 https://registry.npmjs.org/nullthrows 68ms (cache miss)
626 silly packumentCache full:https://registry.npmjs.org/nullthrows set size:undefined disposed:false
627 silly fetch manifest metro-source-map@^0.82.2
628 silly packumentCache full:https://registry.npmjs.org/metro-source-map cache-miss
629 http fetch GET 200 https://registry.npmjs.org/whatwg-fetch 60ms (cache miss)
630 silly packumentCache full:https://registry.npmjs.org/whatwg-fetch set size:undefined disposed:false
631 silly fetch manifest stacktrace-parser@^0.1.10
632 silly packumentCache full:https://registry.npmjs.org/stacktrace-parser cache-miss
633 http fetch GET 200 https://registry.npmjs.org/memoize-one 69ms (cache miss)
634 silly packumentCache full:https://registry.npmjs.org/memoize-one set size:undefined disposed:false
635 silly fetch manifest flow-enums-runtime@^0.0.6
636 silly packumentCache full:https://registry.npmjs.org/flow-enums-runtime cache-miss
637 http fetch GET 200 https://registry.npmjs.org/babel-jest 82ms (cache miss)
638 silly packumentCache full:https://registry.npmjs.org/babel-jest set size:undefined disposed:false
639 silly fetch manifest react-devtools-core@^6.1.1
640 silly packumentCache full:https://registry.npmjs.org/react-devtools-core cache-miss
641 http fetch GET 200 https://registry.npmjs.org/abort-controller 68ms (cache miss)
642 silly packumentCache full:https://registry.npmjs.org/abort-controller set size:undefined disposed:false
643 silly fetch manifest regenerator-runtime@^0.13.2
644 silly packumentCache full:https://registry.npmjs.org/regenerator-runtime cache-miss
645 http fetch GET 200 https://registry.npmjs.org/metro-runtime 87ms (cache miss)
646 silly packumentCache full:https://registry.npmjs.org/metro-runtime set size:undefined disposed:false
647 silly fetch manifest @react-native/codegen@0.80.0
648 silly packumentCache full:https://registry.npmjs.org/@react-native%2fcodegen cache-miss
649 http fetch GET 200 https://registry.npmjs.org/pretty-format 83ms (cache miss)
650 silly packumentCache full:https://registry.npmjs.org/pretty-format set size:undefined disposed:false
651 silly fetch manifest jest-environment-node@^29.7.0
652 silly packumentCache full:https://registry.npmjs.org/jest-environment-node cache-miss
653 http fetch GET 200 https://registry.npmjs.org/scheduler 133ms (cache miss)
654 silly packumentCache full:https://registry.npmjs.org/scheduler set size:undefined disposed:false
655 silly fetch manifest @react-native/js-polyfills@0.80.0
656 silly packumentCache full:https://registry.npmjs.org/@react-native%2fjs-polyfills cache-miss
657 http fetch GET 200 https://registry.npmjs.org/flow-enums-runtime 67ms (cache miss)
658 silly packumentCache full:https://registry.npmjs.org/flow-enums-runtime set size:undefined disposed:false
659 silly fetch manifest @react-native/gradle-plugin@0.80.0
660 silly packumentCache full:https://registry.npmjs.org/@react-native%2fgradle-plugin cache-miss
661 http fetch GET 200 https://registry.npmjs.org/metro-source-map 87ms (cache miss)
662 silly packumentCache full:https://registry.npmjs.org/metro-source-map set size:undefined disposed:false
663 silly fetch manifest @react-native/assets-registry@0.80.0
664 silly packumentCache full:https://registry.npmjs.org/@react-native%2fassets-registry cache-miss
665 http fetch GET 200 https://registry.npmjs.org/react-devtools-core 78ms (cache miss)
666 silly packumentCache full:https://registry.npmjs.org/react-devtools-core set size:undefined disposed:false
667 silly fetch manifest @react-native/normalize-colors@0.80.0
668 silly packumentCache full:https://registry.npmjs.org/@react-native%2fnormalize-colors cache-miss
669 http fetch GET 200 https://registry.npmjs.org/regenerator-runtime 62ms (cache miss)
670 silly packumentCache full:https://registry.npmjs.org/regenerator-runtime set size:undefined disposed:false
671 silly fetch manifest @jest/create-cache-key-function@^29.7.0
672 silly packumentCache full:https://registry.npmjs.org/@jest%2fcreate-cache-key-function cache-miss
673 http fetch GET 200 https://registry.npmjs.org/jest-environment-node 67ms (cache miss)
674 silly packumentCache full:https://registry.npmjs.org/jest-environment-node set size:undefined disposed:false
675 silly fetch manifest @react-native/virtualized-lists@0.80.0
676 silly packumentCache full:https://registry.npmjs.org/@react-native%2fvirtualized-lists cache-miss
677 http fetch GET 200 https://registry.npmjs.org/stacktrace-parser 211ms (cache miss)
678 silly packumentCache full:https://registry.npmjs.org/stacktrace-parser set size:undefined disposed:false
679 silly fetch manifest babel-plugin-syntax-hermes-parser@0.28.1
680 silly packumentCache full:https://registry.npmjs.org/babel-plugin-syntax-hermes-parser cache-miss
681 http fetch GET 200 https://registry.npmjs.org/@react-native%2fcodegen 203ms (cache miss)
682 silly packumentCache full:https://registry.npmjs.org/@react-native%2fcodegen set size:undefined disposed:false
683 silly fetch manifest @react-native/community-cli-plugin@0.80.0
684 silly packumentCache full:https://registry.npmjs.org/@react-native%2fcommunity-cli-plugin cache-miss
685 http fetch GET 200 https://registry.npmjs.org/@react-native%2fjs-polyfills 197ms (cache miss)
686 silly packumentCache full:https://registry.npmjs.org/@react-native%2fjs-polyfills set size:undefined disposed:false
687 silly fetch manifest @react-native-community/cli-clean@20.0.1
688 silly packumentCache full:https://registry.npmjs.org/@react-native-community%2fcli-clean cache-miss
689 http fetch GET 200 https://registry.npmjs.org/@react-native%2fgradle-plugin 216ms (cache miss)
690 silly packumentCache full:https://registry.npmjs.org/@react-native%2fgradle-plugin set size:undefined disposed:false
691 silly fetch manifest @react-native-community/cli-config@20.0.1
692 silly packumentCache full:https://registry.npmjs.org/@react-native-community%2fcli-config cache-miss
693 http fetch GET 200 https://registry.npmjs.org/@jest%2fcreate-cache-key-function 211ms (cache miss)
694 silly packumentCache full:https://registry.npmjs.org/@jest%2fcreate-cache-key-function set size:undefined disposed:false
695 silly fetch manifest @react-native-community/cli-doctor@20.0.1
696 silly packumentCache full:https://registry.npmjs.org/@react-native-community%2fcli-doctor cache-miss
697 http fetch GET 200 https://registry.npmjs.org/babel-plugin-syntax-hermes-parser 103ms (cache miss)
698 silly packumentCache full:https://registry.npmjs.org/babel-plugin-syntax-hermes-parser set size:undefined disposed:false
699 silly fetch manifest @react-native-community/cli-server-api@20.0.1
700 silly packumentCache full:https://registry.npmjs.org/@react-native-community%2fcli-server-api cache-miss
701 http fetch GET 200 https://registry.npmjs.org/@react-native%2fvirtualized-lists 241ms (cache miss)
702 silly packumentCache full:https://registry.npmjs.org/@react-native%2fvirtualized-lists set size:undefined disposed:false
703 silly fetch manifest @react-native-community/cli-tools@20.0.1
704 silly packumentCache full:https://registry.npmjs.org/@react-native-community%2fcli-tools cache-miss
705 http fetch GET 200 https://registry.npmjs.org/@react-native-community%2fcli-clean 98ms (cache miss)
706 silly packumentCache full:https://registry.npmjs.org/@react-native-community%2fcli-clean set size:undefined disposed:false
707 silly fetch manifest @react-native-community/cli-types@20.0.1
708 silly packumentCache full:https://registry.npmjs.org/@react-native-community%2fcli-types cache-miss
709 http fetch GET 200 https://registry.npmjs.org/@react-native%2fcommunity-cli-plugin 126ms (cache miss)
710 silly packumentCache full:https://registry.npmjs.org/@react-native%2fcommunity-cli-plugin set size:undefined disposed:false
711 silly fetch manifest chalk@^4.1.2
712 silly packumentCache full:https://registry.npmjs.org/chalk cache-miss
713 http fetch GET 200 https://registry.npmjs.org/react-refresh 427ms (cache miss)
714 silly packumentCache full:https://registry.npmjs.org/react-refresh set size:undefined disposed:false
715 silly fetch manifest commander@^9.4.1
716 silly packumentCache full:https://registry.npmjs.org/commander cache-miss
717 http cache https://registry.npmjs.org/chalk 65ms (cache hit)
718 silly packumentCache full:https://registry.npmjs.org/chalk set size:127489 disposed:false
719 silly fetch manifest deepmerge@^4.3.0
720 silly packumentCache full:https://registry.npmjs.org/deepmerge cache-miss
721 http cache https://registry.npmjs.org/commander 34ms (cache hit)
722 silly packumentCache full:https://registry.npmjs.org/commander set size:339973 disposed:false
723 silly fetch manifest execa@^5.0.0
724 silly packumentCache full:https://registry.npmjs.org/execa cache-miss
725 http fetch GET 200 https://registry.npmjs.org/@react-native%2fassets-registry 366ms (cache miss)
726 silly packumentCache full:https://registry.npmjs.org/@react-native%2fassets-registry set size:undefined disposed:false
727 silly fetch manifest find-up@^5.0.0
728 silly packumentCache full:https://registry.npmjs.org/find-up cache-miss
729 http fetch GET 200 https://registry.npmjs.org/@react-native%2fnormalize-colors 373ms (cache miss)
730 silly packumentCache full:https://registry.npmjs.org/@react-native%2fnormalize-colors set size:undefined disposed:false
731 silly fetch manifest fs-extra@^8.1.0
732 silly packumentCache full:https://registry.npmjs.org/fs-extra cache-miss
733 http fetch GET 200 https://registry.npmjs.org/@react-native-community%2fcli-server-api 153ms (cache miss)
734 silly packumentCache full:https://registry.npmjs.org/@react-native-community%2fcli-server-api set size:undefined disposed:false
735 silly fetch manifest graceful-fs@^4.1.3
736 silly packumentCache full:https://registry.npmjs.org/graceful-fs cache-miss
737 http fetch GET 200 https://registry.npmjs.org/@react-native-community%2fcli-tools 119ms (cache miss)
738 silly packumentCache full:https://registry.npmjs.org/@react-native-community%2fcli-tools set size:undefined disposed:false
739 silly fetch manifest prompts@^2.4.2
740 silly packumentCache full:https://registry.npmjs.org/prompts cache-miss
741 http fetch GET 200 https://registry.npmjs.org/@react-native-community%2fcli-config 183ms (cache miss)
742 silly packumentCache full:https://registry.npmjs.org/@react-native-community%2fcli-config set size:undefined disposed:false
743 silly fetch manifest semver@^7.5.2
744 silly packumentCache full:https://registry.npmjs.org/semver cache-hit
745 silly fetch manifest execa@^5.0.0
746 silly packumentCache full:https://registry.npmjs.org/execa cache-miss
747 http fetch GET 200 https://registry.npmjs.org/deepmerge 48ms (cache miss)
748 silly packumentCache full:https://registry.npmjs.org/deepmerge set size:undefined disposed:false
749 silly fetch manifest logkitty@^0.7.1
750 silly packumentCache full:https://registry.npmjs.org/logkitty cache-miss
751 http fetch GET 200 https://registry.npmjs.org/@react-native-community%2fcli-types 137ms (cache miss)
752 silly packumentCache full:https://registry.npmjs.org/@react-native-community%2fcli-types set size:undefined disposed:false
753 silly fetch manifest @react-native-community/cli-tools@18.0.0
754 silly packumentCache full:https://registry.npmjs.org/@react-native-community%2fcli-tools cache-miss
755 http cache https://registry.npmjs.org/@react-native-community%2fcli-tools 14ms (cache hit)
756 silly packumentCache full:https://registry.npmjs.org/@react-native-community%2fcli-tools set size:693618 disposed:false
757 silly fetch manifest @react-native-community/cli-config-android@18.0.0
758 silly packumentCache full:https://registry.npmjs.org/@react-native-community%2fcli-config-android cache-miss
759 http fetch GET 200 https://registry.npmjs.org/find-up 65ms (cache miss)
760 silly packumentCache full:https://registry.npmjs.org/find-up set size:undefined disposed:false
761 silly fetch manifest @react-native-community/cli-platform-apple@18.0.0
762 silly packumentCache full:https://registry.npmjs.org/@react-native-community%2fcli-platform-apple cache-miss
763 http fetch GET 200 https://registry.npmjs.org/@react-native-community%2fcli-doctor 218ms (cache miss)
764 silly packumentCache full:https://registry.npmjs.org/@react-native-community%2fcli-doctor set size:undefined disposed:false
765 silly fetch manifest @babel/template@^7.25.0
766 silly packumentCache full:https://registry.npmjs.org/@babel%2ftemplate cache-miss
767 http fetch GET 200 https://registry.npmjs.org/graceful-fs 60ms (cache miss)
768 silly packumentCache full:https://registry.npmjs.org/graceful-fs set size:undefined disposed:false
769 silly fetch manifest @babel/plugin-transform-for-of@^7.24.7
770 silly packumentCache full:https://registry.npmjs.org/@babel%2fplugin-transform-for-of cache-miss
771 http fetch GET 200 https://registry.npmjs.org/fs-extra 67ms (cache miss)
772 silly packumentCache full:https://registry.npmjs.org/fs-extra set size:undefined disposed:false
773 silly fetch manifest @babel/plugin-transform-spread@^7.24.7
774 silly packumentCache full:https://registry.npmjs.org/@babel%2fplugin-transform-spread cache-miss
775 http fetch GET 200 https://registry.npmjs.org/prompts 63ms (cache miss)
776 silly packumentCache full:https://registry.npmjs.org/prompts set size:undefined disposed:false
777 silly fetch manifest @babel/plugin-transform-classes@^7.25.4
778 silly packumentCache full:https://registry.npmjs.org/@babel%2fplugin-transform-classes cache-miss
779 http cache https://registry.npmjs.org/@babel%2ftemplate 17ms (cache hit)
780 silly packumentCache full:https://registry.npmjs.org/@babel%2ftemplate set size:213898 disposed:false
781 silly fetch manifest @babel/plugin-transform-runtime@^7.24.7
782 silly packumentCache full:https://registry.npmjs.org/@babel%2fplugin-transform-runtime cache-miss
783 http fetch GET 200 https://registry.npmjs.org/execa 67ms (cache miss)
784 silly packumentCache full:https://registry.npmjs.org/execa set size:undefined disposed:false
785 silly fetch manifest @babel/plugin-transform-literals@^7.25.2
786 silly packumentCache full:https://registry.npmjs.org/@babel%2fplugin-transform-literals cache-miss
787 http cache https://registry.npmjs.org/@babel%2fplugin-transform-for-of 16ms (cache hit)
788 silly packumentCache full:https://registry.npmjs.org/@babel%2fplugin-transform-for-of set size:220460 disposed:false
789 silly fetch manifest @babel/plugin-transform-react-jsx@^7.25.2
790 silly packumentCache full:https://registry.npmjs.org/@babel%2fplugin-transform-react-jsx cache-miss
791 http fetch GET 200 https://registry.npmjs.org/execa 97ms (cache miss)
792 silly packumentCache full:https://registry.npmjs.org/execa set size:undefined disposed:false
793 silly fetch manifest babel-plugin-syntax-hermes-parser@0.25.1
794 silly packumentCache full:https://registry.npmjs.org/babel-plugin-syntax-hermes-parser cache-miss
795 http cache https://registry.npmjs.org/@babel%2fplugin-transform-spread 16ms (cache hit)
796 silly packumentCache full:https://registry.npmjs.org/@babel%2fplugin-transform-spread set size:205396 disposed:false
797 silly fetch manifest babel-plugin-transform-flow-enums@^0.0.2
798 silly packumentCache full:https://registry.npmjs.org/babel-plugin-transform-flow-enums cache-miss
799 http cache https://registry.npmjs.org/@babel%2fplugin-transform-classes 16ms (cache hit)
800 silly packumentCache full:https://registry.npmjs.org/@babel%2fplugin-transform-classes set size:308681 disposed:false
801 silly fetch manifest @babel/plugin-transform-parameters@^7.24.7
802 silly packumentCache full:https://registry.npmjs.org/@babel%2fplugin-transform-parameters cache-miss
803 http fetch GET 200 https://registry.npmjs.org/logkitty 63ms (cache miss)
804 silly packumentCache full:https://registry.npmjs.org/logkitty set size:undefined disposed:false
805 silly fetch manifest @babel/plugin-transform-typescript@^7.25.2
806 silly packumentCache full:https://registry.npmjs.org/@babel%2fplugin-transform-typescript cache-miss
807 http cache https://registry.npmjs.org/@babel%2fplugin-transform-literals 11ms (cache hit)
808 silly packumentCache full:https://registry.npmjs.org/@babel%2fplugin-transform-literals set size:182978 disposed:false
809 silly fetch manifest @react-native/babel-plugin-codegen@0.79.3
810 silly packumentCache full:https://registry.npmjs.org/@react-native%2fbabel-plugin-codegen cache-miss
811 http cache https://registry.npmjs.org/babel-plugin-syntax-hermes-parser 11ms (cache hit)
812 silly packumentCache full:https://registry.npmjs.org/babel-plugin-syntax-hermes-parser set size:83682 disposed:false
813 silly fetch manifest @babel/plugin-syntax-dynamic-import@^7.8.3
814 silly packumentCache full:https://registry.npmjs.org/@babel%2fplugin-syntax-dynamic-import cache-miss
815 http cache https://registry.npmjs.org/@babel%2fplugin-transform-parameters 8ms (cache hit)
816 silly packumentCache full:https://registry.npmjs.org/@babel%2fplugin-transform-parameters set size:256981 disposed:false
817 silly fetch manifest @babel/plugin-transform-regenerator@^7.24.7
818 silly packumentCache full:https://registry.npmjs.org/@babel%2fplugin-transform-regenerator cache-miss
819 http cache https://registry.npmjs.org/@babel%2fplugin-transform-regenerator 3ms (cache hit)
820 silly packumentCache full:https://registry.npmjs.org/@babel%2fplugin-transform-regenerator set size:241190 disposed:false
821 silly fetch manifest @babel/plugin-transform-sticky-regex@^7.24.7
822 silly packumentCache full:https://registry.npmjs.org/@babel%2fplugin-transform-sticky-regex cache-miss
823 http cache https://registry.npmjs.org/@babel%2fplugin-transform-sticky-regex 6ms (cache hit)
824 silly packumentCache full:https://registry.npmjs.org/@babel%2fplugin-transform-sticky-regex set size:182184 disposed:false
825 silly fetch manifest @babel/plugin-transform-block-scoping@^7.25.0
826 silly packumentCache full:https://registry.npmjs.org/@babel%2fplugin-transform-block-scoping cache-miss
827 http cache https://registry.npmjs.org/@babel%2fplugin-transform-block-scoping 3ms (cache hit)
828 silly packumentCache full:https://registry.npmjs.org/@babel%2fplugin-transform-block-scoping set size:294227 disposed:false
829 silly fetch manifest @babel/plugin-transform-destructuring@^7.24.8
830 silly packumentCache full:https://registry.npmjs.org/@babel%2fplugin-transform-destructuring cache-miss
831 http cache https://registry.npmjs.org/@babel%2fplugin-transform-destructuring 7ms (cache hit)
832 silly packumentCache full:https://registry.npmjs.org/@babel%2fplugin-transform-destructuring set size:274214 disposed:false
833 silly fetch manifest @babel/plugin-transform-function-name@^7.25.1
834 silly packumentCache full:https://registry.npmjs.org/@babel%2fplugin-transform-function-name cache-miss
835 http fetch GET 200 https://registry.npmjs.org/@react-native-community%2fcli-platform-apple 67ms (cache miss)
836 silly packumentCache full:https://registry.npmjs.org/@react-native-community%2fcli-platform-apple set size:undefined disposed:false
837 silly fetch manifest @babel/plugin-transform-unicode-regex@^7.24.7
838 silly packumentCache full:https://registry.npmjs.org/@babel%2fplugin-transform-unicode-regex cache-miss
839 http cache https://registry.npmjs.org/@babel%2fplugin-transform-function-name 6ms (cache hit)
840 silly packumentCache full:https://registry.npmjs.org/@babel%2fplugin-transform-function-name set size:204048 disposed:false
841 silly fetch manifest @babel/plugin-syntax-optional-chaining@^7.8.3
842 silly packumentCache full:https://registry.npmjs.org/@babel%2fplugin-syntax-optional-chaining cache-miss
843 http cache https://registry.npmjs.org/@babel%2fplugin-transform-unicode-regex 8ms (cache hit)
844 silly packumentCache full:https://registry.npmjs.org/@babel%2fplugin-transform-unicode-regex set size:194827 disposed:false
845 silly fetch manifest @babel/plugin-transform-react-jsx-self@^7.24.7
846 silly packumentCache full:https://registry.npmjs.org/@babel%2fplugin-transform-react-jsx-self cache-miss
847 http fetch GET 200 https://registry.npmjs.org/babel-plugin-transform-flow-enums 48ms (cache miss)
848 silly packumentCache full:https://registry.npmjs.org/babel-plugin-transform-flow-enums set size:undefined disposed:false
849 silly fetch manifest @babel/plugin-transform-arrow-functions@^7.24.7
850 silly packumentCache full:https://registry.npmjs.org/@babel%2fplugin-transform-arrow-functions cache-miss
851 http cache https://registry.npmjs.org/@babel%2fplugin-transform-arrow-functions 2ms (cache hit)
852 silly packumentCache full:https://registry.npmjs.org/@babel%2fplugin-transform-arrow-functions set size:192792 disposed:false
853 silly fetch manifest @babel/plugin-transform-private-methods@^7.24.7
854 silly packumentCache full:https://registry.npmjs.org/@babel%2fplugin-transform-private-methods cache-miss
855 http cache https://registry.npmjs.org/@babel%2fplugin-transform-private-methods 3ms (cache hit)
856 silly packumentCache full:https://registry.npmjs.org/@babel%2fplugin-transform-private-methods set size:63408 disposed:false
857 silly fetch manifest @babel/plugin-syntax-export-default-from@^7.24.7
858 silly packumentCache full:https://registry.npmjs.org/@babel%2fplugin-syntax-export-default-from cache-miss
859 http fetch GET 200 https://registry.npmjs.org/@react-native-community%2fcli-config-android 98ms (cache miss)
860 silly packumentCache full:https://registry.npmjs.org/@react-native-community%2fcli-config-android set size:undefined disposed:false
861 silly fetch manifest @babel/plugin-transform-class-properties@^7.25.4
862 silly packumentCache full:https://registry.npmjs.org/@babel%2fplugin-transform-class-properties cache-miss
863 http cache https://registry.npmjs.org/@babel%2fplugin-transform-class-properties 3ms (cache hit)
864 silly packumentCache full:https://registry.npmjs.org/@babel%2fplugin-transform-class-properties set size:65872 disposed:false
865 silly fetch manifest @babel/plugin-transform-flow-strip-types@^7.25.2
866 silly packumentCache full:https://registry.npmjs.org/@babel%2fplugin-transform-flow-strip-types cache-miss
867 http fetch GET 200 https://registry.npmjs.org/@babel%2fplugin-transform-typescript 73ms (cache miss)
868 silly packumentCache full:https://registry.npmjs.org/@babel%2fplugin-transform-typescript set size:undefined disposed:false
869 silly fetch manifest @babel/plugin-transform-modules-commonjs@^7.24.8
870 silly packumentCache full:https://registry.npmjs.org/@babel%2fplugin-transform-modules-commonjs cache-miss
871 http cache https://registry.npmjs.org/@babel%2fplugin-transform-modules-commonjs 3ms (cache hit)
872 silly packumentCache full:https://registry.npmjs.org/@babel%2fplugin-transform-modules-commonjs set size:284447 disposed:false
873 silly fetch manifest @babel/plugin-transform-react-jsx-source@^7.24.7
874 silly packumentCache full:https://registry.npmjs.org/@babel%2fplugin-transform-react-jsx-source cache-miss
875 http fetch GET 200 https://registry.npmjs.org/@babel%2fplugin-transform-react-jsx-self 53ms (cache miss)
876 silly packumentCache full:https://registry.npmjs.org/@babel%2fplugin-transform-react-jsx-self set size:undefined disposed:false
877 silly fetch manifest @babel/plugin-transform-numeric-separator@^7.24.7
878 silly packumentCache full:https://registry.npmjs.org/@babel%2fplugin-transform-numeric-separator cache-miss
879 http fetch GET 200 https://registry.npmjs.org/@babel%2fplugin-syntax-dynamic-import 94ms (cache miss)
880 silly packumentCache full:https://registry.npmjs.org/@babel%2fplugin-syntax-dynamic-import set size:undefined disposed:false
881 silly fetch manifest @babel/plugin-transform-optional-chaining@^7.24.8
882 silly packumentCache full:https://registry.npmjs.org/@babel%2fplugin-transform-optional-chaining cache-miss
883 http cache https://registry.npmjs.org/@babel%2fplugin-transform-numeric-separator 3ms (cache hit)
884 silly packumentCache full:https://registry.npmjs.org/@babel%2fplugin-transform-numeric-separator set size:69241 disposed:false
885 silly fetch manifest @babel/plugin-proposal-export-default-from@^7.24.7
886 silly packumentCache full:https://registry.npmjs.org/@babel%2fplugin-proposal-export-default-from cache-miss
887 http cache https://registry.npmjs.org/@babel%2fplugin-transform-optional-chaining 5ms (cache hit)
888 silly packumentCache full:https://registry.npmjs.org/@babel%2fplugin-transform-optional-chaining set size:86587 disposed:false
889 silly fetch manifest @babel/plugin-transform-async-to-generator@^7.24.7
890 silly packumentCache full:https://registry.npmjs.org/@babel%2fplugin-transform-async-to-generator cache-miss
891 http fetch GET 200 https://registry.npmjs.org/@babel%2fplugin-syntax-optional-chaining 99ms (cache miss)
892 silly packumentCache full:https://registry.npmjs.org/@babel%2fplugin-syntax-optional-chaining set size:undefined disposed:false
893 silly fetch manifest @babel/plugin-transform-object-rest-spread@^7.24.7
894 silly packumentCache full:https://registry.npmjs.org/@babel%2fplugin-transform-object-rest-spread cache-miss
895 http cache https://registry.npmjs.org/@babel%2fplugin-transform-async-to-generator 36ms (cache hit)
896 silly packumentCache full:https://registry.npmjs.org/@babel%2fplugin-transform-async-to-generator set size:219799 disposed:false
897 silly fetch manifest @babel/plugin-transform-react-display-name@^7.24.7
898 silly packumentCache full:https://registry.npmjs.org/@babel%2fplugin-transform-react-display-name cache-miss
899 http fetch GET 200 https://registry.npmjs.org/@babel%2fplugin-syntax-export-default-from 99ms (cache miss)
900 silly packumentCache full:https://registry.npmjs.org/@babel%2fplugin-syntax-export-default-from set size:undefined disposed:false
901 silly fetch manifest @babel/plugin-transform-computed-properties@^7.24.7
902 silly packumentCache full:https://registry.npmjs.org/@babel%2fplugin-transform-computed-properties cache-miss
903 http fetch GET 200 https://registry.npmjs.org/@babel%2fplugin-transform-react-jsx 159ms (cache miss)
904 silly packumentCache full:https://registry.npmjs.org/@babel%2fplugin-transform-react-jsx set size:undefined disposed:false
905 silly fetch manifest @babel/plugin-transform-shorthand-properties@^7.24.7
906 silly packumentCache full:https://registry.npmjs.org/@babel%2fplugin-transform-shorthand-properties cache-miss
907 http fetch GET 200 https://registry.npmjs.org/@babel%2fplugin-transform-flow-strip-types 89ms (cache miss)
908 silly packumentCache full:https://registry.npmjs.org/@babel%2fplugin-transform-flow-strip-types set size:undefined disposed:false
909 silly fetch manifest @babel/plugin-transform-optional-catch-binding@^7.24.7
910 silly packumentCache full:https://registry.npmjs.org/@babel%2fplugin-transform-optional-catch-binding cache-miss
911 http cache https://registry.npmjs.org/@babel%2fplugin-transform-object-rest-spread 17ms (cache hit)
912 silly packumentCache full:https://registry.npmjs.org/@babel%2fplugin-transform-object-rest-spread set size:85832 disposed:false
913 silly fetch manifest @babel/plugin-syntax-nullish-coalescing-operator@^7.8.3
914 silly packumentCache full:https://registry.npmjs.org/@babel%2fplugin-syntax-nullish-coalescing-operator cache-miss
915 http fetch GET 200 https://registry.npmjs.org/@babel%2fplugin-transform-react-jsx-source 80ms (cache miss)
916 silly packumentCache full:https://registry.npmjs.org/@babel%2fplugin-transform-react-jsx-source set size:undefined disposed:false
917 silly fetch manifest @babel/plugin-transform-async-generator-functions@^7.25.4
918 silly packumentCache full:https://registry.npmjs.org/@babel%2fplugin-transform-async-generator-functions cache-miss
919 http fetch GET 200 https://registry.npmjs.org/@react-native%2fbabel-plugin-codegen 158ms (cache miss)
920 silly packumentCache full:https://registry.npmjs.org/@react-native%2fbabel-plugin-codegen set size:undefined disposed:false
921 silly fetch manifest @babel/plugin-transform-private-property-in-object@^7.24.7
922 silly packumentCache full:https://registry.npmjs.org/@babel%2fplugin-transform-private-property-in-object cache-miss
923 http cache https://registry.npmjs.org/@babel%2fplugin-transform-computed-properties 18ms (cache hit)
924 silly packumentCache full:https://registry.npmjs.org/@babel%2fplugin-transform-computed-properties set size:198476 disposed:false
925 silly fetch manifest @babel/plugin-transform-nullish-coalescing-operator@^7.24.7
926 silly packumentCache full:https://registry.npmjs.org/@babel%2fplugin-transform-nullish-coalescing-operator cache-miss
927 http cache https://registry.npmjs.org/@babel%2fplugin-transform-shorthand-properties 17ms (cache hit)
928 silly packumentCache full:https://registry.npmjs.org/@babel%2fplugin-transform-shorthand-properties set size:180944 disposed:false
929 silly fetch manifest @babel/plugin-transform-logical-assignment-operators@^7.24.7
930 silly packumentCache full:https://registry.npmjs.org/@babel%2fplugin-transform-logical-assignment-operators cache-miss
931 http cache https://registry.npmjs.org/@babel%2fplugin-transform-optional-catch-binding 16ms (cache hit)
932 silly packumentCache full:https://registry.npmjs.org/@babel%2fplugin-transform-optional-catch-binding set size:67100 disposed:false
933 silly fetch manifest @babel/plugin-transform-named-capturing-groups-regex@^7.24.7
934 silly packumentCache full:https://registry.npmjs.org/@babel%2fplugin-transform-named-capturing-groups-regex cache-miss
935 http cache https://registry.npmjs.org/@babel%2fplugin-transform-async-generator-functions 14ms (cache hit)
936 silly packumentCache full:https://registry.npmjs.org/@babel%2fplugin-transform-async-generator-functions set size:97329 disposed:false
937 silly fetch manifest eslint-plugin-jest@^27.9.0
938 silly packumentCache full:https://registry.npmjs.org/eslint-plugin-jest cache-miss
939 http cache https://registry.npmjs.org/@babel%2fplugin-transform-private-property-in-object 10ms (cache hit)
940 silly packumentCache full:https://registry.npmjs.org/@babel%2fplugin-transform-private-property-in-object set size:74899 disposed:false
941 silly fetch manifest eslint-plugin-react@^7.30.1
942 silly packumentCache full:https://registry.npmjs.org/eslint-plugin-react cache-miss
943 http cache https://registry.npmjs.org/@babel%2fplugin-transform-named-capturing-groups-regex 7ms (cache hit)
944 silly packumentCache full:https://registry.npmjs.org/@babel%2fplugin-transform-named-capturing-groups-regex set size:165914 disposed:false
945 silly fetch manifest @babel/eslint-parser@^7.25.1
946 silly packumentCache full:https://registry.npmjs.org/@babel%2feslint-parser cache-miss
947 http cache https://registry.npmjs.org/@babel%2fplugin-transform-logical-assignment-operators 10ms (cache hit)
948 silly packumentCache full:https://registry.npmjs.org/@babel%2fplugin-transform-logical-assignment-operators set size:72540 disposed:false
949 silly fetch manifest eslint-plugin-ft-flow@^2.0.1
950 silly packumentCache full:https://registry.npmjs.org/eslint-plugin-ft-flow cache-miss
951 http cache https://registry.npmjs.org/@babel%2fplugin-transform-nullish-coalescing-operator 14ms (cache hit)
952 silly packumentCache full:https://registry.npmjs.org/@babel%2fplugin-transform-nullish-coalescing-operator set size:72283 disposed:false
953 silly fetch manifest eslint-config-prettier@^8.5.0
954 silly packumentCache full:https://registry.npmjs.org/eslint-config-prettier cache-miss
955 http fetch GET 200 https://registry.npmjs.org/@babel%2fplugin-transform-react-display-name 56ms (cache miss)
956 silly packumentCache full:https://registry.npmjs.org/@babel%2fplugin-transform-react-display-name set size:undefined disposed:false
957 silly fetch manifest @typescript-eslint/parser@^7.1.1
958 silly packumentCache full:https://registry.npmjs.org/@typescript-eslint%2fparser cache-miss
959 http fetch GET 200 https://registry.npmjs.org/@babel%2fplugin-transform-runtime 228ms (cache miss)
960 silly packumentCache full:https://registry.npmjs.org/@babel%2fplugin-transform-runtime set size:undefined disposed:false
961 silly fetch manifest eslint-plugin-react-hooks@^4.6.0
962 silly packumentCache full:https://registry.npmjs.org/eslint-plugin-react-hooks cache-miss
963 http fetch GET 200 https://registry.npmjs.org/eslint-config-prettier 68ms (cache miss)
964 silly packumentCache full:https://registry.npmjs.org/eslint-config-prettier set size:undefined disposed:false
965 silly fetch manifest eslint-plugin-react-native@^4.0.0
966 silly packumentCache full:https://registry.npmjs.org/eslint-plugin-react-native cache-miss
967 http fetch GET 200 https://registry.npmjs.org/@babel%2fplugin-syntax-nullish-coalescing-operator 95ms (cache miss)
968 silly packumentCache full:https://registry.npmjs.org/@babel%2fplugin-syntax-nullish-coalescing-operator set size:undefined disposed:false
969 silly fetch manifest @react-native/eslint-plugin@0.79.3
970 silly packumentCache full:https://registry.npmjs.org/@react-native%2feslint-plugin cache-miss
971 http fetch GET 200 https://registry.npmjs.org/@babel%2fplugin-proposal-export-default-from 153ms (cache miss)
972 silly packumentCache full:https://registry.npmjs.org/@babel%2fplugin-proposal-export-default-from set size:undefined disposed:false
973 silly fetch manifest eslint-plugin-eslint-comments@^3.2.0
974 silly packumentCache full:https://registry.npmjs.org/eslint-plugin-eslint-comments cache-miss
975 http fetch GET 200 https://registry.npmjs.org/eslint-plugin-ft-flow 74ms (cache miss)
976 silly packumentCache full:https://registry.npmjs.org/eslint-plugin-ft-flow set size:undefined disposed:false
977 silly fetch manifest @typescript-eslint/eslint-plugin@^7.1.1
978 silly packumentCache full:https://registry.npmjs.org/@typescript-eslint%2feslint-plugin cache-miss
979 http fetch GET 200 https://registry.npmjs.org/@babel%2feslint-parser 94ms (cache miss)
980 silly packumentCache full:https://registry.npmjs.org/@babel%2feslint-parser set size:undefined disposed:false
981 silly fetch manifest ajv@^6.12.4
982 silly packumentCache full:https://registry.npmjs.org/ajv cache-miss
983 http fetch GET 200 https://registry.npmjs.org/eslint-plugin-jest 113ms (cache miss)
984 silly packumentCache full:https://registry.npmjs.org/eslint-plugin-jest set size:undefined disposed:false
985 silly fetch manifest levn@^0.4.1
986 silly packumentCache full:https://registry.npmjs.org/levn cache-miss
987 http fetch GET 200 https://registry.npmjs.org/eslint-plugin-react 124ms (cache miss)
988 silly packumentCache full:https://registry.npmjs.org/eslint-plugin-react set size:undefined disposed:false
989 silly fetch manifest debug@^4.3.2
990 silly packumentCache full:https://registry.npmjs.org/debug cache-miss
991 http cache https://registry.npmjs.org/debug 5ms (cache hit)
992 silly packumentCache full:https://registry.npmjs.org/debug set size:193521 disposed:false
993 silly fetch manifest espree@^9.6.1
994 silly packumentCache full:https://registry.npmjs.org/espree cache-miss
995 http fetch GET 200 https://registry.npmjs.org/eslint-plugin-react-native 103ms (cache miss)
996 silly packumentCache full:https://registry.npmjs.org/eslint-plugin-react-native set size:undefined disposed:false
997 silly fetch manifest ignore@^5.2.0
998 silly packumentCache full:https://registry.npmjs.org/ignore cache-miss
999 http fetch GET 200 https://registry.npmjs.org/levn 85ms (cache miss)
1000 silly packumentCache full:https://registry.npmjs.org/levn set size:undefined disposed:false
1001 silly fetch manifest esquery@^1.4.2
1002 silly packumentCache full:https://registry.npmjs.org/esquery cache-miss
1003 http fetch GET 200 https://registry.npmjs.org/eslint-plugin-eslint-comments 128ms (cache miss)
1004 silly packumentCache full:https://registry.npmjs.org/eslint-plugin-eslint-comments set size:undefined disposed:false
1005 silly fetch manifest esutils@^2.0.2
1006 silly packumentCache full:https://registry.npmjs.org/esutils cache-miss
1007 http fetch GET 200 https://registry.npmjs.org/ignore 89ms (cache miss)
1008 silly packumentCache full:https://registry.npmjs.org/ignore set size:undefined disposed:false
1009 silly fetch manifest globals@^13.19.0
1010 silly packumentCache full:https://registry.npmjs.org/globals cache-miss
1011 http fetch GET 200 https://registry.npmjs.org/espree 137ms (cache miss)
1012 silly packumentCache full:https://registry.npmjs.org/espree set size:undefined disposed:false
1013 silly fetch manifest is-glob@^4.0.0
1014 silly packumentCache full:https://registry.npmjs.org/is-glob cache-miss
1015 http fetch GET 200 https://registry.npmjs.org/esquery 91ms (cache miss)
1016 silly packumentCache full:https://registry.npmjs.org/esquery set size:undefined disposed:false
1017 silly fetch manifest js-yaml@^4.1.0
1018 silly packumentCache full:https://registry.npmjs.org/js-yaml cache-miss
1019 http fetch GET 200 https://registry.npmjs.org/eslint-plugin-react-hooks 271ms (cache miss)
1020 silly packumentCache full:https://registry.npmjs.org/eslint-plugin-react-hooks set size:undefined disposed:false
1021 silly fetch manifest doctrine@^3.0.0
1022 silly packumentCache full:https://registry.npmjs.org/doctrine cache-miss
1023 http fetch GET 200 https://registry.npmjs.org/ajv 240ms (cache miss)
1024 silly packumentCache full:https://registry.npmjs.org/ajv set size:undefined disposed:false
1025 silly fetch manifest graphemer@^1.4.0
1026 silly packumentCache full:https://registry.npmjs.org/graphemer cache-miss
1027 http fetch GET 200 https://registry.npmjs.org/esutils 154ms (cache miss)
1028 silly packumentCache full:https://registry.npmjs.org/esutils set size:undefined disposed:false
1029 silly fetch manifest minimatch@^3.1.2
1030 silly packumentCache full:https://registry.npmjs.org/minimatch cache-miss
1031 http fetch GET 200 https://registry.npmjs.org/is-glob 96ms (cache miss)
1032 silly packumentCache full:https://registry.npmjs.org/is-glob set size:undefined disposed:false
1033 silly fetch manifest @eslint/js@8.57.1
1034 silly packumentCache full:https://registry.npmjs.org/@eslint%2fjs cache-miss
1035 http fetch GET 200 https://registry.npmjs.org/globals 101ms (cache miss)
1036 silly packumentCache full:https://registry.npmjs.org/globals set size:undefined disposed:false
1037 silly fetch manifest optionator@^0.9.3
1038 silly packumentCache full:https://registry.npmjs.org/optionator cache-miss
1039 http fetch GET 200 https://registry.npmjs.org/js-yaml 93ms (cache miss)
1040 silly packumentCache full:https://registry.npmjs.org/js-yaml set size:undefined disposed:false
1041 silly fetch manifest strip-ansi@^6.0.1
1042 silly packumentCache full:https://registry.npmjs.org/strip-ansi cache-miss
1043 http fetch GET 200 https://registry.npmjs.org/@react-native%2feslint-plugin 323ms (cache miss)
1044 silly packumentCache full:https://registry.npmjs.org/@react-native%2feslint-plugin set size:undefined disposed:false
1045 silly fetch manifest text-table@^0.2.0
1046 silly packumentCache full:https://registry.npmjs.org/text-table cache-miss
1047 http fetch GET 200 https://registry.npmjs.org/graphemer 92ms (cache miss)
1048 silly packumentCache full:https://registry.npmjs.org/graphemer set size:undefined disposed:false
1049 silly fetch manifest cross-spawn@^7.0.2
1050 silly packumentCache full:https://registry.npmjs.org/cross-spawn cache-miss
1051 http fetch GET 200 https://registry.npmjs.org/doctrine 121ms (cache miss)
1052 silly packumentCache full:https://registry.npmjs.org/doctrine set size:undefined disposed:false
1053 silly fetch manifest glob-parent@^6.0.2
1054 silly packumentCache full:https://registry.npmjs.org/glob-parent cache-miss
1055 http fetch GET 200 https://registry.npmjs.org/optionator 84ms (cache miss)
1056 silly packumentCache full:https://registry.npmjs.org/optionator set size:undefined disposed:false
1057 silly fetch manifest imurmurhash@^0.1.4
1058 silly packumentCache full:https://registry.npmjs.org/imurmurhash cache-miss
1059 http fetch GET 200 https://registry.npmjs.org/strip-ansi 66ms (cache miss)
1060 silly packumentCache full:https://registry.npmjs.org/strip-ansi set size:undefined disposed:false
1061 silly fetch manifest eslint-scope@^7.2.2
1062 silly packumentCache full:https://registry.npmjs.org/eslint-scope cache-miss
1063 http fetch GET 200 https://registry.npmjs.org/@typescript-eslint%2fparser 458ms (cache miss)
1064 silly packumentCache full:https://registry.npmjs.org/@typescript-eslint%2fparser set size:undefined disposed:false
1065 silly fetch manifest lodash.merge@^4.6.2
1066 silly packumentCache full:https://registry.npmjs.org/lodash.merge cache-miss
1067 http fetch GET 200 https://registry.npmjs.org/minimatch 181ms (cache miss)
1068 silly packumentCache full:https://registry.npmjs.org/minimatch set size:undefined disposed:false
1069 silly fetch manifest is-path-inside@^3.0.3
1070 silly packumentCache full:https://registry.npmjs.org/is-path-inside cache-miss
1071 http fetch GET 200 https://registry.npmjs.org/text-table 144ms (cache miss)
1072 silly packumentCache full:https://registry.npmjs.org/text-table set size:undefined disposed:false
1073 silly fetch manifest fast-deep-equal@^3.1.3
1074 silly packumentCache full:https://registry.npmjs.org/fast-deep-equal cache-miss
1075 http fetch GET 200 https://registry.npmjs.org/glob-parent 96ms (cache miss)
1076 silly packumentCache full:https://registry.npmjs.org/glob-parent set size:undefined disposed:false
1077 silly fetch manifest natural-compare@^1.4.0
1078 silly packumentCache full:https://registry.npmjs.org/natural-compare cache-miss
1079 http fetch GET 200 https://registry.npmjs.org/imurmurhash 96ms (cache miss)
1080 silly packumentCache full:https://registry.npmjs.org/imurmurhash set size:undefined disposed:false
1081 silly fetch manifest @eslint/eslintrc@^2.1.4
1082 silly packumentCache full:https://registry.npmjs.org/@eslint%2feslintrc cache-miss
1083 http fetch GET 200 https://registry.npmjs.org/@eslint%2fjs 184ms (cache miss)
1084 silly packumentCache full:https://registry.npmjs.org/@eslint%2fjs set size:undefined disposed:false
1085 silly fetch manifest @nodelib/fs.walk@^1.2.8
1086 silly packumentCache full:https://registry.npmjs.org/@nodelib%2ffs.walk cache-miss
1087 http fetch GET 200 https://registry.npmjs.org/cross-spawn 119ms (cache miss)
1088 silly packumentCache full:https://registry.npmjs.org/cross-spawn set size:undefined disposed:false
1089 silly fetch manifest file-entry-cache@^6.0.1
1090 silly packumentCache full:https://registry.npmjs.org/file-entry-cache cache-miss
1091 http fetch GET 200 https://registry.npmjs.org/eslint-scope 99ms (cache miss)
1092 silly packumentCache full:https://registry.npmjs.org/eslint-scope set size:undefined disposed:false
1093 silly fetch manifest eslint-visitor-keys@^3.4.3
1094 silly packumentCache full:https://registry.npmjs.org/eslint-visitor-keys cache-miss
1095 http fetch GET 200 https://registry.npmjs.org/eslint-visitor-keys 42ms (cache miss)
1096 silly packumentCache full:https://registry.npmjs.org/eslint-visitor-keys set size:undefined disposed:false
1097 silly fetch manifest escape-string-regexp@^4.0.0
1098 silly packumentCache full:https://registry.npmjs.org/escape-string-regexp cache-miss
1099 http fetch GET 200 https://registry.npmjs.org/fast-deep-equal 55ms (cache miss)
1100 silly packumentCache full:https://registry.npmjs.org/fast-deep-equal set size:undefined disposed:false
1101 silly fetch manifest @ungap/structured-clone@^1.2.0
1102 silly packumentCache full:https://registry.npmjs.org/@ungap%2fstructured-clone cache-miss
1103 http fetch GET 200 https://registry.npmjs.org/lodash.merge 71ms (cache miss)
1104 silly packumentCache full:https://registry.npmjs.org/lodash.merge set size:undefined disposed:false
1105 silly fetch manifest @eslint-community/regexpp@^4.6.1
1106 silly packumentCache full:https://registry.npmjs.org/@eslint-community%2fregexpp cache-miss
1107 http fetch GET 200 https://registry.npmjs.org/natural-compare 55ms (cache miss)
1108 silly packumentCache full:https://registry.npmjs.org/natural-compare set size:undefined disposed:false
1109 silly fetch manifest @humanwhocodes/config-array@^0.13.0
1110 silly packumentCache full:https://registry.npmjs.org/@humanwhocodes%2fconfig-array cache-miss
1111 http fetch GET 200 https://registry.npmjs.org/file-entry-cache 53ms (cache miss)
1112 silly packumentCache full:https://registry.npmjs.org/file-entry-cache set size:undefined disposed:false
1113 silly fetch manifest @eslint-community/eslint-utils@^4.2.0
1114 silly packumentCache full:https://registry.npmjs.org/@eslint-community%2feslint-utils cache-miss
1115 http fetch GET 200 https://registry.npmjs.org/@eslint%2feslintrc 63ms (cache miss)
1116 silly packumentCache full:https://registry.npmjs.org/@eslint%2feslintrc set size:undefined disposed:false
1117 silly fetch manifest @humanwhocodes/module-importer@^1.0.1
1118 silly packumentCache full:https://registry.npmjs.org/@humanwhocodes%2fmodule-importer cache-miss
1119 http fetch GET 200 https://registry.npmjs.org/@nodelib%2ffs.walk 69ms (cache miss)
1120 silly packumentCache full:https://registry.npmjs.org/@nodelib%2ffs.walk set size:undefined disposed:false
1121 silly fetch manifest json-stable-stringify-without-jsonify@^1.0.1
1122 silly packumentCache full:https://registry.npmjs.org/json-stable-stringify-without-jsonify cache-miss
1123 http fetch GET 200 https://registry.npmjs.org/@typescript-eslint%2feslint-plugin 548ms (cache miss)
1124 silly packumentCache full:https://registry.npmjs.org/@typescript-eslint%2feslint-plugin set size:undefined disposed:false
1125 silly fetch manifest metro-config@^0.82.0
1126 silly packumentCache full:https://registry.npmjs.org/metro-config cache-miss
1127 http fetch GET 200 https://registry.npmjs.org/is-path-inside 182ms (cache miss)
1128 silly packumentCache full:https://registry.npmjs.org/is-path-inside set size:undefined disposed:false
1129 silly fetch manifest metro-runtime@^0.82.0
1130 silly packumentCache full:https://registry.npmjs.org/metro-runtime cache-miss
1131 http fetch GET 200 https://registry.npmjs.org/@humanwhocodes%2fmodule-importer 116ms (cache miss)
1132 silly packumentCache full:https://registry.npmjs.org/@humanwhocodes%2fmodule-importer set size:undefined disposed:false
1133 silly fetch manifest @react-native/js-polyfills@0.79.3
1134 silly packumentCache full:https://registry.npmjs.org/@react-native%2fjs-polyfills cache-miss
1135 http fetch GET 200 https://registry.npmjs.org/@eslint-community%2fregexpp 129ms (cache miss)
1136 silly packumentCache full:https://registry.npmjs.org/@eslint-community%2fregexpp set size:undefined disposed:false
1137 silly fetch manifest @react-native/metro-babel-transformer@0.79.3
1138 silly packumentCache full:https://registry.npmjs.org/@react-native%2fmetro-babel-transformer cache-miss
1139 http fetch GET 200 https://registry.npmjs.org/escape-string-regexp 134ms (cache miss)
1140 silly packumentCache full:https://registry.npmjs.org/escape-string-regexp set size:undefined disposed:false
1141 silly fetch manifest @react-navigation/elements@^2.6.3
1142 silly packumentCache full:https://registry.npmjs.org/@react-navigation%2felements cache-miss
1143 http fetch GET 200 https://registry.npmjs.org/json-stable-stringify-without-jsonify 112ms (cache miss)
1144 silly packumentCache full:https://registry.npmjs.org/json-stable-stringify-without-jsonify set size:undefined disposed:false
1145 silly fetch manifest color@^4.2.3
1146 silly packumentCache full:https://registry.npmjs.org/color cache-miss
1147 http fetch GET 200 https://registry.npmjs.org/@ungap%2fstructured-clone 137ms (cache miss)
1148 silly packumentCache full:https://registry.npmjs.org/@ungap%2fstructured-clone set size:undefined disposed:false
1149 silly fetch manifest warn-once@^0.1.0
1150 silly packumentCache full:https://registry.npmjs.org/warn-once cache-miss
1151 http fetch GET 200 https://registry.npmjs.org/@humanwhocodes%2fconfig-array 135ms (cache miss)
1152 silly packumentCache full:https://registry.npmjs.org/@humanwhocodes%2fconfig-array set size:undefined disposed:false
1153 silly fetch manifest react-freeze@^1.0.0
1154 silly packumentCache full:https://registry.npmjs.org/react-freeze cache-miss
1155 http fetch GET 200 https://registry.npmjs.org/@eslint-community%2feslint-utils 131ms (cache miss)
1156 silly packumentCache full:https://registry.npmjs.org/@eslint-community%2feslint-utils set size:undefined disposed:false
1157 silly fetch manifest react-native-is-edge-to-edge@^1.2.1
1158 silly packumentCache full:https://registry.npmjs.org/react-native-is-edge-to-edge cache-miss
1159 http cache https://registry.npmjs.org/metro-runtime 15ms (cache hit)
1160 silly packumentCache full:https://registry.npmjs.org/metro-runtime set size:191127 disposed:false
1161 silly fetch manifest @react-navigation/core@^7.12.4
1162 silly packumentCache full:https://registry.npmjs.org/@react-navigation%2fcore cache-miss
1163 http cache https://registry.npmjs.org/@react-native%2fjs-polyfills 13ms (cache hit)
1164 silly packumentCache full:https://registry.npmjs.org/@react-native%2fjs-polyfills set size:1375679 disposed:false
1165 silly fetch manifest nanoid@^3.3.11
1166 silly packumentCache full:https://registry.npmjs.org/nanoid cache-miss
1167 http fetch GET 200 https://registry.npmjs.org/metro-config 76ms (cache miss)
1168 silly packumentCache full:https://registry.npmjs.org/metro-config set size:undefined disposed:false
1169 silly fetch manifest use-latest-callback@^0.2.4
1170 silly packumentCache full:https://registry.npmjs.org/use-latest-callback cache-miss
1171 http fetch GET 200 https://registry.npmjs.org/color 41ms (cache miss)
1172 silly packumentCache full:https://registry.npmjs.org/color set size:undefined disposed:false
1173 silly fetch manifest @react-navigation/elements@^2.6.3
1174 silly packumentCache full:https://registry.npmjs.org/@react-navigation%2felements cache-miss
1175 http fetch GET 200 https://registry.npmjs.org/warn-once 43ms (cache miss)
1176 silly packumentCache full:https://registry.npmjs.org/warn-once set size:undefined disposed:false
1177 silly fetch manifest @egjs/hammerjs@^2.0.17
1178 silly packumentCache full:https://registry.npmjs.org/@egjs%2fhammerjs cache-miss
1179 http fetch GET 200 https://registry.npmjs.org/react-native-is-edge-to-edge 53ms (cache miss)
1180 silly packumentCache full:https://registry.npmjs.org/react-native-is-edge-to-edge set size:undefined disposed:false
1181 silly fetch manifest hoist-non-react-statics@^3.3.0
1182 silly packumentCache full:https://registry.npmjs.org/hoist-non-react-statics cache-miss
1183 http fetch GET 200 https://registry.npmjs.org/nanoid 61ms (cache miss)
1184 silly packumentCache full:https://registry.npmjs.org/nanoid set size:undefined disposed:false
1185 silly fetch manifest @sentry/babel-plugin-component-annotate@4.1.1
1186 silly packumentCache full:https://registry.npmjs.org/@sentry%2fbabel-plugin-component-annotate cache-miss
1187 http fetch GET 200 https://registry.npmjs.org/@react-native%2fmetro-babel-transformer 79ms (cache miss)
1188 silly packumentCache full:https://registry.npmjs.org/@react-native%2fmetro-babel-transformer set size:undefined disposed:false
1189 silly fetch manifest @sentry/browser@8.55.0
1190 silly packumentCache full:https://registry.npmjs.org/@sentry%2fbrowser cache-miss
1191 http fetch GET 200 https://registry.npmjs.org/react-freeze 82ms (cache miss)
1192 silly packumentCache full:https://registry.npmjs.org/react-freeze set size:undefined disposed:false
1193 silly fetch manifest @sentry/cli@2.51.1
1194 silly packumentCache full:https://registry.npmjs.org/@sentry%2fcli cache-miss
1195 http fetch GET 200 https://registry.npmjs.org/hoist-non-react-statics 45ms (cache miss)
1196 silly packumentCache full:https://registry.npmjs.org/hoist-non-react-statics set size:undefined disposed:false
1197 silly fetch manifest @sentry/core@8.55.0
1198 silly packumentCache full:https://registry.npmjs.org/@sentry%2fcore cache-miss
1199 http fetch GET 200 https://registry.npmjs.org/use-latest-callback 111ms (cache miss)
1200 silly packumentCache full:https://registry.npmjs.org/use-latest-callback set size:undefined disposed:false
1201 silly fetch manifest @sentry/react@8.55.0
1202 silly packumentCache full:https://registry.npmjs.org/@sentry%2freact cache-miss
1203 http fetch GET 200 https://registry.npmjs.org/@react-navigation%2fcore 158ms (cache miss)
1204 silly packumentCache full:https://registry.npmjs.org/@react-navigation%2fcore set size:undefined disposed:false
1205 silly fetch manifest @sentry/types@8.55.0
1206 silly packumentCache full:https://registry.npmjs.org/@sentry%2ftypes cache-miss
1207 http fetch GET 200 https://registry.npmjs.org/@react-navigation%2felements 199ms (cache miss)
1208 silly packumentCache full:https://registry.npmjs.org/@react-navigation%2felements set size:undefined disposed:false
1209 silly fetch manifest @sentry/utils@8.55.0
1210 silly packumentCache full:https://registry.npmjs.org/@sentry%2futils cache-miss
1211 http fetch GET 200 https://registry.npmjs.org/@sentry%2fcore 97ms (cache miss)
1212 silly packumentCache full:https://registry.npmjs.org/@sentry%2fcore set size:undefined disposed:false
1213 silly fetch manifest redent@^3.0.0
1214 silly packumentCache full:https://registry.npmjs.org/redent cache-miss
1215 http fetch GET 200 https://registry.npmjs.org/@react-navigation%2felements 176ms (cache miss)
1216 silly packumentCache full:https://registry.npmjs.org/@react-navigation%2felements set size:undefined disposed:false
1217 silly fetch manifest jest-diff@^29.0.1
1218 silly packumentCache full:https://registry.npmjs.org/jest-diff cache-miss
1219 http fetch GET 200 https://registry.npmjs.org/@sentry%2fbrowser 138ms (cache miss)
1220 silly packumentCache full:https://registry.npmjs.org/@sentry%2fbrowser set size:undefined disposed:false
1221 silly fetch manifest pretty-format@^29.0.3
1222 silly packumentCache full:https://registry.npmjs.org/pretty-format cache-miss
1223 http fetch GET 200 https://registry.npmjs.org/@sentry%2fbabel-plugin-component-annotate 155ms (cache miss)
1224 silly packumentCache full:https://registry.npmjs.org/@sentry%2fbabel-plugin-component-annotate set size:undefined disposed:false
1225 silly fetch manifest jest-matcher-utils@^29.0.1
1226 silly packumentCache full:https://registry.npmjs.org/jest-matcher-utils cache-miss
1227 http cache https://registry.npmjs.org/pretty-format 9ms (cache hit)
1228 silly packumentCache full:https://registry.npmjs.org/pretty-format set size:589639 disposed:false
1229 silly fetch manifest react-is@^19.1.0
1230 silly packumentCache full:https://registry.npmjs.org/react-is cache-miss
1231 http fetch GET 200 https://registry.npmjs.org/@egjs%2fhammerjs 196ms (cache miss)
1232 silly packumentCache full:https://registry.npmjs.org/@egjs%2fhammerjs set size:undefined disposed:false
1233 silly fetch manifest scheduler@^0.26.0
1234 silly packumentCache full:https://registry.npmjs.org/scheduler cache-miss
1235 http cache https://registry.npmjs.org/scheduler 10ms (cache hit)
1236 silly packumentCache full:https://registry.npmjs.org/scheduler set size:5005941 disposed:false
1237 silly fetch manifest jest-matcher-utils@^30.0.5
1238 silly packumentCache full:https://registry.npmjs.org/jest-matcher-utils cache-miss
1239 http fetch GET 200 https://registry.npmjs.org/redent 67ms (cache miss)
1240 silly packumentCache full:https://registry.npmjs.org/redent set size:undefined disposed:false
1241 silly fetch manifest picocolors@^1.1.1
1242 silly packumentCache full:https://registry.npmjs.org/picocolors cache-miss
1243 http fetch GET 200 https://registry.npmjs.org/@sentry%2fcli 192ms (cache miss)
1244 silly packumentCache full:https://registry.npmjs.org/@sentry%2fcli set size:undefined disposed:false
1245 silly fetch manifest pretty-format@^30.0.5
1246 silly packumentCache full:https://registry.npmjs.org/pretty-format cache-hit
1247 silly fetch manifest expect@^29.0.0
1248 silly packumentCache full:https://registry.npmjs.org/expect cache-miss
1249 http fetch GET 200 https://registry.npmjs.org/jest-diff 72ms (cache miss)
1250 silly packumentCache full:https://registry.npmjs.org/jest-diff set size:undefined disposed:false
1251 silly fetch manifest pretty-format@^29.0.0
1252 silly packumentCache full:https://registry.npmjs.org/pretty-format cache-hit
1253 silly fetch manifest csstype@^3.0.2
1254 silly packumentCache full:https://registry.npmjs.org/csstype cache-miss
1255 http fetch GET 200 https://registry.npmjs.org/jest-matcher-utils 64ms (cache miss)
1256 silly packumentCache full:https://registry.npmjs.org/jest-matcher-utils set size:undefined disposed:false
1257 silly fetch manifest loose-envify@^1.0.0
1258 silly packumentCache full:https://registry.npmjs.org/loose-envify cache-miss
1259 http fetch GET 200 https://registry.npmjs.org/@sentry%2ftypes 135ms (cache miss)
1260 silly packumentCache full:https://registry.npmjs.org/@sentry%2ftypes set size:undefined disposed:false
1261 silly fetch manifest jest-cli@^29.7.0
1262 silly packumentCache full:https://registry.npmjs.org/jest-cli cache-miss
1263 http fetch GET 200 https://registry.npmjs.org/picocolors 43ms (cache miss)
1264 silly packumentCache full:https://registry.npmjs.org/picocolors set size:undefined disposed:false
1265 silly fetch manifest @jest/core@^29.7.0
1266 silly packumentCache full:https://registry.npmjs.org/@jest%2fcore cache-miss
1267 http fetch GET 200 https://registry.npmjs.org/jest-matcher-utils 62ms (cache miss)
1268 silly packumentCache full:https://registry.npmjs.org/jest-matcher-utils set size:undefined disposed:false
1269 silly fetch manifest @jest/types@^29.6.3
1270 silly packumentCache full:https://registry.npmjs.org/@jest%2ftypes cache-miss
1271 http fetch GET 200 https://registry.npmjs.org/loose-envify 76ms (cache miss)
1272 silly packumentCache full:https://registry.npmjs.org/loose-envify set size:undefined disposed:false
1273 silly fetch manifest import-local@^3.0.2
1274 silly packumentCache full:https://registry.npmjs.org/import-local cache-miss
1275 http fetch GET 200 https://registry.npmjs.org/csstype 85ms (cache miss)
1276 silly packumentCache full:https://registry.npmjs.org/csstype set size:undefined disposed:false
1277 silly fetch manifest @revenuecat/purchases-typescript-internal@14.2.0
1278 silly packumentCache full:https://registry.npmjs.org/@revenuecat%2fpurchases-typescript-internal cache-miss
1279 http fetch GET 200 https://registry.npmjs.org/@sentry%2futils 184ms (cache miss)
1280 silly packumentCache full:https://registry.npmjs.org/@sentry%2futils set size:undefined disposed:false
1281 silly fetch manifest whatwg-url-without-unicode@8.0.0-3
1282 silly packumentCache full:https://registry.npmjs.org/whatwg-url-without-unicode cache-miss
1283 http fetch GET 200 https://registry.npmjs.org/expect 110ms (cache miss)
1284 silly packumentCache full:https://registry.npmjs.org/expect set size:undefined disposed:false
1285 http fetch GET 200 https://registry.npmjs.org/@jest%2ftypes 79ms (cache miss)
1286 silly packumentCache full:https://registry.npmjs.org/@jest%2ftypes set size:undefined disposed:false
1287 http fetch GET 200 https://registry.npmjs.org/jest-cli 103ms (cache miss)
1288 silly packumentCache full:https://registry.npmjs.org/jest-cli set size:undefined disposed:false
1289 http fetch GET 200 https://registry.npmjs.org/import-local 61ms (cache miss)
1290 silly packumentCache full:https://registry.npmjs.org/import-local set size:undefined disposed:false
1291 http fetch GET 200 https://registry.npmjs.org/@jest%2fcore 118ms (cache miss)
1292 silly packumentCache full:https://registry.npmjs.org/@jest%2fcore set size:undefined disposed:false
1293 http fetch GET 200 https://registry.npmjs.org/react-is 211ms (cache miss)
1294 silly packumentCache full:https://registry.npmjs.org/react-is set size:undefined disposed:false
1295 http fetch GET 200 https://registry.npmjs.org/whatwg-url-without-unicode 85ms (cache miss)
1296 silly packumentCache full:https://registry.npmjs.org/whatwg-url-without-unicode set size:undefined disposed:false
1297 http fetch GET 200 https://registry.npmjs.org/@sentry%2freact 331ms (cache miss)
1298 silly packumentCache full:https://registry.npmjs.org/@sentry%2freact set size:undefined disposed:false
1299 http fetch GET 200 https://registry.npmjs.org/@revenuecat%2fpurchases-typescript-internal 226ms (cache miss)
1300 silly packumentCache full:https://registry.npmjs.org/@revenuecat%2fpurchases-typescript-internal set size:undefined disposed:false
1301 silly fetch manifest @babel/core@^7.0.0
1302 silly packumentCache full:https://registry.npmjs.org/@babel%2fcore cache-miss
1303 http cache https://registry.npmjs.org/@babel%2fcore 7ms (cache hit)
1304 silly packumentCache full:https://registry.npmjs.org/@babel%2fcore set size:724981 disposed:false
1305 silly placeDep ROOT @ampproject/remapping@2.3.0 OK for: @babel/core@7.28.3 want: ^2.2.0
1306 silly placeDep ROOT @babel/code-frame@7.27.1 OK for: @babel/core@7.28.3 want: ^7.27.1
1307 silly placeDep ROOT @babel/generator@7.28.3 OK for: @babel/core@7.28.3 want: ^7.28.3
1308 silly placeDep ROOT @babel/helper-compilation-targets@7.27.2 OK for: @babel/core@7.28.3 want: ^7.27.2
1309 silly placeDep ROOT @babel/helper-module-transforms@7.28.3 OK for: @babel/core@7.28.3 want: ^7.28.3
1310 silly placeDep ROOT @babel/helpers@7.28.3 OK for: @babel/core@7.28.3 want: ^7.28.3
1311 silly placeDep ROOT @babel/parser@7.28.3 OK for: @babel/core@7.28.3 want: ^7.28.3
1312 silly placeDep ROOT @babel/template@7.27.2 OK for: @babel/core@7.28.3 want: ^7.27.2
1313 silly placeDep ROOT @babel/traverse@7.28.3 OK for: @babel/core@7.28.3 want: ^7.28.3
1314 silly placeDep ROOT @babel/types@7.28.2 OK for: @babel/core@7.28.3 want: ^7.28.2
1315 silly placeDep ROOT convert-source-map@2.0.0 OK for: @babel/core@7.28.3 want: ^2.0.0
1316 silly placeDep ROOT debug@4.4.1 OK for: @babel/core@7.28.3 want: ^4.1.0
1317 silly placeDep ROOT gensync@1.0.0-beta.2 OK for: @babel/core@7.28.3 want: ^1.0.0-beta.2
1318 silly placeDep ROOT json5@2.2.3 OK for: @babel/core@7.28.3 want: ^2.2.3
1319 silly placeDep ROOT semver@6.3.1 OK for: @babel/core@7.28.3 want: ^6.3.1
1320 silly fetch manifest @jridgewell/gen-mapping@^0.3.5
1321 silly packumentCache full:https://registry.npmjs.org/@jridgewell%2fgen-mapping cache-miss
1322 silly fetch manifest @jridgewell/trace-mapping@^0.3.24
1323 silly packumentCache full:https://registry.npmjs.org/@jridgewell%2ftrace-mapping cache-miss
1324 silly fetch manifest js-tokens@^4.0.0
1325 silly packumentCache full:https://registry.npmjs.org/js-tokens cache-miss
1326 silly fetch manifest @babel/helper-validator-identifier@^7.27.1
1327 silly packumentCache full:https://registry.npmjs.org/@babel%2fhelper-validator-identifier cache-miss
1328 silly fetch manifest @jridgewell/gen-mapping@^0.3.12
1329 silly packumentCache full:https://registry.npmjs.org/@jridgewell%2fgen-mapping cache-miss
1330 silly fetch manifest @jridgewell/trace-mapping@^0.3.28
1331 silly packumentCache full:https://registry.npmjs.org/@jridgewell%2ftrace-mapping cache-miss
1332 silly fetch manifest jsesc@^3.0.2
1333 silly packumentCache full:https://registry.npmjs.org/jsesc cache-miss
1334 silly fetch manifest lru-cache@^5.1.1
1335 silly packumentCache full:https://registry.npmjs.org/lru-cache cache-miss
1336 silly fetch manifest browserslist@^4.24.0
1337 silly packumentCache full:https://registry.npmjs.org/browserslist cache-miss
1338 http fetch GET 200 https://registry.npmjs.org/browserslist 51ms (cache miss)
1339 silly packumentCache full:https://registry.npmjs.org/browserslist set size:undefined disposed:false
1340 silly fetch manifest @babel/compat-data@^7.27.2
1341 silly packumentCache full:https://registry.npmjs.org/@babel%2fcompat-data cache-miss
1342 http fetch GET 200 https://registry.npmjs.org/@babel%2fhelper-validator-identifier 62ms (cache miss)
1343 silly packumentCache full:https://registry.npmjs.org/@babel%2fhelper-validator-identifier set size:undefined disposed:false
1344 silly fetch manifest @babel/helper-module-imports@^7.27.1
1345 silly packumentCache full:https://registry.npmjs.org/@babel%2fhelper-module-imports cache-miss
1346 http fetch GET 200 https://registry.npmjs.org/lru-cache 63ms (cache miss)
1347 silly packumentCache full:https://registry.npmjs.org/lru-cache set size:undefined disposed:false
1348 silly fetch manifest @babel/types@^7.27.1
1349 silly packumentCache full:https://registry.npmjs.org/@babel%2ftypes cache-miss
1350 http cache https://registry.npmjs.org/@babel%2fcompat-data 13ms (cache hit)
1351 silly packumentCache full:https://registry.npmjs.org/@babel%2fcompat-data set size:284680 disposed:false
1352 silly fetch manifest @babel/helper-globals@^7.28.0
1353 silly packumentCache full:https://registry.npmjs.org/@babel%2fhelper-globals cache-miss
1354 http fetch GET 200 https://registry.npmjs.org/js-tokens 71ms (cache miss)
1355 silly packumentCache full:https://registry.npmjs.org/js-tokens set size:undefined disposed:false
1356 silly fetch manifest debug@^4.3.1
1357 silly packumentCache full:https://registry.npmjs.org/debug cache-hit
1358 silly fetch manifest @babel/helper-string-parser@^7.27.1
1359 silly packumentCache full:https://registry.npmjs.org/@babel%2fhelper-string-parser cache-miss
1360 http cache https://registry.npmjs.org/@babel%2ftypes 9ms (cache hit)
1361 silly packumentCache full:https://registry.npmjs.org/@babel%2ftypes set size:467862 disposed:false
1362 silly fetch manifest ms@^2.1.3
1363 silly packumentCache full:https://registry.npmjs.org/ms cache-miss
1364 http fetch GET 200 https://registry.npmjs.org/@jridgewell%2ftrace-mapping 87ms (cache miss)
1365 silly packumentCache full:https://registry.npmjs.org/@jridgewell%2ftrace-mapping set size:undefined disposed:false
1366 http fetch GET 200 https://registry.npmjs.org/@jridgewell%2fgen-mapping 87ms (cache miss)
1367 silly packumentCache full:https://registry.npmjs.org/@jridgewell%2fgen-mapping set size:undefined disposed:false
1368 http fetch GET 200 https://registry.npmjs.org/@jridgewell%2fgen-mapping 139ms (cache miss)
1369 silly packumentCache full:https://registry.npmjs.org/@jridgewell%2fgen-mapping set size:undefined disposed:false
1370 http fetch GET 200 https://registry.npmjs.org/@jridgewell%2ftrace-mapping 139ms (cache miss)
1371 silly packumentCache full:https://registry.npmjs.org/@jridgewell%2ftrace-mapping set size:undefined disposed:false
1372 http fetch GET 200 https://registry.npmjs.org/jsesc 146ms (cache miss)
1373 silly packumentCache full:https://registry.npmjs.org/jsesc set size:undefined disposed:false
1374 http fetch GET 200 https://registry.npmjs.org/ms 94ms (cache miss)
1375 silly packumentCache full:https://registry.npmjs.org/ms set size:undefined disposed:false
1376 http fetch GET 200 https://registry.npmjs.org/@babel%2fhelper-module-imports 110ms (cache miss)
1377 silly packumentCache full:https://registry.npmjs.org/@babel%2fhelper-module-imports set size:undefined disposed:false
1378 http fetch GET 200 https://registry.npmjs.org/@babel%2fhelper-globals 105ms (cache miss)
1379 silly packumentCache full:https://registry.npmjs.org/@babel%2fhelper-globals set size:undefined disposed:false
1380 http fetch GET 200 https://registry.npmjs.org/@babel%2fhelper-string-parser 104ms (cache miss)
1381 silly packumentCache full:https://registry.npmjs.org/@babel%2fhelper-string-parser set size:undefined disposed:false
1382 silly placeDep ROOT @jridgewell/gen-mapping@0.3.13 OK for: @ampproject/remapping@2.3.0 want: ^0.3.5
1383 silly placeDep ROOT @jridgewell/trace-mapping@0.3.30 OK for: @ampproject/remapping@2.3.0 want: ^0.3.24
1384 silly fetch manifest @jridgewell/sourcemap-codec@^1.5.0
1385 silly packumentCache full:https://registry.npmjs.org/@jridgewell%2fsourcemap-codec cache-miss
1386 silly fetch manifest @jridgewell/resolve-uri@^3.1.0
1387 silly packumentCache full:https://registry.npmjs.org/@jridgewell%2fresolve-uri cache-miss
1388 silly fetch manifest @jridgewell/sourcemap-codec@^1.4.14
1389 silly packumentCache full:https://registry.npmjs.org/@jridgewell%2fsourcemap-codec cache-miss
1390 http fetch GET 200 https://registry.npmjs.org/@jridgewell%2fresolve-uri 73ms (cache miss)
1391 silly packumentCache full:https://registry.npmjs.org/@jridgewell%2fresolve-uri set size:undefined disposed:false
1392 http fetch GET 200 https://registry.npmjs.org/@jridgewell%2fsourcemap-codec 89ms (cache miss)
1393 silly packumentCache full:https://registry.npmjs.org/@jridgewell%2fsourcemap-codec set size:undefined disposed:false
1394 http fetch GET 200 https://registry.npmjs.org/@jridgewell%2fsourcemap-codec 93ms (cache miss)
1395 silly packumentCache full:https://registry.npmjs.org/@jridgewell%2fsourcemap-codec set size:undefined disposed:false
1396 silly placeDep ROOT @babel/helper-validator-identifier@7.27.1 OK for: @babel/code-frame@7.27.1 want: ^7.27.1
1397 silly placeDep ROOT js-tokens@4.0.0 OK for: @babel/code-frame@7.27.1 want: ^4.0.0
1398 silly placeDep ROOT picocolors@1.1.1 OK for: @babel/code-frame@7.27.1 want: ^1.1.1
1399 silly placeDep ROOT jsesc@3.1.0 OK for: @babel/generator@7.28.3 want: ^3.0.2
1400 silly placeDep ROOT @babel/compat-data@7.28.0 OK for: @babel/helper-compilation-targets@7.27.2 want: ^7.27.2
1401 silly placeDep ROOT @babel/helper-validator-option@7.27.1 OK for: @babel/helper-compilation-targets@7.27.2 want: ^7.27.1
1402 silly placeDep ROOT browserslist@4.25.3 OK for: @babel/helper-compilation-targets@7.27.2 want: ^4.24.0
1403 silly placeDep ROOT lru-cache@5.1.1 OK for: @babel/helper-compilation-targets@7.27.2 want: ^5.1.1
1404 silly fetch manifest caniuse-lite@^1.0.30001735
1405 silly packumentCache full:https://registry.npmjs.org/caniuse-lite cache-miss
1406 silly fetch manifest electron-to-chromium@^1.5.204
1407 silly packumentCache full:https://registry.npmjs.org/electron-to-chromium cache-miss
1408 silly fetch manifest node-releases@^2.0.19
1409 silly packumentCache full:https://registry.npmjs.org/node-releases cache-miss
1410 silly fetch manifest update-browserslist-db@^1.1.3
1411 silly packumentCache full:https://registry.npmjs.org/update-browserslist-db cache-miss
1412 silly fetch manifest yallist@^3.0.2
1413 silly packumentCache full:https://registry.npmjs.org/yallist cache-miss
1414 http fetch GET 200 https://registry.npmjs.org/update-browserslist-db 48ms (cache miss)
1415 silly packumentCache full:https://registry.npmjs.org/update-browserslist-db set size:undefined disposed:false
1416 http fetch GET 200 https://registry.npmjs.org/yallist 56ms (cache miss)
1417 silly packumentCache full:https://registry.npmjs.org/yallist set size:undefined disposed:false
1418 http fetch GET 200 https://registry.npmjs.org/node-releases 59ms (cache miss)
1419 silly packumentCache full:https://registry.npmjs.org/node-releases set size:undefined disposed:false
1420 http fetch GET 200 https://registry.npmjs.org/caniuse-lite 114ms (cache miss)
1421 silly packumentCache full:https://registry.npmjs.org/caniuse-lite set size:undefined disposed:false
1422 http fetch GET 200 https://registry.npmjs.org/electron-to-chromium 408ms (cache miss)
1423 silly packumentCache full:https://registry.npmjs.org/electron-to-chromium set size:undefined disposed:false
1424 silly placeDep ROOT @babel/helper-module-imports@7.27.1 OK for: @babel/helper-module-transforms@7.28.3 want: ^7.27.1
1425 silly fetch manifest @babel/core@^7.0.0-0
1426 silly packumentCache full:https://registry.npmjs.org/@babel%2fcore cache-hit
1427 silly placeDep ROOT @babel/helper-plugin-utils@7.27.1 OK for: @babel/preset-env@7.28.3 want: ^7.27.1
1428 silly placeDep ROOT @babel/plugin-bugfix-firefox-class-in-computed-class-key@7.27.1 OK for: @babel/preset-env@7.28.3 want: ^7.27.1
1429 silly placeDep ROOT @babel/plugin-bugfix-safari-class-field-initializer-scope@7.27.1 OK for: @babel/preset-env@7.28.3 want: ^7.27.1
1430 silly placeDep ROOT @babel/plugin-bugfix-safari-id-destructuring-collision-in-function-expression@7.27.1 OK for: @babel/preset-env@7.28.3 want: ^7.27.1
1431 silly placeDep ROOT @babel/plugin-bugfix-v8-spread-parameters-in-optional-chaining@7.27.1 OK for: @babel/preset-env@7.28.3 want: ^7.27.1
1432 silly placeDep ROOT @babel/plugin-bugfix-v8-static-class-fields-redefine-readonly@7.28.3 OK for: @babel/preset-env@7.28.3 want: ^7.28.3
1433 silly placeDep ROOT @babel/plugin-proposal-private-property-in-object@7.21.0-placeholder-for-preset-env.2 OK for: @babel/preset-env@7.28.3 want: 7.21.0-placeholder-for-preset-env.2
1434 silly placeDep ROOT @babel/plugin-syntax-import-assertions@7.27.1 OK for: @babel/preset-env@7.28.3 want: ^7.27.1
1435 silly placeDep ROOT @babel/plugin-syntax-import-attributes@7.27.1 OK for: @babel/preset-env@7.28.3 want: ^7.27.1
1436 silly placeDep ROOT @babel/plugin-syntax-unicode-sets-regex@7.18.6 OK for: @babel/preset-env@7.28.3 want: ^7.18.6
1437 silly placeDep ROOT @babel/plugin-transform-arrow-functions@7.27.1 OK for: @babel/preset-env@7.28.3 want: ^7.27.1
1438 silly placeDep ROOT @babel/plugin-transform-async-generator-functions@7.28.0 OK for: @babel/preset-env@7.28.3 want: ^7.28.0
1439 silly placeDep ROOT @babel/plugin-transform-async-to-generator@7.27.1 OK for: @babel/preset-env@7.28.3 want: ^7.27.1
1440 silly placeDep ROOT @babel/plugin-transform-block-scoped-functions@7.27.1 OK for: @babel/preset-env@7.28.3 want: ^7.27.1
1441 silly placeDep ROOT @babel/plugin-transform-block-scoping@7.28.0 OK for: @babel/preset-env@7.28.3 want: ^7.28.0
1442 silly placeDep ROOT @babel/plugin-transform-class-properties@7.27.1 OK for: @babel/preset-env@7.28.3 want: ^7.27.1
1443 silly placeDep ROOT @babel/plugin-transform-class-static-block@7.28.3 OK for: @babel/preset-env@7.28.3 want: ^7.28.3
1444 silly placeDep ROOT @babel/plugin-transform-classes@7.28.3 OK for: @babel/preset-env@7.28.3 want: ^7.28.3
1445 silly placeDep ROOT @babel/plugin-transform-computed-properties@7.27.1 OK for: @babel/preset-env@7.28.3 want: ^7.27.1
1446 silly placeDep ROOT @babel/plugin-transform-destructuring@7.28.0 OK for: @babel/preset-env@7.28.3 want: ^7.28.0
1447 silly placeDep ROOT @babel/plugin-transform-dotall-regex@7.27.1 OK for: @babel/preset-env@7.28.3 want: ^7.27.1
1448 silly placeDep ROOT @babel/plugin-transform-duplicate-keys@7.27.1 OK for: @babel/preset-env@7.28.3 want: ^7.27.1
1449 silly placeDep ROOT @babel/plugin-transform-duplicate-named-capturing-groups-regex@7.27.1 OK for: @babel/preset-env@7.28.3 want: ^7.27.1
1450 silly placeDep ROOT @babel/plugin-transform-dynamic-import@7.27.1 OK for: @babel/preset-env@7.28.3 want: ^7.27.1
1451 silly placeDep ROOT @babel/plugin-transform-explicit-resource-management@7.28.0 OK for: @babel/preset-env@7.28.3 want: ^7.28.0
1452 silly placeDep ROOT @babel/plugin-transform-exponentiation-operator@7.27.1 OK for: @babel/preset-env@7.28.3 want: ^7.27.1
1453 silly placeDep ROOT @babel/plugin-transform-export-namespace-from@7.27.1 OK for: @babel/preset-env@7.28.3 want: ^7.27.1
1454 silly placeDep ROOT @babel/plugin-transform-for-of@7.27.1 OK for: @babel/preset-env@7.28.3 want: ^7.27.1
1455 silly placeDep ROOT @babel/plugin-transform-function-name@7.27.1 OK for: @babel/preset-env@7.28.3 want: ^7.27.1
1456 silly placeDep ROOT @babel/plugin-transform-json-strings@7.27.1 OK for: @babel/preset-env@7.28.3 want: ^7.27.1
1457 silly placeDep ROOT @babel/plugin-transform-literals@7.27.1 OK for: @babel/preset-env@7.28.3 want: ^7.27.1
1458 silly placeDep ROOT @babel/plugin-transform-logical-assignment-operators@7.27.1 OK for: @babel/preset-env@7.28.3 want: ^7.27.1
1459 silly placeDep ROOT @babel/plugin-transform-member-expression-literals@7.27.1 OK for: @babel/preset-env@7.28.3 want: ^7.27.1
1460 silly placeDep ROOT @babel/plugin-transform-modules-amd@7.27.1 OK for: @babel/preset-env@7.28.3 want: ^7.27.1
1461 silly placeDep ROOT @babel/plugin-transform-modules-commonjs@7.27.1 OK for: @babel/preset-env@7.28.3 want: ^7.27.1
1462 silly placeDep ROOT @babel/plugin-transform-modules-systemjs@7.27.1 OK for: @babel/preset-env@7.28.3 want: ^7.27.1
1463 silly placeDep ROOT @babel/plugin-transform-modules-umd@7.27.1 OK for: @babel/preset-env@7.28.3 want: ^7.27.1
1464 silly placeDep ROOT @babel/plugin-transform-named-capturing-groups-regex@7.27.1 OK for: @babel/preset-env@7.28.3 want: ^7.27.1
1465 silly placeDep ROOT @babel/plugin-transform-new-target@7.27.1 OK for: @babel/preset-env@7.28.3 want: ^7.27.1
1466 silly placeDep ROOT @babel/plugin-transform-nullish-coalescing-operator@7.27.1 OK for: @babel/preset-env@7.28.3 want: ^7.27.1
1467 silly placeDep ROOT @babel/plugin-transform-numeric-separator@7.27.1 OK for: @babel/preset-env@7.28.3 want: ^7.27.1
1468 silly placeDep ROOT @babel/plugin-transform-object-rest-spread@7.28.0 OK for: @babel/preset-env@7.28.3 want: ^7.28.0
1469 silly placeDep ROOT @babel/plugin-transform-object-super@7.27.1 OK for: @babel/preset-env@7.28.3 want: ^7.27.1
1470 silly placeDep ROOT @babel/plugin-transform-optional-catch-binding@7.27.1 OK for: @babel/preset-env@7.28.3 want: ^7.27.1
1471 silly placeDep ROOT @babel/plugin-transform-optional-chaining@7.27.1 OK for: @babel/preset-env@7.28.3 want: ^7.27.1
1472 silly placeDep ROOT @babel/plugin-transform-parameters@7.27.7 OK for: @babel/preset-env@7.28.3 want: ^7.27.7
1473 silly placeDep ROOT @babel/plugin-transform-private-methods@7.27.1 OK for: @babel/preset-env@7.28.3 want: ^7.27.1
1474 silly placeDep ROOT @babel/plugin-transform-private-property-in-object@7.27.1 OK for: @babel/preset-env@7.28.3 want: ^7.27.1
1475 silly placeDep ROOT @babel/plugin-transform-property-literals@7.27.1 OK for: @babel/preset-env@7.28.3 want: ^7.27.1
1476 silly placeDep ROOT @babel/plugin-transform-regenerator@7.28.3 OK for: @babel/preset-env@7.28.3 want: ^7.28.3
1477 silly placeDep ROOT @babel/plugin-transform-regexp-modifiers@7.27.1 OK for: @babel/preset-env@7.28.3 want: ^7.27.1
1478 silly placeDep ROOT @babel/plugin-transform-reserved-words@7.27.1 OK for: @babel/preset-env@7.28.3 want: ^7.27.1
1479 silly placeDep ROOT @babel/plugin-transform-shorthand-properties@7.27.1 OK for: @babel/preset-env@7.28.3 want: ^7.27.1
1480 silly placeDep ROOT @babel/plugin-transform-spread@7.27.1 OK for: @babel/preset-env@7.28.3 want: ^7.27.1
1481 silly placeDep ROOT @babel/plugin-transform-sticky-regex@7.27.1 OK for: @babel/preset-env@7.28.3 want: ^7.27.1
1482 silly placeDep ROOT @babel/plugin-transform-template-literals@7.27.1 OK for: @babel/preset-env@7.28.3 want: ^7.27.1
1483 silly placeDep ROOT @babel/plugin-transform-typeof-symbol@7.27.1 OK for: @babel/preset-env@7.28.3 want: ^7.27.1
1484 silly placeDep ROOT @babel/plugin-transform-unicode-escapes@7.27.1 OK for: @babel/preset-env@7.28.3 want: ^7.27.1
1485 silly placeDep ROOT @babel/plugin-transform-unicode-property-regex@7.27.1 OK for: @babel/preset-env@7.28.3 want: ^7.27.1
1486 silly placeDep ROOT @babel/plugin-transform-unicode-regex@7.27.1 OK for: @babel/preset-env@7.28.3 want: ^7.27.1
1487 silly placeDep ROOT @babel/plugin-transform-unicode-sets-regex@7.27.1 OK for: @babel/preset-env@7.28.3 want: ^7.27.1
1488 silly placeDep ROOT @babel/preset-modules@0.1.6-no-external-plugins OK for: @babel/preset-env@7.28.3 want: 0.1.6-no-external-plugins
1489 silly placeDep ROOT babel-plugin-polyfill-corejs2@0.4.14 OK for: @babel/preset-env@7.28.3 want: ^0.4.14
1490 silly placeDep ROOT babel-plugin-polyfill-corejs3@0.13.0 OK for: @babel/preset-env@7.28.3 want: ^0.13.0
1491 silly placeDep ROOT babel-plugin-polyfill-regenerator@0.6.5 OK for: @babel/preset-env@7.28.3 want: ^0.6.5
1492 silly placeDep ROOT core-js-compat@3.45.1 OK for: @babel/preset-env@7.28.3 want: ^3.43.0
1493 silly fetch manifest @babel/helper-skip-transparent-expression-wrappers@^7.27.1
1494 silly packumentCache full:https://registry.npmjs.org/@babel%2fhelper-skip-transparent-expression-wrappers cache-miss
1495 silly fetch manifest @babel/helper-create-regexp-features-plugin@^7.18.6
1496 silly packumentCache full:https://registry.npmjs.org/@babel%2fhelper-create-regexp-features-plugin cache-miss
1497 silly fetch manifest @babel/helper-remap-async-to-generator@^7.27.1
1498 silly packumentCache full:https://registry.npmjs.org/@babel%2fhelper-remap-async-to-generator cache-miss
1499 silly fetch manifest @babel/helper-remap-async-to-generator@^7.27.1
1500 silly packumentCache full:https://registry.npmjs.org/@babel%2fhelper-remap-async-to-generator cache-miss
1501 silly fetch manifest @babel/helper-create-class-features-plugin@^7.27.1
1502 silly packumentCache full:https://registry.npmjs.org/@babel%2fhelper-create-class-features-plugin cache-miss
1503 silly fetch manifest @babel/helper-create-class-features-plugin@^7.28.3
1504 silly packumentCache full:https://registry.npmjs.org/@babel%2fhelper-create-class-features-plugin cache-miss
1505 silly fetch manifest @babel/helper-annotate-as-pure@^7.27.3
1506 silly packumentCache full:https://registry.npmjs.org/@babel%2fhelper-annotate-as-pure cache-miss
1507 silly fetch manifest @babel/helper-replace-supers@^7.27.1
1508 silly packumentCache full:https://registry.npmjs.org/@babel%2fhelper-replace-supers cache-miss
1509 silly fetch manifest @babel/helper-create-regexp-features-plugin@^7.27.1
1510 silly packumentCache full:https://registry.npmjs.org/@babel%2fhelper-create-regexp-features-plugin cache-miss
1511 http fetch GET 200 https://registry.npmjs.org/@babel%2fhelper-create-class-features-plugin 72ms (cache miss)
1512 silly packumentCache full:https://registry.npmjs.org/@babel%2fhelper-create-class-features-plugin set size:undefined disposed:false
1513 silly fetch manifest @babel/helper-create-regexp-features-plugin@^7.27.1
1514 silly packumentCache full:https://registry.npmjs.org/@babel%2fhelper-create-regexp-features-plugin cache-miss
1515 http fetch GET 200 https://registry.npmjs.org/@babel%2fhelper-remap-async-to-generator 75ms (cache miss)
1516 silly packumentCache full:https://registry.npmjs.org/@babel%2fhelper-remap-async-to-generator set size:undefined disposed:false
1517 silly fetch manifest @babel/helper-skip-transparent-expression-wrappers@^7.27.1
1518 silly packumentCache full:https://registry.npmjs.org/@babel%2fhelper-skip-transparent-expression-wrappers cache-miss
1519 http fetch GET 200 https://registry.npmjs.org/@babel%2fhelper-remap-async-to-generator 78ms (cache miss)
1520 silly packumentCache full:https://registry.npmjs.org/@babel%2fhelper-remap-async-to-generator set size:undefined disposed:false
1521 silly fetch manifest @babel/helper-create-regexp-features-plugin@^7.27.1
1522 silly packumentCache full:https://registry.npmjs.org/@babel%2fhelper-create-regexp-features-plugin cache-miss
1523 http fetch GET 200 https://registry.npmjs.org/@babel%2fhelper-annotate-as-pure 79ms (cache miss)
1524 silly packumentCache full:https://registry.npmjs.org/@babel%2fhelper-annotate-as-pure set size:undefined disposed:false
1525 silly fetch manifest @babel/helper-replace-supers@^7.27.1
1526 silly packumentCache full:https://registry.npmjs.org/@babel%2fhelper-replace-supers cache-miss
1527 http fetch GET 200 https://registry.npmjs.org/@babel%2fhelper-create-class-features-plugin 82ms (cache miss)
1528 silly packumentCache full:https://registry.npmjs.org/@babel%2fhelper-create-class-features-plugin set size:undefined disposed:false
1529 silly fetch manifest @babel/helper-skip-transparent-expression-wrappers@^7.27.1
1530 silly packumentCache full:https://registry.npmjs.org/@babel%2fhelper-skip-transparent-expression-wrappers cache-miss
1531 http fetch GET 200 https://registry.npmjs.org/@babel%2fhelper-create-regexp-features-plugin 84ms (cache miss)
1532 silly packumentCache full:https://registry.npmjs.org/@babel%2fhelper-create-regexp-features-plugin set size:undefined disposed:false
1533 silly fetch manifest @babel/helper-annotate-as-pure@^7.27.1
1534 silly packumentCache full:https://registry.npmjs.org/@babel%2fhelper-annotate-as-pure cache-miss
1535 http fetch GET 200 https://registry.npmjs.org/@babel%2fhelper-skip-transparent-expression-wrappers 86ms (cache miss)
1536 silly packumentCache full:https://registry.npmjs.org/@babel%2fhelper-skip-transparent-expression-wrappers set size:undefined disposed:false
1537 silly fetch manifest @babel/helper-create-regexp-features-plugin@^7.27.1
1538 silly packumentCache full:https://registry.npmjs.org/@babel%2fhelper-create-regexp-features-plugin cache-miss
1539 http fetch GET 200 https://registry.npmjs.org/@babel%2fhelper-replace-supers 86ms (cache miss)
1540 silly packumentCache full:https://registry.npmjs.org/@babel%2fhelper-replace-supers set size:undefined disposed:false
1541 silly fetch manifest @babel/helper-create-regexp-features-plugin@^7.27.1
1542 silly packumentCache full:https://registry.npmjs.org/@babel%2fhelper-create-regexp-features-plugin cache-miss
1543 http cache https://registry.npmjs.org/@babel%2fhelper-annotate-as-pure 10ms (cache hit)
1544 silly packumentCache full:https://registry.npmjs.org/@babel%2fhelper-annotate-as-pure set size:160089 disposed:false
1545 silly fetch manifest @babel/helper-create-regexp-features-plugin@^7.27.1
1546 silly packumentCache full:https://registry.npmjs.org/@babel%2fhelper-create-regexp-features-plugin cache-miss
1547 http cache https://registry.npmjs.org/@babel%2fhelper-create-regexp-features-plugin 9ms (cache hit)
1548 silly packumentCache full:https://registry.npmjs.org/@babel%2fhelper-create-regexp-features-plugin set size:161655 disposed:false
1549 silly fetch manifest @babel/helper-define-polyfill-provider@^0.6.5
1550 silly packumentCache full:https://registry.npmjs.org/@babel%2fhelper-define-polyfill-provider cache-miss
1551 http cache https://registry.npmjs.org/@babel%2fhelper-create-regexp-features-plugin 14ms (cache hit)
1552 silly packumentCache full:https://registry.npmjs.org/@babel%2fhelper-create-regexp-features-plugin set size:161655 disposed:false
1553 silly packumentCache full:https://registry.npmjs.org/@babel%2fhelper-create-regexp-features-plugin dispose
1554 silly fetch manifest @babel/helper-define-polyfill-provider@^0.6.5
1555 silly packumentCache full:https://registry.npmjs.org/@babel%2fhelper-define-polyfill-provider cache-miss
1556 http cache https://registry.npmjs.org/@babel%2fhelper-create-regexp-features-plugin 10ms (cache hit)
1557 silly packumentCache full:https://registry.npmjs.org/@babel%2fhelper-create-regexp-features-plugin set size:161655 disposed:true
1558 silly packumentCache full:https://registry.npmjs.org/@babel%2fhelper-create-regexp-features-plugin dispose
1559 silly fetch manifest @babel/helper-define-polyfill-provider@^0.6.5
1560 silly packumentCache full:https://registry.npmjs.org/@babel%2fhelper-define-polyfill-provider cache-miss
1561 http fetch GET 200 https://registry.npmjs.org/@babel%2fhelper-create-regexp-features-plugin 106ms (cache miss)
1562 silly packumentCache full:https://registry.npmjs.org/@babel%2fhelper-create-regexp-features-plugin set size:undefined disposed:true
1563 silly packumentCache full:https://registry.npmjs.org/@babel%2fhelper-create-regexp-features-plugin dispose
1564 http fetch GET 200 https://registry.npmjs.org/@babel%2fhelper-create-regexp-features-plugin 59ms (cache miss)
1565 silly packumentCache full:https://registry.npmjs.org/@babel%2fhelper-create-regexp-features-plugin set size:undefined disposed:true
1566 http fetch GET 200 https://registry.npmjs.org/@babel%2fhelper-replace-supers 54ms (cache miss)
1567 silly packumentCache full:https://registry.npmjs.org/@babel%2fhelper-replace-supers set size:undefined disposed:false
1568 http fetch GET 200 https://registry.npmjs.org/@babel%2fhelper-skip-transparent-expression-wrappers 63ms (cache miss)
1569 silly packumentCache full:https://registry.npmjs.org/@babel%2fhelper-skip-transparent-expression-wrappers set size:undefined disposed:false
1570 http fetch GET 200 https://registry.npmjs.org/@babel%2fhelper-create-regexp-features-plugin 69ms (cache miss)
1571 silly packumentCache full:https://registry.npmjs.org/@babel%2fhelper-create-regexp-features-plugin set size:undefined disposed:false
1572 http fetch GET 200 https://registry.npmjs.org/@babel%2fhelper-skip-transparent-expression-wrappers 84ms (cache miss)
1573 silly packumentCache full:https://registry.npmjs.org/@babel%2fhelper-skip-transparent-expression-wrappers set size:undefined disposed:false
1574 http fetch GET 200 https://registry.npmjs.org/@babel%2fhelper-define-polyfill-provider 64ms (cache miss)
1575 silly packumentCache full:https://registry.npmjs.org/@babel%2fhelper-define-polyfill-provider set size:undefined disposed:false
1576 http fetch GET 200 https://registry.npmjs.org/@babel%2fhelper-define-polyfill-provider 66ms (cache miss)
1577 silly packumentCache full:https://registry.npmjs.org/@babel%2fhelper-define-polyfill-provider set size:undefined disposed:false
1578 http fetch GET 200 https://registry.npmjs.org/@babel%2fhelper-define-polyfill-provider 82ms (cache miss)
1579 silly packumentCache full:https://registry.npmjs.org/@babel%2fhelper-define-polyfill-provider set size:undefined disposed:false
1580 silly placeDep ROOT @babel/helper-skip-transparent-expression-wrappers@7.27.1 OK for: @babel/plugin-bugfix-v8-spread-parameters-in-optional-chaining@7.27.1 want: ^7.27.1
1581 silly placeDep ROOT @babel/helper-create-regexp-features-plugin@7.27.1 OK for: @babel/plugin-syntax-unicode-sets-regex@7.18.6 want: ^7.18.6
1582 silly fetch manifest regexpu-core@^6.2.0
1583 silly packumentCache full:https://registry.npmjs.org/regexpu-core cache-miss
1584 http fetch GET 200 https://registry.npmjs.org/regexpu-core 86ms (cache miss)
1585 silly packumentCache full:https://registry.npmjs.org/regexpu-core set size:undefined disposed:false
1586 silly placeDep ROOT @babel/helper-annotate-as-pure@7.27.3 OK for: @babel/helper-create-regexp-features-plugin@7.27.1 want: ^7.27.1
1587 silly placeDep ROOT regexpu-core@6.2.0 OK for: @babel/helper-create-regexp-features-plugin@7.27.1 want: ^6.2.0
1588 silly fetch manifest regenerate@^1.4.2
1589 silly packumentCache full:https://registry.npmjs.org/regenerate cache-miss
1590 silly fetch manifest regenerate-unicode-properties@^10.2.0
1591 silly packumentCache full:https://registry.npmjs.org/regenerate-unicode-properties cache-miss
1592 silly fetch manifest regjsgen@^0.8.0
1593 silly packumentCache full:https://registry.npmjs.org/regjsgen cache-miss
1594 silly fetch manifest regjsparser@^0.12.0
1595 silly packumentCache full:https://registry.npmjs.org/regjsparser cache-miss
1596 silly fetch manifest unicode-match-property-ecmascript@^2.0.0
1597 silly packumentCache full:https://registry.npmjs.org/unicode-match-property-ecmascript cache-miss
1598 silly fetch manifest unicode-match-property-value-ecmascript@^2.1.0
1599 silly packumentCache full:https://registry.npmjs.org/unicode-match-property-value-ecmascript cache-miss
1600 http fetch GET 200 https://registry.npmjs.org/regenerate 36ms (cache miss)
1601 silly packumentCache full:https://registry.npmjs.org/regenerate set size:undefined disposed:false
1602 http fetch GET 200 https://registry.npmjs.org/regenerate-unicode-properties 38ms (cache miss)
1603 silly packumentCache full:https://registry.npmjs.org/regenerate-unicode-properties set size:undefined disposed:false
1604 http fetch GET 200 https://registry.npmjs.org/unicode-match-property-ecmascript 42ms (cache miss)
1605 silly packumentCache full:https://registry.npmjs.org/unicode-match-property-ecmascript set size:undefined disposed:false
1606 http fetch GET 200 https://registry.npmjs.org/regjsgen 62ms (cache miss)
1607 silly packumentCache full:https://registry.npmjs.org/regjsgen set size:undefined disposed:false
1608 http fetch GET 200 https://registry.npmjs.org/regjsparser 63ms (cache miss)
1609 silly packumentCache full:https://registry.npmjs.org/regjsparser set size:undefined disposed:false
1610 http fetch GET 200 https://registry.npmjs.org/unicode-match-property-value-ecmascript 64ms (cache miss)
1611 silly packumentCache full:https://registry.npmjs.org/unicode-match-property-value-ecmascript set size:undefined disposed:false
1612 silly placeDep ROOT @babel/helper-remap-async-to-generator@7.27.1 OK for: @babel/plugin-transform-async-generator-functions@7.28.0 want: ^7.27.1
1613 silly fetch manifest @babel/helper-wrap-function@^7.27.1
1614 silly packumentCache full:https://registry.npmjs.org/@babel%2fhelper-wrap-function cache-miss
1615 http fetch GET 200 https://registry.npmjs.org/@babel%2fhelper-wrap-function 96ms (cache miss)
1616 silly packumentCache full:https://registry.npmjs.org/@babel%2fhelper-wrap-function set size:undefined disposed:false
1617 silly placeDep ROOT @babel/helper-wrap-function@7.28.3 OK for: @babel/helper-remap-async-to-generator@7.27.1 want: ^7.27.1
1618 silly placeDep ROOT @babel/helper-create-class-features-plugin@7.28.3 OK for: @babel/plugin-transform-class-properties@7.27.1 want: ^7.27.1
1619 silly fetch manifest @babel/helper-member-expression-to-functions@^7.27.1
1620 silly packumentCache full:https://registry.npmjs.org/@babel%2fhelper-member-expression-to-functions cache-miss
1621 silly fetch manifest @babel/helper-optimise-call-expression@^7.27.1
1622 silly packumentCache full:https://registry.npmjs.org/@babel%2fhelper-optimise-call-expression cache-miss
1623 http fetch GET 200 https://registry.npmjs.org/@babel%2fhelper-member-expression-to-functions 63ms (cache miss)
1624 silly packumentCache full:https://registry.npmjs.org/@babel%2fhelper-member-expression-to-functions set size:undefined disposed:false
1625 http fetch GET 200 https://registry.npmjs.org/@babel%2fhelper-optimise-call-expression 101ms (cache miss)
1626 silly packumentCache full:https://registry.npmjs.org/@babel%2fhelper-optimise-call-expression set size:undefined disposed:false
1627 silly placeDep ROOT @babel/helper-member-expression-to-functions@7.27.1 OK for: @babel/helper-create-class-features-plugin@7.28.3 want: ^7.27.1
1628 silly placeDep ROOT @babel/helper-optimise-call-expression@7.27.1 OK for: @babel/helper-create-class-features-plugin@7.28.3 want: ^7.27.1
1629 silly placeDep ROOT @babel/helper-replace-supers@7.27.1 OK for: @babel/helper-create-class-features-plugin@7.28.3 want: ^7.27.1
1630 silly placeDep ROOT @babel/helper-globals@7.28.0 OK for: @babel/plugin-transform-classes@7.28.3 want: ^7.28.0
1631 silly placeDep ROOT esutils@2.0.3 OK for: @babel/preset-modules@0.1.6-no-external-plugins want: ^2.0.2
1632 silly placeDep ROOT @babel/helper-string-parser@7.27.1 OK for: @babel/types@7.28.2 want: ^7.27.1
1633 silly placeDep ROOT @jridgewell/sourcemap-codec@1.5.5 OK for: @jridgewell/gen-mapping@0.3.13 want: ^1.5.0
1634 silly placeDep ROOT @jridgewell/resolve-uri@3.1.2 OK for: @jridgewell/trace-mapping@0.3.30 want: ^3.1.0
1635 silly placeDep ROOT merge-options@3.0.4 OK for: @react-native-async-storage/async-storage@2.2.0 want: ^3.0.4
1636 silly fetch manifest is-plain-obj@^2.1.0
1637 silly packumentCache full:https://registry.npmjs.org/is-plain-obj cache-miss
1638 http fetch GET 200 https://registry.npmjs.org/is-plain-obj 38ms (cache miss)
1639 silly packumentCache full:https://registry.npmjs.org/is-plain-obj set size:undefined disposed:false
1640 silly placeDep ROOT @react-native-community/cli-clean@20.0.1 OK for: @react-native-community/cli@20.0.1 want: 20.0.1
1641 silly placeDep ROOT @react-native-community/cli-config@20.0.1 OK for: @react-native-community/cli@20.0.1 want: 20.0.1
1642 silly placeDep ROOT @react-native-community/cli-doctor@20.0.1 OK for: @react-native-community/cli@20.0.1 want: 20.0.1
1643 silly placeDep ROOT @react-native-community/cli-server-api@20.0.1 OK for: @react-native-community/cli@20.0.1 want: 20.0.1
1644 silly placeDep ROOT @react-native-community/cli-tools@20.0.1 OK for: @react-native-community/cli@20.0.1 want: 20.0.1
1645 silly placeDep ROOT @react-native-community/cli-types@20.0.1 OK for: @react-native-community/cli@20.0.1 want: 20.0.1
1646 silly placeDep ROOT chalk@4.1.2 OK for: @react-native-community/cli@20.0.1 want: ^4.1.2
1647 silly placeDep ROOT commander@9.5.0 OK for: @react-native-community/cli@20.0.1 want: ^9.4.1
1648 silly placeDep ROOT deepmerge@4.3.1 OK for: @react-native-community/cli@20.0.1 want: ^4.3.0
1649 silly placeDep ROOT execa@5.1.1 OK for: @react-native-community/cli@20.0.1 want: ^5.0.0
1650 silly placeDep ROOT find-up@5.0.0 OK for: @react-native-community/cli@20.0.1 want: ^5.0.0
1651 silly placeDep ROOT fs-extra@8.1.0 OK for: @react-native-community/cli@20.0.1 want: ^8.1.0
1652 silly placeDep ROOT graceful-fs@4.2.11 OK for: @react-native-community/cli@20.0.1 want: ^4.1.3
1653 silly placeDep ROOT prompts@2.4.2 OK for: @react-native-community/cli@20.0.1 want: ^2.4.2
1654 silly placeDep node_modules/@react-native-community/cli semver@7.7.2 OK for: @react-native-community/cli@20.0.1 want: ^7.5.2
1655 silly fetch manifest fast-glob@^3.3.2
1656 silly packumentCache full:https://registry.npmjs.org/fast-glob cache-miss
1657 silly fetch manifest cosmiconfig@^9.0.0
1658 silly packumentCache full:https://registry.npmjs.org/cosmiconfig cache-miss
1659 silly fetch manifest fast-glob@^3.3.2
1660 silly packumentCache full:https://registry.npmjs.org/fast-glob cache-miss
1661 silly fetch manifest joi@^17.2.1
1662 silly packumentCache full:https://registry.npmjs.org/joi cache-miss
1663 silly fetch manifest @react-native-community/cli-platform-android@20.0.1
1664 silly packumentCache full:https://registry.npmjs.org/@react-native-community%2fcli-platform-android cache-miss
1665 silly fetch manifest @react-native-community/cli-platform-apple@20.0.1
1666 silly packumentCache full:https://registry.npmjs.org/@react-native-community%2fcli-platform-apple cache-miss
1667 silly fetch manifest @react-native-community/cli-platform-ios@20.0.1
1668 silly packumentCache full:https://registry.npmjs.org/@react-native-community%2fcli-platform-ios cache-miss
1669 silly fetch manifest command-exists@^1.2.8
1670 silly packumentCache full:https://registry.npmjs.org/command-exists cache-miss
1671 silly fetch manifest envinfo@^7.13.0
1672 silly packumentCache full:https://registry.npmjs.org/envinfo cache-miss
1673 http cache https://registry.npmjs.org/@react-native-community%2fcli-platform-apple 6ms (cache hit)
1674 silly packumentCache full:https://registry.npmjs.org/@react-native-community%2fcli-platform-apple set size:210273 disposed:false
1675 silly fetch manifest node-stream-zip@^1.9.1
1676 silly packumentCache full:https://registry.npmjs.org/node-stream-zip cache-miss
1677 http cache https://registry.npmjs.org/@react-native-community%2fcli-platform-android 9ms (cache hit)
1678 silly packumentCache full:https://registry.npmjs.org/@react-native-community%2fcli-platform-android set size:929185 disposed:false
1679 silly fetch manifest ora@^5.4.1
1680 silly packumentCache full:https://registry.npmjs.org/ora cache-miss
1681 http cache https://registry.npmjs.org/@react-native-community%2fcli-platform-ios 14ms (cache hit)
1682 silly packumentCache full:https://registry.npmjs.org/@react-native-community%2fcli-platform-ios set size:865145 disposed:false
1683 silly fetch manifest wcwidth@^1.0.1
1684 silly packumentCache full:https://registry.npmjs.org/wcwidth cache-miss
1685 http fetch GET 200 https://registry.npmjs.org/fast-glob 55ms (cache miss)
1686 silly packumentCache full:https://registry.npmjs.org/fast-glob set size:undefined disposed:false
1687 silly fetch manifest yaml@^2.2.1
1688 silly packumentCache full:https://registry.npmjs.org/yaml cache-miss
1689 http fetch GET 200 https://registry.npmjs.org/joi 58ms (cache miss)
1690 silly packumentCache full:https://registry.npmjs.org/joi set size:undefined disposed:false
1691 silly fetch manifest body-parser@^1.20.3
1692 silly packumentCache full:https://registry.npmjs.org/body-parser cache-miss
1693 http fetch GET 200 https://registry.npmjs.org/cosmiconfig 62ms (cache miss)
1694 silly packumentCache full:https://registry.npmjs.org/cosmiconfig set size:undefined disposed:false
1695 silly fetch manifest compression@^1.7.1
1696 silly packumentCache full:https://registry.npmjs.org/compression cache-miss
1697 http fetch GET 200 https://registry.npmjs.org/command-exists 66ms (cache miss)
1698 silly packumentCache full:https://registry.npmjs.org/command-exists set size:undefined disposed:false
1699 silly fetch manifest connect@^3.6.5
1700 silly packumentCache full:https://registry.npmjs.org/connect cache-miss
1701 http fetch GET 200 https://registry.npmjs.org/envinfo 82ms (cache miss)
1702 silly packumentCache full:https://registry.npmjs.org/envinfo set size:undefined disposed:false
1703 silly fetch manifest errorhandler@^1.5.1
1704 silly packumentCache full:https://registry.npmjs.org/errorhandler cache-miss
1705 http fetch GET 200 https://registry.npmjs.org/wcwidth 68ms (cache miss)
1706 silly packumentCache full:https://registry.npmjs.org/wcwidth set size:undefined disposed:false
1707 silly fetch manifest nocache@^3.0.1
1708 silly packumentCache full:https://registry.npmjs.org/nocache cache-miss
1709 http fetch GET 200 https://registry.npmjs.org/fast-glob 88ms (cache miss)
1710 silly packumentCache full:https://registry.npmjs.org/fast-glob set size:undefined disposed:false
1711 silly fetch manifest open@^6.2.0
1712 silly packumentCache full:https://registry.npmjs.org/open cache-miss
1713 http fetch GET 200 https://registry.npmjs.org/node-stream-zip 83ms (cache miss)
1714 silly packumentCache full:https://registry.npmjs.org/node-stream-zip set size:undefined disposed:false
1715 silly fetch manifest serve-static@^1.13.1
1716 silly packumentCache full:https://registry.npmjs.org/serve-static cache-miss
1717 http fetch GET 200 https://registry.npmjs.org/ora 79ms (cache miss)
1718 silly packumentCache full:https://registry.npmjs.org/ora set size:undefined disposed:false
1719 silly fetch manifest @vscode/sudo-prompt@^9.0.0
1720 silly packumentCache full:https://registry.npmjs.org/@vscode%2fsudo-prompt cache-miss
1721 http fetch GET 200 https://registry.npmjs.org/yaml 42ms (cache miss)
1722 silly packumentCache full:https://registry.npmjs.org/yaml set size:undefined disposed:false
1723 silly fetch manifest appdirsjs@^1.2.4
1724 silly packumentCache full:https://registry.npmjs.org/appdirsjs cache-miss
1725 http fetch GET 200 https://registry.npmjs.org/body-parser 47ms (cache miss)
1726 silly packumentCache full:https://registry.npmjs.org/body-parser set size:undefined disposed:false
1727 silly fetch manifest launch-editor@^2.9.1
1728 silly packumentCache full:https://registry.npmjs.org/launch-editor cache-miss
1729 http fetch GET 200 https://registry.npmjs.org/compression 52ms (cache miss)
1730 silly packumentCache full:https://registry.npmjs.org/compression set size:undefined disposed:false
1731 silly fetch manifest mime@^2.4.1
1732 silly packumentCache full:https://registry.npmjs.org/mime cache-miss
1733 http fetch GET 200 https://registry.npmjs.org/connect 66ms (cache miss)
1734 silly packumentCache full:https://registry.npmjs.org/connect set size:undefined disposed:false
1735 silly fetch manifest ansi-styles@^4.1.0
1736 silly packumentCache full:https://registry.npmjs.org/ansi-styles cache-miss
1737 http fetch GET 200 https://registry.npmjs.org/nocache 50ms (cache miss)
1738 silly packumentCache full:https://registry.npmjs.org/nocache set size:undefined disposed:false
1739 silly fetch manifest supports-color@^7.1.0
1740 silly packumentCache full:https://registry.npmjs.org/supports-color cache-miss
1741 http fetch GET 200 https://registry.npmjs.org/open 57ms (cache miss)
1742 silly packumentCache full:https://registry.npmjs.org/open set size:undefined disposed:false
1743 silly fetch manifest onetime@^5.1.2
1744 silly packumentCache full:https://registry.npmjs.org/onetime cache-miss
1745 http fetch GET 200 https://registry.npmjs.org/errorhandler 63ms (cache miss)
1746 silly packumentCache full:https://registry.npmjs.org/errorhandler set size:undefined disposed:false
1747 silly fetch manifest is-stream@^2.0.0
1748 silly packumentCache full:https://registry.npmjs.org/is-stream cache-miss
1749 http fetch GET 200 https://registry.npmjs.org/serve-static 58ms (cache miss)
1750 silly packumentCache full:https://registry.npmjs.org/serve-static set size:undefined disposed:false
1751 silly fetch manifest get-stream@^6.0.0
1752 silly packumentCache full:https://registry.npmjs.org/get-stream cache-miss
1753 http fetch GET 200 https://registry.npmjs.org/launch-editor 46ms (cache miss)
1754 silly packumentCache full:https://registry.npmjs.org/launch-editor set size:undefined disposed:false
1755 silly fetch manifest cross-spawn@^7.0.3
1756 silly packumentCache full:https://registry.npmjs.org/cross-spawn cache-miss
1757 http cache https://registry.npmjs.org/cross-spawn 4ms (cache hit)
1758 silly packumentCache full:https://registry.npmjs.org/cross-spawn set size:109066 disposed:false
1759 silly fetch manifest signal-exit@^3.0.3
1760 silly packumentCache full:https://registry.npmjs.org/signal-exit cache-miss
1761 http fetch GET 200 https://registry.npmjs.org/mime 56ms (cache miss)
1762 silly packumentCache full:https://registry.npmjs.org/mime set size:undefined disposed:false
1763 silly fetch manifest merge-stream@^2.0.0
1764 silly packumentCache full:https://registry.npmjs.org/merge-stream cache-miss
1765 http fetch GET 200 https://registry.npmjs.org/@vscode%2fsudo-prompt 97ms (cache miss)
1766 silly packumentCache full:https://registry.npmjs.org/@vscode%2fsudo-prompt set size:undefined disposed:false
1767 silly fetch manifest npm-run-path@^4.0.1
1768 silly packumentCache full:https://registry.npmjs.org/npm-run-path cache-miss
1769 http fetch GET 200 https://registry.npmjs.org/supports-color 55ms (cache miss)
1770 silly packumentCache full:https://registry.npmjs.org/supports-color set size:undefined disposed:false
1771 silly fetch manifest human-signals@^2.1.0
1772 silly packumentCache full:https://registry.npmjs.org/human-signals cache-miss
1773 http fetch GET 200 https://registry.npmjs.org/ansi-styles 58ms (cache miss)
1774 silly packumentCache full:https://registry.npmjs.org/ansi-styles set size:undefined disposed:false
1775 silly fetch manifest strip-final-newline@^2.0.0
1776 silly packumentCache full:https://registry.npmjs.org/strip-final-newline cache-miss
1777 http fetch GET 200 https://registry.npmjs.org/onetime 59ms (cache miss)
1778 silly packumentCache full:https://registry.npmjs.org/onetime set size:undefined disposed:false
1779 silly fetch manifest locate-path@^6.0.0
1780 silly packumentCache full:https://registry.npmjs.org/locate-path cache-miss
1781 http fetch GET 200 https://registry.npmjs.org/is-stream 58ms (cache miss)
1782 silly packumentCache full:https://registry.npmjs.org/is-stream set size:undefined disposed:false
1783 silly fetch manifest path-exists@^4.0.0
1784 silly packumentCache full:https://registry.npmjs.org/path-exists cache-miss
1785 http fetch GET 200 https://registry.npmjs.org/get-stream 64ms (cache miss)
1786 silly packumentCache full:https://registry.npmjs.org/get-stream set size:undefined disposed:false
1787 silly fetch manifest jsonfile@^4.0.0
1788 silly packumentCache full:https://registry.npmjs.org/jsonfile cache-miss
1789 http fetch GET 200 https://registry.npmjs.org/signal-exit 57ms (cache miss)
1790 silly packumentCache full:https://registry.npmjs.org/signal-exit set size:undefined disposed:false
1791 silly fetch manifest graceful-fs@^4.2.0
1792 silly packumentCache full:https://registry.npmjs.org/graceful-fs cache-miss
1793 http fetch GET 200 https://registry.npmjs.org/merge-stream 45ms (cache miss)
1794 silly packumentCache full:https://registry.npmjs.org/merge-stream set size:undefined disposed:false
1795 silly fetch manifest universalify@^0.1.0
1796 silly packumentCache full:https://registry.npmjs.org/universalify cache-miss
1797 http cache https://registry.npmjs.org/graceful-fs 4ms (cache hit)
1798 silly packumentCache full:https://registry.npmjs.org/graceful-fs set size:124285 disposed:false
1799 silly fetch manifest kleur@^3.0.3
1800 silly packumentCache full:https://registry.npmjs.org/kleur cache-miss
1801 http fetch GET 200 https://registry.npmjs.org/npm-run-path 43ms (cache miss)
1802 silly packumentCache full:https://registry.npmjs.org/npm-run-path set size:undefined disposed:false
1803 silly fetch manifest sisteransi@^1.0.5
1804 silly packumentCache full:https://registry.npmjs.org/sisteransi cache-miss
1805 http fetch GET 200 https://registry.npmjs.org/human-signals 49ms (cache miss)
1806 silly packumentCache full:https://registry.npmjs.org/human-signals set size:undefined disposed:false
1807 http fetch GET 200 https://registry.npmjs.org/locate-path 64ms (cache miss)
1808 silly packumentCache full:https://registry.npmjs.org/locate-path set size:undefined disposed:false
1809 http fetch GET 200 https://registry.npmjs.org/strip-final-newline 76ms (cache miss)
1810 silly packumentCache full:https://registry.npmjs.org/strip-final-newline set size:undefined disposed:false
1811 http fetch GET 200 https://registry.npmjs.org/universalify 52ms (cache miss)
1812 silly packumentCache full:https://registry.npmjs.org/universalify set size:undefined disposed:false
1813 http fetch GET 200 https://registry.npmjs.org/path-exists 64ms (cache miss)
1814 silly packumentCache full:https://registry.npmjs.org/path-exists set size:undefined disposed:false
1815 http fetch GET 200 https://registry.npmjs.org/jsonfile 57ms (cache miss)
1816 silly packumentCache full:https://registry.npmjs.org/jsonfile set size:undefined disposed:false
1817 http fetch GET 200 https://registry.npmjs.org/kleur 52ms (cache miss)
1818 silly packumentCache full:https://registry.npmjs.org/kleur set size:undefined disposed:false
1819 http fetch GET 200 https://registry.npmjs.org/appdirsjs 180ms (cache miss)
1820 silly packumentCache full:https://registry.npmjs.org/appdirsjs set size:undefined disposed:false
1821 http fetch GET 200 https://registry.npmjs.org/sisteransi 59ms (cache miss)
1822 silly packumentCache full:https://registry.npmjs.org/sisteransi set size:undefined disposed:false
1823 silly placeDep ROOT fast-glob@3.3.3 OK for: @react-native-community/cli-clean@20.0.1 want: ^3.3.2
1824 silly fetch manifest @nodelib/fs.stat@^2.0.2
1825 silly packumentCache full:https://registry.npmjs.org/@nodelib%2ffs.stat cache-miss
1826 silly fetch manifest @nodelib/fs.walk@^1.2.3
1827 silly packumentCache full:https://registry.npmjs.org/@nodelib%2ffs.walk cache-miss
1828 silly fetch manifest glob-parent@^5.1.2
1829 silly packumentCache full:https://registry.npmjs.org/glob-parent cache-miss
1830 silly fetch manifest merge2@^1.3.0
1831 silly packumentCache full:https://registry.npmjs.org/merge2 cache-miss
1832 silly fetch manifest micromatch@^4.0.8
1833 silly packumentCache full:https://registry.npmjs.org/micromatch cache-miss
1834 http cache https://registry.npmjs.org/glob-parent 4ms (cache hit)
1835 silly packumentCache full:https://registry.npmjs.org/glob-parent set size:42445 disposed:false
1836 http cache https://registry.npmjs.org/@nodelib%2ffs.walk 5ms (cache hit)
1837 silly packumentCache full:https://registry.npmjs.org/@nodelib%2ffs.walk set size:41589 disposed:false
1838 http fetch GET 200 https://registry.npmjs.org/micromatch 41ms (cache miss)
1839 silly packumentCache full:https://registry.npmjs.org/micromatch set size:undefined disposed:false
1840 http fetch GET 200 https://registry.npmjs.org/merge2 77ms (cache miss)
1841 silly packumentCache full:https://registry.npmjs.org/merge2 set size:undefined disposed:false
1842 http fetch GET 200 https://registry.npmjs.org/@nodelib%2ffs.stat 96ms (cache miss)
1843 silly packumentCache full:https://registry.npmjs.org/@nodelib%2ffs.stat set size:undefined disposed:false
1844 silly fetch manifest typescript@>=4.9.5
1845 silly packumentCache full:https://registry.npmjs.org/typescript cache-miss
1846 http cache https://registry.npmjs.org/typescript 16ms (cache hit)
1847 silly packumentCache full:https://registry.npmjs.org/typescript set size:14590075 disposed:false
1848 silly placeDep ROOT cosmiconfig@9.0.0 OK for: @react-native-community/cli-config@20.0.1 want: ^9.0.0
1849 silly placeDep ROOT joi@17.13.3 OK for: @react-native-community/cli-config@20.0.1 want: ^17.2.1
1850 silly fetch manifest env-paths@^2.2.1
1851 silly packumentCache full:https://registry.npmjs.org/env-paths cache-miss
1852 silly fetch manifest import-fresh@^3.3.0
1853 silly packumentCache full:https://registry.npmjs.org/import-fresh cache-miss
1854 silly fetch manifest parse-json@^5.2.0
1855 silly packumentCache full:https://registry.npmjs.org/parse-json cache-miss
1856 silly fetch manifest @hapi/hoek@^9.3.0
1857 silly packumentCache full:https://registry.npmjs.org/@hapi%2fhoek cache-miss
1858 silly fetch manifest @hapi/topo@^5.1.0
1859 silly packumentCache full:https://registry.npmjs.org/@hapi%2ftopo cache-miss
1860 silly fetch manifest @sideway/address@^4.1.5
1861 silly packumentCache full:https://registry.npmjs.org/@sideway%2faddress cache-miss
1862 silly fetch manifest @sideway/formula@^3.0.1
1863 silly packumentCache full:https://registry.npmjs.org/@sideway%2fformula cache-miss
1864 silly fetch manifest @sideway/pinpoint@^2.0.0
1865 silly packumentCache full:https://registry.npmjs.org/@sideway%2fpinpoint cache-miss
1866 http fetch GET 200 https://registry.npmjs.org/@hapi%2ftopo 63ms (cache miss)
1867 silly packumentCache full:https://registry.npmjs.org/@hapi%2ftopo set size:undefined disposed:false
1868 http fetch GET 200 https://registry.npmjs.org/env-paths 66ms (cache miss)
1869 silly packumentCache full:https://registry.npmjs.org/env-paths set size:undefined disposed:false
1870 http fetch GET 200 https://registry.npmjs.org/@sideway%2fformula 65ms (cache miss)
1871 silly packumentCache full:https://registry.npmjs.org/@sideway%2fformula set size:undefined disposed:false
1872 http fetch GET 200 https://registry.npmjs.org/parse-json 67ms (cache miss)
1873 silly packumentCache full:https://registry.npmjs.org/parse-json set size:undefined disposed:false
1874 http fetch GET 200 https://registry.npmjs.org/@sideway%2faddress 69ms (cache miss)
1875 silly packumentCache full:https://registry.npmjs.org/@sideway%2faddress set size:undefined disposed:false
1876 http fetch GET 200 https://registry.npmjs.org/@hapi%2fhoek 69ms (cache miss)
1877 silly packumentCache full:https://registry.npmjs.org/@hapi%2fhoek set size:undefined disposed:false
1878 http fetch GET 200 https://registry.npmjs.org/@sideway%2fpinpoint 73ms (cache miss)
1879 silly packumentCache full:https://registry.npmjs.org/@sideway%2fpinpoint set size:undefined disposed:false
1880 http fetch GET 200 https://registry.npmjs.org/import-fresh 95ms (cache miss)
1881 silly packumentCache full:https://registry.npmjs.org/import-fresh set size:undefined disposed:false
1882 silly placeDep node_modules/@react-native-community/cli-doctor @react-native-community/cli-platform-android@20.0.1 OK for: @react-native-community/cli-doctor@20.0.1 want: 20.0.1
1883 silly placeDep ROOT @react-native-community/cli-platform-apple@20.0.1 OK for: @react-native-community/cli-doctor@20.0.1 want: 20.0.1
1884 silly placeDep node_modules/@react-native-community/cli-doctor @react-native-community/cli-platform-ios@20.0.1 OK for: @react-native-community/cli-doctor@20.0.1 want: 20.0.1
1885 silly placeDep ROOT command-exists@1.2.9 OK for: @react-native-community/cli-doctor@20.0.1 want: ^1.2.8
1886 silly placeDep ROOT envinfo@7.14.0 OK for: @react-native-community/cli-doctor@20.0.1 want: ^7.13.0
1887 silly placeDep ROOT node-stream-zip@1.15.0 OK for: @react-native-community/cli-doctor@20.0.1 want: ^1.9.1
1888 silly placeDep ROOT ora@5.4.1 OK for: @react-native-community/cli-doctor@20.0.1 want: ^5.4.1
1889 silly placeDep node_modules/@react-native-community/cli-doctor semver@7.7.2 OK for: @react-native-community/cli-doctor@20.0.1 want: ^7.5.2
1890 silly placeDep ROOT wcwidth@1.0.1 OK for: @react-native-community/cli-doctor@20.0.1 want: ^1.0.1
1891 silly placeDep ROOT yaml@2.8.1 OK for: @react-native-community/cli-doctor@20.0.1 want: ^2.2.1
1892 silly fetch manifest @react-native-community/cli-config-android@20.0.1
1893 silly packumentCache full:https://registry.npmjs.org/@react-native-community%2fcli-config-android cache-miss
1894 silly fetch manifest @react-native-community/cli-config-apple@20.0.1
1895 silly packumentCache full:https://registry.npmjs.org/@react-native-community%2fcli-config-apple cache-miss
1896 silly fetch manifest fast-xml-parser@^4.4.1
1897 silly packumentCache full:https://registry.npmjs.org/fast-xml-parser cache-miss
1898 silly fetch manifest bl@^4.1.0
1899 silly packumentCache full:https://registry.npmjs.org/bl cache-miss
1900 silly fetch manifest cli-cursor@^3.1.0
1901 silly packumentCache full:https://registry.npmjs.org/cli-cursor cache-miss
1902 silly fetch manifest strip-ansi@^6.0.0
1903 silly packumentCache full:https://registry.npmjs.org/strip-ansi cache-miss
1904 silly fetch manifest log-symbols@^4.1.0
1905 silly packumentCache full:https://registry.npmjs.org/log-symbols cache-miss
1906 silly fetch manifest cli-spinners@^2.5.0
1907 silly packumentCache full:https://registry.npmjs.org/cli-spinners cache-miss
1908 silly fetch manifest is-interactive@^1.0.0
1909 silly packumentCache full:https://registry.npmjs.org/is-interactive cache-miss
1910 http cache https://registry.npmjs.org/strip-ansi 4ms (cache hit)
1911 silly packumentCache full:https://registry.npmjs.org/strip-ansi set size:43180 disposed:false
1912 silly fetch manifest is-unicode-supported@^0.1.0
1913 silly packumentCache full:https://registry.npmjs.org/is-unicode-supported cache-miss
1914 http cache https://registry.npmjs.org/@react-native-community%2fcli-config-android 6ms (cache hit)
1915 silly packumentCache full:https://registry.npmjs.org/@react-native-community%2fcli-config-android set size:71250 disposed:false
1916 silly fetch manifest defaults@^1.0.3
1917 silly packumentCache full:https://registry.npmjs.org/defaults cache-miss
1918 http fetch GET 200 https://registry.npmjs.org/cli-spinners 67ms (cache miss)
1919 silly packumentCache full:https://registry.npmjs.org/cli-spinners set size:undefined disposed:false
1920 http fetch GET 200 https://registry.npmjs.org/is-interactive 68ms (cache miss)
1921 silly packumentCache full:https://registry.npmjs.org/is-interactive set size:undefined disposed:false
1922 http fetch GET 200 https://registry.npmjs.org/cli-cursor 68ms (cache miss)
1923 silly packumentCache full:https://registry.npmjs.org/cli-cursor set size:undefined disposed:false
1924 http fetch GET 200 https://registry.npmjs.org/log-symbols 68ms (cache miss)
1925 silly packumentCache full:https://registry.npmjs.org/log-symbols set size:undefined disposed:false
1926 http fetch GET 200 https://registry.npmjs.org/defaults 67ms (cache miss)
1927 silly packumentCache full:https://registry.npmjs.org/defaults set size:undefined disposed:false
1928 http fetch GET 200 https://registry.npmjs.org/bl 74ms (cache miss)
1929 silly packumentCache full:https://registry.npmjs.org/bl set size:undefined disposed:false
1930 http fetch GET 200 https://registry.npmjs.org/fast-xml-parser 76ms (cache miss)
1931 silly packumentCache full:https://registry.npmjs.org/fast-xml-parser set size:undefined disposed:false
1932 http fetch GET 200 https://registry.npmjs.org/is-unicode-supported 75ms (cache miss)
1933 silly packumentCache full:https://registry.npmjs.org/is-unicode-supported set size:undefined disposed:false
1934 http fetch GET 200 https://registry.npmjs.org/@react-native-community%2fcli-config-apple 141ms (cache miss)
1935 silly packumentCache full:https://registry.npmjs.org/@react-native-community%2fcli-config-apple set size:undefined disposed:false
1936 silly placeDep ROOT @react-native-community/cli-config-android@18.0.0 OK for: @react-native-community/cli-platform-android@18.0.0 want: 18.0.0
1937 silly placeDep node_modules/@react-native-community/cli-platform-android @react-native-community/cli-tools@18.0.0 OK for: @react-native-community/cli-platform-android@18.0.0 want: 18.0.0
1938 silly placeDep ROOT logkitty@0.7.1 OK for: @react-native-community/cli-platform-android@18.0.0 want: ^0.7.1
1939 silly fetch manifest ansi-fragments@^0.2.1
1940 silly packumentCache full:https://registry.npmjs.org/ansi-fragments cache-miss
1941 silly fetch manifest dayjs@^1.8.15
1942 silly packumentCache full:https://registry.npmjs.org/dayjs cache-miss
1943 silly fetch manifest yargs@^15.1.0
1944 silly packumentCache full:https://registry.npmjs.org/yargs cache-miss
1945 http cache https://registry.npmjs.org/yargs 6ms (cache hit)
1946 silly packumentCache full:https://registry.npmjs.org/yargs set size:743056 disposed:false
1947 http fetch GET 200 https://registry.npmjs.org/dayjs 50ms (cache miss)
1948 silly packumentCache full:https://registry.npmjs.org/dayjs set size:undefined disposed:false
1949 http fetch GET 200 https://registry.npmjs.org/ansi-fragments 53ms (cache miss)
1950 silly packumentCache full:https://registry.npmjs.org/ansi-fragments set size:undefined disposed:false
1951 silly placeDep node_modules/@react-native-community/cli-config-android @react-native-community/cli-tools@18.0.0 OK for: @react-native-community/cli-config-android@18.0.0 want: 18.0.0
1952 silly placeDep ROOT fast-xml-parser@4.5.3 OK for: @react-native-community/cli-config-android@18.0.0 want: ^4.4.1
1953 silly fetch manifest strnum@^1.1.1
1954 silly packumentCache full:https://registry.npmjs.org/strnum cache-miss
1955 http fetch GET 200 https://registry.npmjs.org/strnum 85ms (cache miss)
1956 silly packumentCache full:https://registry.npmjs.org/strnum set size:undefined disposed:false
1957 silly placeDep ROOT @react-native-community/cli-config-apple@20.0.1 OK for: @react-native-community/cli-platform-apple@20.0.1 want: 20.0.1
1958 silly placeDep node_modules/@react-native-community/cli-platform-ios @react-native-community/cli-platform-apple@18.0.0 OK for: @react-native-community/cli-platform-ios@18.0.0 want: 18.0.0
1959 silly fetch manifest @react-native-community/cli-config-apple@18.0.0
1960 silly packumentCache full:https://registry.npmjs.org/@react-native-community%2fcli-config-apple cache-miss
1961 http cache https://registry.npmjs.org/@react-native-community%2fcli-config-apple 5ms (cache hit)
1962 silly packumentCache full:https://registry.npmjs.org/@react-native-community%2fcli-config-apple set size:82706 disposed:false
1963 silly placeDep ROOT body-parser@1.20.3 OK for: @react-native-community/cli-server-api@20.0.1 want: ^1.20.3
1964 silly placeDep ROOT compression@1.8.1 OK for: @react-native-community/cli-server-api@20.0.1 want: ^1.7.1
1965 silly placeDep ROOT connect@3.7.0 OK for: @react-native-community/cli-server-api@20.0.1 want: ^3.6.5
1966 silly placeDep ROOT errorhandler@1.5.1 OK for: @react-native-community/cli-server-api@20.0.1 want: ^1.5.1
1967 silly placeDep ROOT nocache@3.0.4 OK for: @react-native-community/cli-server-api@20.0.1 want: ^3.0.1
1968 silly placeDep ROOT open@6.4.0 OK for: @react-native-community/cli-server-api@20.0.1 want: ^6.2.0
1969 silly placeDep ROOT pretty-format@29.7.0 OK for: @react-native-community/cli-server-api@20.0.1 want: ^29.7.0
1970 silly placeDep ROOT serve-static@1.16.2 OK for: @react-native-community/cli-server-api@20.0.1 want: ^1.13.1
1971 silly placeDep ROOT ws@6.2.3 OK for: @react-native-community/cli-server-api@20.0.1 want: ^6.2.3
1972 silly fetch manifest qs@6.13.0
1973 silly packumentCache full:https://registry.npmjs.org/qs cache-miss
1974 silly fetch manifest depd@2.0.0
1975 silly packumentCache full:https://registry.npmjs.org/depd cache-miss
1976 silly fetch manifest bytes@3.1.2
1977 silly packumentCache full:https://registry.npmjs.org/bytes cache-miss
1978 silly fetch manifest debug@2.6.9
1979 silly packumentCache full:https://registry.npmjs.org/debug cache-hit
1980 silly fetch manifest unpipe@1.0.0
1981 silly packumentCache full:https://registry.npmjs.org/unpipe cache-miss
1982 silly fetch manifest destroy@1.2.0
1983 silly packumentCache full:https://registry.npmjs.org/destroy cache-miss
1984 silly fetch manifest type-is@~1.6.18
1985 silly packumentCache full:https://registry.npmjs.org/type-is cache-miss
1986 silly fetch manifest raw-body@2.5.2
1987 silly packumentCache full:https://registry.npmjs.org/raw-body cache-miss
1988 silly fetch manifest iconv-lite@0.4.24
1989 silly packumentCache full:https://registry.npmjs.org/iconv-lite cache-miss
1990 silly fetch manifest http-errors@2.0.0
1991 silly packumentCache full:https://registry.npmjs.org/http-errors cache-miss
1992 http fetch GET 200 https://registry.npmjs.org/depd 47ms (cache miss)
1993 silly packumentCache full:https://registry.npmjs.org/depd set size:undefined disposed:false
1994 silly fetch manifest on-finished@2.4.1
1995 silly packumentCache full:https://registry.npmjs.org/on-finished cache-miss
1996 http fetch GET 200 https://registry.npmjs.org/raw-body 47ms (cache miss)
1997 silly packumentCache full:https://registry.npmjs.org/raw-body set size:undefined disposed:false
1998 silly fetch manifest content-type@~1.0.5
1999 silly packumentCache full:https://registry.npmjs.org/content-type cache-miss
2000 http fetch GET 200 https://registry.npmjs.org/qs 49ms (cache miss)
2001 silly packumentCache full:https://registry.npmjs.org/qs set size:undefined disposed:false
2002 silly fetch manifest bytes@3.1.2
2003 silly packumentCache full:https://registry.npmjs.org/bytes cache-miss
2004 http fetch GET 200 https://registry.npmjs.org/iconv-lite 55ms (cache miss)
2005 silly packumentCache full:https://registry.npmjs.org/iconv-lite set size:undefined disposed:false
2006 silly fetch manifest compressible@~2.0.18
2007 silly packumentCache full:https://registry.npmjs.org/compressible cache-miss
2008 http fetch GET 200 https://registry.npmjs.org/destroy 59ms (cache miss)
2009 silly packumentCache full:https://registry.npmjs.org/destroy set size:undefined disposed:false
2010 silly fetch manifest negotiator@~0.6.4
2011 silly packumentCache full:https://registry.npmjs.org/negotiator cache-miss
2012 http fetch GET 200 https://registry.npmjs.org/type-is 62ms (cache miss)
2013 silly packumentCache full:https://registry.npmjs.org/type-is set size:undefined disposed:false
2014 silly fetch manifest on-headers@~1.1.0
2015 silly packumentCache full:https://registry.npmjs.org/on-headers cache-miss
2016 http fetch GET 200 https://registry.npmjs.org/http-errors 64ms (cache miss)
2017 silly packumentCache full:https://registry.npmjs.org/http-errors set size:undefined disposed:false
2018 silly fetch manifest safe-buffer@5.2.1
2019 silly packumentCache full:https://registry.npmjs.org/safe-buffer cache-miss
2020 http fetch GET 200 https://registry.npmjs.org/unpipe 68ms (cache miss)
2021 silly packumentCache full:https://registry.npmjs.org/unpipe set size:undefined disposed:false
2022 silly fetch manifest vary@~1.1.2
2023 silly packumentCache full:https://registry.npmjs.org/vary cache-miss
2024 http fetch GET 200 https://registry.npmjs.org/bytes 74ms (cache miss)
2025 silly packumentCache full:https://registry.npmjs.org/bytes set size:undefined disposed:false
2026 silly fetch manifest finalhandler@1.1.2
2027 silly packumentCache full:https://registry.npmjs.org/finalhandler cache-miss
2028 http fetch GET 200 https://registry.npmjs.org/bytes 38ms (cache miss)
2029 silly packumentCache full:https://registry.npmjs.org/bytes set size:undefined disposed:false
2030 silly fetch manifest parseurl@~1.3.3
2031 silly packumentCache full:https://registry.npmjs.org/parseurl cache-miss
2032 http fetch GET 200 https://registry.npmjs.org/compressible 40ms (cache miss)
2033 silly packumentCache full:https://registry.npmjs.org/compressible set size:undefined disposed:false
2034 silly fetch manifest utils-merge@1.0.1
2035 silly packumentCache full:https://registry.npmjs.org/utils-merge cache-miss
2036 http fetch GET 200 https://registry.npmjs.org/safe-buffer 42ms (cache miss)
2037 silly packumentCache full:https://registry.npmjs.org/safe-buffer set size:undefined disposed:false
2038 silly fetch manifest accepts@~1.3.7
2039 silly packumentCache full:https://registry.npmjs.org/accepts cache-miss
2040 http fetch GET 200 https://registry.npmjs.org/content-type 61ms (cache miss)
2041 silly packumentCache full:https://registry.npmjs.org/content-type set size:undefined disposed:false
2042 silly fetch manifest escape-html@~1.0.3
2043 silly packumentCache full:https://registry.npmjs.org/escape-html cache-miss
2044 http fetch GET 200 https://registry.npmjs.org/on-finished 79ms (cache miss)
2045 silly packumentCache full:https://registry.npmjs.org/on-finished set size:undefined disposed:false
2046 silly fetch manifest is-wsl@^1.1.0
2047 silly packumentCache full:https://registry.npmjs.org/is-wsl cache-miss
2048 http fetch GET 200 https://registry.npmjs.org/negotiator 68ms (cache miss)
2049 silly packumentCache full:https://registry.npmjs.org/negotiator set size:undefined disposed:false
2050 silly fetch manifest react-is@^18.0.0
2051 silly packumentCache full:https://registry.npmjs.org/react-is cache-miss
2052 http cache https://registry.npmjs.org/react-is 10ms (cache hit)
2053 silly packumentCache full:https://registry.npmjs.org/react-is set size:4853482 disposed:false
2054 silly fetch manifest ansi-styles@^5.0.0
2055 silly packumentCache full:https://registry.npmjs.org/ansi-styles cache-miss
2056 http fetch GET 200 https://registry.npmjs.org/vary 96ms (cache miss)
2057 silly packumentCache full:https://registry.npmjs.org/vary set size:undefined disposed:false
2058 silly fetch manifest @jest/schemas@^29.6.3
2059 silly packumentCache full:https://registry.npmjs.org/@jest%2fschemas cache-miss
2060 http fetch GET 200 https://registry.npmjs.org/parseurl 75ms (cache miss)
2061 silly packumentCache full:https://registry.npmjs.org/parseurl set size:undefined disposed:false
2062 silly fetch manifest send@0.19.0
2063 silly packumentCache full:https://registry.npmjs.org/send cache-miss
2064 http fetch GET 200 https://registry.npmjs.org/on-headers 104ms (cache miss)
2065 silly packumentCache full:https://registry.npmjs.org/on-headers set size:undefined disposed:false
2066 silly fetch manifest encodeurl@~2.0.0
2067 silly packumentCache full:https://registry.npmjs.org/encodeurl cache-miss
2068 http fetch GET 200 https://registry.npmjs.org/utils-merge 76ms (cache miss)
2069 silly packumentCache full:https://registry.npmjs.org/utils-merge set size:undefined disposed:false
2070 silly fetch manifest escape-html@~1.0.3
2071 silly packumentCache full:https://registry.npmjs.org/escape-html cache-miss
2072 http cache https://registry.npmjs.org/ansi-styles 14ms (cache hit)
2073 silly packumentCache full:https://registry.npmjs.org/ansi-styles set size:66356 disposed:false
2074 silly fetch manifest async-limiter@~1.0.0
2075 silly packumentCache full:https://registry.npmjs.org/async-limiter cache-miss
2076 http fetch GET 200 https://registry.npmjs.org/escape-html 66ms (cache miss)
2077 silly packumentCache full:https://registry.npmjs.org/escape-html set size:undefined disposed:false
2078 http fetch GET 200 https://registry.npmjs.org/accepts 69ms (cache miss)
2079 silly packumentCache full:https://registry.npmjs.org/accepts set size:undefined disposed:false
2080 http fetch GET 200 https://registry.npmjs.org/finalhandler 104ms (cache miss)
2081 silly packumentCache full:https://registry.npmjs.org/finalhandler set size:undefined disposed:false
2082 http fetch GET 200 https://registry.npmjs.org/is-wsl 53ms (cache miss)
2083 silly packumentCache full:https://registry.npmjs.org/is-wsl set size:undefined disposed:false
2084 http cache https://registry.npmjs.org/escape-html 6ms (cache hit)
2085 silly packumentCache full:https://registry.npmjs.org/escape-html set size:7345 disposed:false
2086 http fetch GET 200 https://registry.npmjs.org/async-limiter 38ms (cache miss)
2087 silly packumentCache full:https://registry.npmjs.org/async-limiter set size:undefined disposed:false
2088 http fetch GET 200 https://registry.npmjs.org/send 61ms (cache miss)
2089 silly packumentCache full:https://registry.npmjs.org/send set size:undefined disposed:false
2090 http fetch GET 200 https://registry.npmjs.org/@jest%2fschemas 67ms (cache miss)
2091 silly packumentCache full:https://registry.npmjs.org/@jest%2fschemas set size:undefined disposed:false
2092 http fetch GET 200 https://registry.npmjs.org/encodeurl 136ms (cache miss)
2093 silly packumentCache full:https://registry.npmjs.org/encodeurl set size:undefined disposed:false
2094 silly placeDep ROOT @vscode/sudo-prompt@9.3.1 OK for: @react-native-community/cli-tools@20.0.1 want: ^9.0.0
2095 silly placeDep ROOT appdirsjs@1.2.7 OK for: @react-native-community/cli-tools@20.0.1 want: ^1.2.4
2096 silly placeDep ROOT launch-editor@2.11.1 OK for: @react-native-community/cli-tools@20.0.1 want: ^2.9.1
2097 silly placeDep ROOT mime@2.6.0 OK for: @react-native-community/cli-tools@20.0.1 want: ^2.4.1
2098 silly placeDep node_modules/@react-native-community/cli-tools semver@7.7.2 OK for: @react-native-community/cli-tools@20.0.1 want: ^7.5.2
2099 silly fetch manifest shell-quote@^1.8.3
2100 silly packumentCache full:https://registry.npmjs.org/shell-quote cache-miss
2101 http fetch GET 200 https://registry.npmjs.org/shell-quote 64ms (cache miss)
2102 silly packumentCache full:https://registry.npmjs.org/shell-quote set size:undefined disposed:false
2103 silly placeDep ROOT @babel/plugin-proposal-export-default-from@7.27.1 OK for: @react-native/babel-preset@0.79.3 want: ^7.24.7
2104 silly placeDep ROOT @babel/plugin-syntax-dynamic-import@7.8.3 OK for: @react-native/babel-preset@0.79.3 want: ^7.8.3
2105 silly placeDep ROOT @babel/plugin-syntax-export-default-from@7.27.1 OK for: @react-native/babel-preset@0.79.3 want: ^7.24.7
2106 silly placeDep ROOT @babel/plugin-syntax-nullish-coalescing-operator@7.8.3 OK for: @react-native/babel-preset@0.79.3 want: ^7.8.3
2107 silly placeDep ROOT @babel/plugin-syntax-optional-chaining@7.8.3 OK for: @react-native/babel-preset@0.79.3 want: ^7.8.3
2108 silly placeDep ROOT @babel/plugin-transform-flow-strip-types@7.27.1 OK for: @react-native/babel-preset@0.79.3 want: ^7.25.2
2109 silly placeDep ROOT @babel/plugin-transform-react-display-name@7.28.0 OK for: @react-native/babel-preset@0.79.3 want: ^7.24.7
2110 silly placeDep ROOT @babel/plugin-transform-react-jsx@7.27.1 OK for: @react-native/babel-preset@0.79.3 want: ^7.25.2
2111 silly placeDep ROOT @babel/plugin-transform-react-jsx-self@7.27.1 OK for: @react-native/babel-preset@0.79.3 want: ^7.24.7
2112 silly placeDep ROOT @babel/plugin-transform-react-jsx-source@7.27.1 OK for: @react-native/babel-preset@0.79.3 want: ^7.24.7
2113 silly placeDep ROOT @babel/plugin-transform-runtime@7.28.3 OK for: @react-native/babel-preset@0.79.3 want: ^7.24.7
2114 silly placeDep ROOT @babel/plugin-transform-typescript@7.28.0 OK for: @react-native/babel-preset@0.79.3 want: ^7.25.2
2115 silly placeDep ROOT @react-native/babel-plugin-codegen@0.79.3 OK for: @react-native/babel-preset@0.79.3 want: 0.79.3
2116 silly placeDep ROOT babel-plugin-syntax-hermes-parser@0.25.1 OK for: @react-native/babel-preset@0.79.3 want: 0.25.1
2117 silly placeDep ROOT babel-plugin-transform-flow-enums@0.0.2 OK for: @react-native/babel-preset@0.79.3 want: ^0.0.2
2118 silly placeDep ROOT react-refresh@0.14.2 OK for: @react-native/babel-preset@0.79.3 want: ^0.14.0
2119 silly fetch manifest @babel/plugin-syntax-flow@^7.27.1
2120 silly packumentCache full:https://registry.npmjs.org/@babel%2fplugin-syntax-flow cache-miss
2121 silly fetch manifest @babel/plugin-syntax-jsx@^7.27.1
2122 silly packumentCache full:https://registry.npmjs.org/@babel%2fplugin-syntax-jsx cache-miss
2123 silly fetch manifest @babel/plugin-syntax-typescript@^7.27.1
2124 silly packumentCache full:https://registry.npmjs.org/@babel%2fplugin-syntax-typescript cache-miss
2125 silly fetch manifest @react-native/codegen@0.79.3
2126 silly packumentCache full:https://registry.npmjs.org/@react-native%2fcodegen cache-miss
2127 silly fetch manifest hermes-parser@0.25.1
2128 silly packumentCache full:https://registry.npmjs.org/hermes-parser cache-miss
2129 silly fetch manifest @babel/plugin-syntax-flow@^7.12.1
2130 silly packumentCache full:https://registry.npmjs.org/@babel%2fplugin-syntax-flow cache-miss
2131 http cache https://registry.npmjs.org/@react-native%2fcodegen 6ms (cache hit)
2132 silly packumentCache full:https://registry.npmjs.org/@react-native%2fcodegen set size:2137227 disposed:false
2133 http fetch GET 200 https://registry.npmjs.org/hermes-parser 51ms (cache miss)
2134 silly packumentCache full:https://registry.npmjs.org/hermes-parser set size:undefined disposed:false
2135 http fetch GET 200 https://registry.npmjs.org/@babel%2fplugin-syntax-flow 56ms (cache miss)
2136 silly packumentCache full:https://registry.npmjs.org/@babel%2fplugin-syntax-flow set size:undefined disposed:false
2137 http fetch GET 200 https://registry.npmjs.org/@babel%2fplugin-syntax-flow 58ms (cache miss)
2138 silly packumentCache full:https://registry.npmjs.org/@babel%2fplugin-syntax-flow set size:undefined disposed:false
2139 http fetch GET 200 https://registry.npmjs.org/@babel%2fplugin-syntax-typescript 74ms (cache miss)
2140 silly packumentCache full:https://registry.npmjs.org/@babel%2fplugin-syntax-typescript set size:undefined disposed:false
2141 http fetch GET 200 https://registry.npmjs.org/@babel%2fplugin-syntax-jsx 119ms (cache miss)
2142 silly packumentCache full:https://registry.npmjs.org/@babel%2fplugin-syntax-jsx set size:undefined disposed:false
2143 silly placeDep ROOT @babel/plugin-syntax-flow@7.27.1 OK for: @babel/plugin-transform-flow-strip-types@7.27.1 want: ^7.27.1
2144 silly placeDep ROOT @babel/plugin-syntax-jsx@7.27.1 OK for: @babel/plugin-transform-react-jsx@7.27.1 want: ^7.27.1
2145 silly placeDep ROOT @babel/plugin-syntax-typescript@7.27.1 OK for: @babel/plugin-transform-typescript@7.28.0 want: ^7.27.1
2146 silly fetch manifest @babel/core@*
2147 silly packumentCache full:https://registry.npmjs.org/@babel%2fcore cache-hit
2148 silly placeDep ROOT @react-native/codegen@0.79.3 OK for: @react-native/babel-plugin-codegen@0.79.3 want: 0.79.3
2149 silly placeDep ROOT glob@7.2.3 OK for: @react-native/codegen@0.79.3 want: ^7.1.1
2150 silly placeDep ROOT hermes-parser@0.25.1 OK for: @react-native/codegen@0.79.3 want: 0.25.1
2151 silly placeDep ROOT nullthrows@1.1.1 OK for: @react-native/codegen@0.79.3 want: ^1.1.1
2152 silly placeDep ROOT yargs@17.7.2 OK for: @react-native/codegen@0.79.3 want: ^17.6.2
2153 silly fetch manifest once@^1.3.0
2154 silly packumentCache full:https://registry.npmjs.org/once cache-miss
2155 silly fetch manifest inflight@^1.0.4
2156 silly packumentCache full:https://registry.npmjs.org/inflight cache-miss
2157 silly fetch manifest inherits@2
2158 silly packumentCache full:https://registry.npmjs.org/inherits cache-miss
2159 silly fetch manifest minimatch@^3.1.1
2160 silly packumentCache full:https://registry.npmjs.org/minimatch cache-miss
2161 silly fetch manifest fs.realpath@^1.0.0
2162 silly packumentCache full:https://registry.npmjs.org/fs.realpath cache-miss
2163 silly fetch manifest path-is-absolute@^1.0.0
2164 silly packumentCache full:https://registry.npmjs.org/path-is-absolute cache-miss
2165 silly fetch manifest hermes-estree@0.25.1
2166 silly packumentCache full:https://registry.npmjs.org/hermes-estree cache-miss
2167 silly fetch manifest y18n@^5.0.5
2168 silly packumentCache full:https://registry.npmjs.org/y18n cache-miss
2169 silly fetch manifest cliui@^8.0.1
2170 silly packumentCache full:https://registry.npmjs.org/cliui cache-miss
2171 http cache https://registry.npmjs.org/minimatch 38ms (cache hit)
2172 silly packumentCache full:https://registry.npmjs.org/minimatch set size:298903 disposed:false
2173 silly fetch manifest escalade@^3.1.1
2174 silly packumentCache full:https://registry.npmjs.org/escalade cache-miss
2175 http fetch GET 200 https://registry.npmjs.org/fs.realpath 49ms (cache miss)
2176 silly packumentCache full:https://registry.npmjs.org/fs.realpath set size:undefined disposed:false
2177 silly fetch manifest string-width@^4.2.3
2178 silly packumentCache full:https://registry.npmjs.org/string-width cache-miss
2179 http fetch GET 200 https://registry.npmjs.org/inflight 51ms (cache miss)
2180 silly packumentCache full:https://registry.npmjs.org/inflight set size:undefined disposed:false
2181 silly fetch manifest yargs-parser@^21.1.1
2182 silly packumentCache full:https://registry.npmjs.org/yargs-parser cache-miss
2183 http fetch GET 200 https://registry.npmjs.org/hermes-estree 49ms (cache miss)
2184 silly packumentCache full:https://registry.npmjs.org/hermes-estree set size:undefined disposed:false
2185 silly fetch manifest get-caller-file@^2.0.5
2186 silly packumentCache full:https://registry.npmjs.org/get-caller-file cache-miss
2187 http fetch GET 200 https://registry.npmjs.org/once 56ms (cache miss)
2188 silly packumentCache full:https://registry.npmjs.org/once set size:undefined disposed:false
2189 silly fetch manifest require-directory@^2.1.1
2190 silly packumentCache full:https://registry.npmjs.org/require-directory cache-miss
2191 http fetch GET 200 https://registry.npmjs.org/inherits 59ms (cache miss)
2192 silly packumentCache full:https://registry.npmjs.org/inherits set size:undefined disposed:false
2193 http fetch GET 200 https://registry.npmjs.org/y18n 58ms (cache miss)
2194 silly packumentCache full:https://registry.npmjs.org/y18n set size:undefined disposed:false
2195 http fetch GET 200 https://registry.npmjs.org/cliui 57ms (cache miss)
2196 silly packumentCache full:https://registry.npmjs.org/cliui set size:undefined disposed:false
2197 http fetch GET 200 https://registry.npmjs.org/path-is-absolute 61ms (cache miss)
2198 silly packumentCache full:https://registry.npmjs.org/path-is-absolute set size:undefined disposed:false
2199 http fetch GET 200 https://registry.npmjs.org/yargs-parser 42ms (cache miss)
2200 silly packumentCache full:https://registry.npmjs.org/yargs-parser set size:undefined disposed:false
2201 http fetch GET 200 https://registry.npmjs.org/get-caller-file 47ms (cache miss)
2202 silly packumentCache full:https://registry.npmjs.org/get-caller-file set size:undefined disposed:false
2203 http fetch GET 200 https://registry.npmjs.org/string-width 70ms (cache miss)
2204 silly packumentCache full:https://registry.npmjs.org/string-width set size:undefined disposed:false
2205 http fetch GET 200 https://registry.npmjs.org/require-directory 79ms (cache miss)
2206 silly packumentCache full:https://registry.npmjs.org/require-directory set size:undefined disposed:false
2207 http fetch GET 200 https://registry.npmjs.org/escalade 95ms (cache miss)
2208 silly packumentCache full:https://registry.npmjs.org/escalade set size:undefined disposed:false
2209 silly fetch manifest eslint@>=8
2210 silly packumentCache full:https://registry.npmjs.org/eslint cache-miss
2211 http cache https://registry.npmjs.org/eslint 7ms (cache hit)
2212 silly packumentCache full:https://registry.npmjs.org/eslint set size:1831603 disposed:false
2213 silly fetch manifest eslint@^8.56.0
2214 silly packumentCache full:https://registry.npmjs.org/eslint cache-miss
2215 http cache https://registry.npmjs.org/eslint 5ms (cache hit)
2216 silly packumentCache full:https://registry.npmjs.org/eslint set size:1831603 disposed:false
2217 silly fetch manifest jest@*
2218 silly packumentCache full:https://registry.npmjs.org/jest cache-miss
2219 http cache https://registry.npmjs.org/jest 9ms (cache hit)
2220 silly packumentCache full:https://registry.npmjs.org/jest set size:842430 disposed:false
2221 silly fetch manifest jiti@*
2222 silly packumentCache full:https://registry.npmjs.org/jiti cache-miss
2223 http fetch GET 200 https://registry.npmjs.org/jiti 68ms (cache miss)
2224 silly packumentCache full:https://registry.npmjs.org/jiti set size:undefined disposed:false
2225 silly fetch manifest eslint@^8.1.0
2226 silly packumentCache full:https://registry.npmjs.org/eslint cache-miss
2227 http cache https://registry.npmjs.org/eslint 7ms (cache hit)
2228 silly packumentCache full:https://registry.npmjs.org/eslint set size:1831603 disposed:false
2229 silly fetch manifest eslint@^3.0.0 || ^4.0.0 || ^5.0.0 || ^6.0.0 || ^7.0.0 || ^8.0.0-0
2230 silly packumentCache full:https://registry.npmjs.org/eslint cache-miss
2231 http cache https://registry.npmjs.org/eslint 6ms (cache hit)
2232 silly packumentCache full:https://registry.npmjs.org/eslint set size:1831603 disposed:false
2233 silly fetch manifest eslint@^3.17.0 || ^4 || ^5 || ^6 || ^7 || ^8
2234 silly packumentCache full:https://registry.npmjs.org/eslint cache-miss
2235 http cache https://registry.npmjs.org/eslint 7ms (cache hit)
2236 silly packumentCache full:https://registry.npmjs.org/eslint set size:1831603 disposed:false
2237 silly placeDep ROOT @babel/eslint-parser@7.28.0 OK for: @react-native/eslint-config@0.79.3 want: ^7.25.1
2238 silly placeDep ROOT @react-native/eslint-plugin@0.79.3 OK for: @react-native/eslint-config@0.79.3 want: 0.79.3
2239 silly placeDep ROOT @typescript-eslint/eslint-plugin@7.18.0 OK for: @react-native/eslint-config@0.79.3 want: ^7.1.1
2240 silly placeDep ROOT @typescript-eslint/parser@7.18.0 OK for: @typescript-eslint/eslint-plugin@7.18.0 want: ^7.0.0
2241 silly placeDep ROOT eslint-config-prettier@8.10.2 OK for: @react-native/eslint-config@0.79.3 want: ^8.5.0
2242 silly placeDep ROOT eslint-plugin-eslint-comments@3.2.0 OK for: @react-native/eslint-config@0.79.3 want: ^3.2.0
2243 silly placeDep ROOT eslint-plugin-ft-flow@2.0.3 OK for: @react-native/eslint-config@0.79.3 want: ^2.0.1
2244 silly placeDep ROOT eslint-plugin-jest@27.9.0 OK for: @react-native/eslint-config@0.79.3 want: ^27.9.0
2245 silly placeDep ROOT eslint-plugin-react@7.37.5 OK for: @react-native/eslint-config@0.79.3 want: ^7.30.1
2246 silly placeDep ROOT eslint-plugin-react-hooks@4.6.2 OK for: @react-native/eslint-config@0.79.3 want: ^4.6.0
2247 silly placeDep ROOT eslint-plugin-react-native@4.1.0 OK for: @react-native/eslint-config@0.79.3 want: ^4.0.0
2248 silly fetch manifest eslint-visitor-keys@^2.1.0
2249 silly packumentCache full:https://registry.npmjs.org/eslint-visitor-keys cache-miss
2250 silly fetch manifest @nicolo-ribaudo/eslint-scope-5-internals@5.1.1-v1
2251 silly packumentCache full:https://registry.npmjs.org/@nicolo-ribaudo%2feslint-scope-5-internals cache-miss
2252 silly fetch manifest ignore@^5.3.1
2253 silly packumentCache full:https://registry.npmjs.org/ignore cache-miss
2254 silly fetch manifest ts-api-utils@^1.3.0
2255 silly packumentCache full:https://registry.npmjs.org/ts-api-utils cache-miss
2256 silly fetch manifest @typescript-eslint/utils@7.18.0
2257 silly packumentCache full:https://registry.npmjs.org/@typescript-eslint%2futils cache-miss
2258 silly fetch manifest @eslint-community/regexpp@^4.10.0
2259 silly packumentCache full:https://registry.npmjs.org/@eslint-community%2fregexpp cache-miss
2260 silly fetch manifest @typescript-eslint/type-utils@7.18.0
2261 silly packumentCache full:https://registry.npmjs.org/@typescript-eslint%2ftype-utils cache-miss
2262 silly fetch manifest @typescript-eslint/visitor-keys@7.18.0
2263 silly packumentCache full:https://registry.npmjs.org/@typescript-eslint%2fvisitor-keys cache-miss
2264 silly fetch manifest @typescript-eslint/scope-manager@7.18.0
2265 silly packumentCache full:https://registry.npmjs.org/@typescript-eslint%2fscope-manager cache-miss
2266 http cache https://registry.npmjs.org/ignore 5ms (cache hit)
2267 silly packumentCache full:https://registry.npmjs.org/ignore set size:237380 disposed:false
2268 silly fetch manifest @typescript-eslint/types@7.18.0
2269 silly packumentCache full:https://registry.npmjs.org/@typescript-eslint%2ftypes cache-miss
2270 http cache https://registry.npmjs.org/eslint-visitor-keys 8ms (cache hit)
2271 silly packumentCache full:https://registry.npmjs.org/eslint-visitor-keys set size:65553 disposed:false
2272 silly fetch manifest @typescript-eslint/visitor-keys@7.18.0
2273 silly packumentCache full:https://registry.npmjs.org/@typescript-eslint%2fvisitor-keys cache-miss
2274 http cache https://registry.npmjs.org/@eslint-community%2fregexpp 12ms (cache hit)
2275 silly packumentCache full:https://registry.npmjs.org/@eslint-community%2fregexpp set size:102941 disposed:false
2276 silly fetch manifest @typescript-eslint/scope-manager@7.18.0
2277 silly packumentCache full:https://registry.npmjs.org/@typescript-eslint%2fscope-manager cache-miss
2278 http fetch GET 200 https://registry.npmjs.org/ts-api-utils 62ms (cache miss)
2279 silly packumentCache full:https://registry.npmjs.org/ts-api-utils set size:undefined disposed:false
2280 silly fetch manifest @typescript-eslint/typescript-estree@7.18.0
2281 silly packumentCache full:https://registry.npmjs.org/@typescript-eslint%2ftypescript-estree cache-miss
2282 http fetch GET 200 https://registry.npmjs.org/@nicolo-ribaudo%2feslint-scope-5-internals 78ms (cache miss)
2283 silly packumentCache full:https://registry.npmjs.org/@nicolo-ribaudo%2feslint-scope-5-internals set size:undefined disposed:false
2284 silly fetch manifest escape-string-regexp@^1.0.5
2285 silly packumentCache full:https://registry.npmjs.org/escape-string-regexp cache-miss
2286 http cache https://registry.npmjs.org/escape-string-regexp 8ms (cache hit)
2287 silly packumentCache full:https://registry.npmjs.org/escape-string-regexp set size:22244 disposed:false
2288 silly fetch manifest ignore@^5.0.5
2289 silly packumentCache full:https://registry.npmjs.org/ignore cache-hit
2290 silly fetch manifest lodash@^4.17.21
2291 silly packumentCache full:https://registry.npmjs.org/lodash cache-miss
2292 http fetch GET 200 https://registry.npmjs.org/@typescript-eslint%2fvisitor-keys 650ms (cache miss)
2293 silly packumentCache full:https://registry.npmjs.org/@typescript-eslint%2fvisitor-keys set size:undefined disposed:false
2294 silly fetch manifest string-natural-compare@^3.0.1
2295 silly packumentCache full:https://registry.npmjs.org/string-natural-compare cache-miss
2296 http fetch GET 200 https://registry.npmjs.org/@typescript-eslint%2futils 731ms (cache miss)
2297 silly packumentCache full:https://registry.npmjs.org/@typescript-eslint%2futils set size:undefined disposed:false
2298 silly fetch manifest @typescript-eslint/utils@^5.10.0
2299 silly packumentCache full:https://registry.npmjs.org/@typescript-eslint%2futils cache-miss
2300 http cache https://registry.npmjs.org/@typescript-eslint%2futils 19ms (cache hit)
2301 silly packumentCache full:https://registry.npmjs.org/@typescript-eslint%2futils set size:8970160 disposed:false
2302 silly fetch manifest array-includes@^3.1.8
2303 silly packumentCache full:https://registry.npmjs.org/array-includes cache-miss
2304 http fetch GET 200 https://registry.npmjs.org/string-natural-compare 138ms (cache miss)
2305 silly packumentCache full:https://registry.npmjs.org/string-natural-compare set size:undefined disposed:false
2306 silly fetch manifest array.prototype.findlast@^1.2.5
2307 silly packumentCache full:https://registry.npmjs.org/array.prototype.findlast cache-miss
2308 http fetch GET 200 https://registry.npmjs.org/@typescript-eslint%2ftype-utils 879ms (cache miss)
2309 silly packumentCache full:https://registry.npmjs.org/@typescript-eslint%2ftype-utils set size:undefined disposed:false
2310 silly fetch manifest array.prototype.flatmap@^1.3.3
2311 silly packumentCache full:https://registry.npmjs.org/array.prototype.flatmap cache-miss
2312 http fetch GET 200 https://registry.npmjs.org/array-includes 104ms (cache miss)
2313 silly packumentCache full:https://registry.npmjs.org/array-includes set size:undefined disposed:false
2314 silly fetch manifest array.prototype.tosorted@^1.1.4
2315 silly packumentCache full:https://registry.npmjs.org/array.prototype.tosorted cache-miss
2316 http fetch GET 200 https://registry.npmjs.org/lodash 860ms (cache miss)
2317 silly packumentCache full:https://registry.npmjs.org/lodash set size:undefined disposed:false
2318 silly fetch manifest doctrine@^2.1.0
2319 silly packumentCache full:https://registry.npmjs.org/doctrine cache-miss
2320 http fetch GET 200 https://registry.npmjs.org/array.prototype.flatmap 48ms (cache miss)
2321 silly packumentCache full:https://registry.npmjs.org/array.prototype.flatmap set size:undefined disposed:false
2322 silly fetch manifest es-iterator-helpers@^1.2.1
2323 silly packumentCache full:https://registry.npmjs.org/es-iterator-helpers cache-miss
2324 http cache https://registry.npmjs.org/doctrine 5ms (cache hit)
2325 silly packumentCache full:https://registry.npmjs.org/doctrine set size:64052 disposed:false
2326 silly fetch manifest estraverse@^5.3.0
2327 silly packumentCache full:https://registry.npmjs.org/estraverse cache-miss
2328 http fetch GET 200 https://registry.npmjs.org/@typescript-eslint%2fscope-manager 973ms (cache miss)
2329 silly packumentCache full:https://registry.npmjs.org/@typescript-eslint%2fscope-manager set size:undefined disposed:false
2330 silly fetch manifest hasown@^2.0.2
2331 silly packumentCache full:https://registry.npmjs.org/hasown cache-miss
2332 http fetch GET 200 https://registry.npmjs.org/@typescript-eslint%2fscope-manager 1014ms (cache miss)
2333 silly packumentCache full:https://registry.npmjs.org/@typescript-eslint%2fscope-manager set size:undefined disposed:false
2334 silly fetch manifest jsx-ast-utils@^2.4.1 || ^3.0.0
2335 silly packumentCache full:https://registry.npmjs.org/jsx-ast-utils cache-miss
2336 http fetch GET 200 https://registry.npmjs.org/array.prototype.tosorted 138ms (cache miss)
2337 silly packumentCache full:https://registry.npmjs.org/array.prototype.tosorted set size:undefined disposed:false
2338 silly fetch manifest object.entries@^1.1.9
2339 silly packumentCache full:https://registry.npmjs.org/object.entries cache-miss
2340 http fetch GET 200 https://registry.npmjs.org/estraverse 109ms (cache miss)
2341 silly packumentCache full:https://registry.npmjs.org/estraverse set size:undefined disposed:false
2342 silly fetch manifest object.fromentries@^2.0.8
2343 silly packumentCache full:https://registry.npmjs.org/object.fromentries cache-miss
2344 http fetch GET 200 https://registry.npmjs.org/es-iterator-helpers 117ms (cache miss)
2345 silly packumentCache full:https://registry.npmjs.org/es-iterator-helpers set size:undefined disposed:false
2346 silly fetch manifest object.values@^1.2.1
2347 silly packumentCache full:https://registry.npmjs.org/object.values cache-miss
2348 http fetch GET 200 https://registry.npmjs.org/@typescript-eslint%2fvisitor-keys 1075ms (cache miss)
2349 silly packumentCache full:https://registry.npmjs.org/@typescript-eslint%2fvisitor-keys set size:undefined disposed:false
2350 silly fetch manifest prop-types@^15.8.1
2351 silly packumentCache full:https://registry.npmjs.org/prop-types cache-miss
2352 http fetch GET 200 https://registry.npmjs.org/@typescript-eslint%2ftypes 1120ms (cache miss)
2353 silly packumentCache full:https://registry.npmjs.org/@typescript-eslint%2ftypes set size:undefined disposed:false
2354 silly fetch manifest resolve@^2.0.0-next.5
2355 silly packumentCache full:https://registry.npmjs.org/resolve cache-miss
2356 http fetch GET 200 https://registry.npmjs.org/hasown 171ms (cache miss)
2357 silly packumentCache full:https://registry.npmjs.org/hasown set size:undefined disposed:false
2358 silly fetch manifest string.prototype.matchall@^4.0.12
2359 silly packumentCache full:https://registry.npmjs.org/string.prototype.matchall cache-miss
2360 http fetch GET 200 https://registry.npmjs.org/jsx-ast-utils 145ms (cache miss)
2361 silly packumentCache full:https://registry.npmjs.org/jsx-ast-utils set size:undefined disposed:false
2362 silly fetch manifest string.prototype.repeat@^1.0.0
2363 silly packumentCache full:https://registry.npmjs.org/string.prototype.repeat cache-miss
2364 http fetch GET 200 https://registry.npmjs.org/object.entries 141ms (cache miss)
2365 silly packumentCache full:https://registry.npmjs.org/object.entries set size:undefined disposed:false
2366 silly fetch manifest eslint-plugin-react-native-globals@^0.1.1
2367 silly packumentCache full:https://registry.npmjs.org/eslint-plugin-react-native-globals cache-miss
2368 http fetch GET 200 https://registry.npmjs.org/object.values 135ms (cache miss)
2369 silly packumentCache full:https://registry.npmjs.org/object.values set size:undefined disposed:false
2370 http fetch GET 200 https://registry.npmjs.org/object.fromentries 140ms (cache miss)
2371 silly packumentCache full:https://registry.npmjs.org/object.fromentries set size:undefined disposed:false
2372 http fetch GET 200 https://registry.npmjs.org/array.prototype.findlast 400ms (cache miss)
2373 silly packumentCache full:https://registry.npmjs.org/array.prototype.findlast set size:undefined disposed:false
2374 http fetch GET 200 https://registry.npmjs.org/prop-types 107ms (cache miss)
2375 silly packumentCache full:https://registry.npmjs.org/prop-types set size:undefined disposed:false
2376 http fetch GET 200 https://registry.npmjs.org/eslint-plugin-react-native-globals 49ms (cache miss)
2377 silly packumentCache full:https://registry.npmjs.org/eslint-plugin-react-native-globals set size:undefined disposed:false
2378 http fetch GET 200 https://registry.npmjs.org/resolve 93ms (cache miss)
2379 silly packumentCache full:https://registry.npmjs.org/resolve set size:undefined disposed:false
2380 http fetch GET 200 https://registry.npmjs.org/string.prototype.repeat 57ms (cache miss)
2381 silly packumentCache full:https://registry.npmjs.org/string.prototype.repeat set size:undefined disposed:false
2382 http fetch GET 200 https://registry.npmjs.org/string.prototype.matchall 139ms (cache miss)
2383 silly packumentCache full:https://registry.npmjs.org/string.prototype.matchall set size:undefined disposed:false
2384 http fetch GET 200 https://registry.npmjs.org/@typescript-eslint%2ftypescript-estree 1255ms (cache miss)
2385 silly packumentCache full:https://registry.npmjs.org/@typescript-eslint%2ftypescript-estree set size:undefined disposed:false
2386 silly placeDep ROOT @nicolo-ribaudo/eslint-scope-5-internals@5.1.1-v1 OK for: @babel/eslint-parser@7.28.0 want: 5.1.1-v1
2387 silly placeDep ROOT eslint-visitor-keys@2.1.0 OK for: @babel/eslint-parser@7.28.0 want: ^2.1.0
2388 silly fetch manifest eslint-scope@5.1.1
2389 silly packumentCache full:https://registry.npmjs.org/eslint-scope cache-miss
2390 http cache https://registry.npmjs.org/eslint-scope 11ms (cache hit)
2391 silly packumentCache full:https://registry.npmjs.org/eslint-scope set size:89295 disposed:false
2392 silly placeDep ROOT eslint-scope@5.1.1 OK for: @nicolo-ribaudo/eslint-scope-5-internals@5.1.1-v1 want: 5.1.1
2393 silly fetch manifest esrecurse@^4.3.0
2394 silly packumentCache full:https://registry.npmjs.org/esrecurse cache-miss
2395 silly fetch manifest estraverse@^4.1.1
2396 silly packumentCache full:https://registry.npmjs.org/estraverse cache-miss
2397 http cache https://registry.npmjs.org/estraverse 7ms (cache hit)
2398 silly packumentCache full:https://registry.npmjs.org/estraverse set size:62412 disposed:false
2399 http fetch GET 200 https://registry.npmjs.org/esrecurse 52ms (cache miss)
2400 silly packumentCache full:https://registry.npmjs.org/esrecurse set size:undefined disposed:false
2401 silly placeDep ROOT @react-native/js-polyfills@0.79.3 OK for: @react-native/metro-config@0.79.3 want: 0.79.3
2402 silly placeDep ROOT @react-native/metro-babel-transformer@0.79.3 OK for: @react-native/metro-config@0.79.3 want: 0.79.3
2403 silly placeDep ROOT metro-config@0.82.5 OK for: @react-native/metro-config@0.79.3 want: ^0.82.0
2404 silly placeDep ROOT metro-runtime@0.82.5 OK for: @react-native/metro-config@0.79.3 want: ^0.82.0
2405 silly fetch manifest metro@0.82.5
2406 silly packumentCache full:https://registry.npmjs.org/metro cache-miss
2407 silly fetch manifest metro-core@0.82.5
2408 silly packumentCache full:https://registry.npmjs.org/metro-core cache-miss
2409 silly fetch manifest cosmiconfig@^5.0.5
2410 silly packumentCache full:https://registry.npmjs.org/cosmiconfig cache-miss
2411 silly fetch manifest metro-cache@0.82.5
2412 silly packumentCache full:https://registry.npmjs.org/metro-cache cache-miss
2413 silly fetch manifest jest-validate@^29.7.0
2414 silly packumentCache full:https://registry.npmjs.org/jest-validate cache-miss
2415 silly fetch manifest metro-runtime@0.82.5
2416 silly packumentCache full:https://registry.npmjs.org/metro-runtime cache-hit
2417 http cache https://registry.npmjs.org/cosmiconfig 6ms (cache hit)
2418 silly packumentCache full:https://registry.npmjs.org/cosmiconfig set size:275399 disposed:false
2419 http fetch GET 200 https://registry.npmjs.org/metro-core 65ms (cache miss)
2420 silly packumentCache full:https://registry.npmjs.org/metro-core set size:undefined disposed:false
2421 http fetch GET 200 https://registry.npmjs.org/jest-validate 75ms (cache miss)
2422 silly packumentCache full:https://registry.npmjs.org/jest-validate set size:undefined disposed:false
2423 http fetch GET 200 https://registry.npmjs.org/metro-cache 132ms (cache miss)
2424 silly packumentCache full:https://registry.npmjs.org/metro-cache set size:undefined disposed:false
2425 http fetch GET 200 https://registry.npmjs.org/metro 168ms (cache miss)
2426 silly packumentCache full:https://registry.npmjs.org/metro set size:undefined disposed:false
2427 silly fetch manifest @react-native-masked-view/masked-view@>= 0.2.0
2428 silly packumentCache full:https://registry.npmjs.org/@react-native-masked-view%2fmasked-view cache-miss
2429 http fetch GET 200 https://registry.npmjs.org/@react-native-masked-view%2fmasked-view 61ms (cache miss)
2430 silly packumentCache full:https://registry.npmjs.org/@react-native-masked-view%2fmasked-view set size:undefined disposed:false
2431 silly fetch manifest react@>= 18.2.0
2432 silly packumentCache full:https://registry.npmjs.org/react cache-miss
2433 http cache https://registry.npmjs.org/react 8ms (cache hit)
2434 silly packumentCache full:https://registry.npmjs.org/react set size:5973996 disposed:false
2435 silly fetch manifest react-native@*
2436 silly packumentCache full:https://registry.npmjs.org/react-native cache-miss
2437 http cache https://registry.npmjs.org/react-native 16ms (cache hit)
2438 silly packumentCache full:https://registry.npmjs.org/react-native set size:13957313 disposed:false
2439 silly fetch manifest @types/react@^19.1.0
2440 silly packumentCache full:https://registry.npmjs.org/@types%2freact cache-miss
2441 http cache https://registry.npmjs.org/@types%2freact 6ms (cache hit)
2442 silly packumentCache full:https://registry.npmjs.org/@types%2freact set size:2444765 disposed:false
2443 silly fetch manifest @react-navigation/native@^7.1.17
2444 silly packumentCache full:https://registry.npmjs.org/@react-navigation%2fnative cache-miss
2445 http cache https://registry.npmjs.org/@react-navigation%2fnative 4ms (cache hit)
2446 silly packumentCache full:https://registry.npmjs.org/@react-navigation%2fnative set size:953901 disposed:false
2447 silly fetch manifest react-native-safe-area-context@>= 4.0.0
2448 silly packumentCache full:https://registry.npmjs.org/react-native-safe-area-context cache-miss
2449 http cache https://registry.npmjs.org/react-native-safe-area-context 3ms (cache hit)
2450 silly packumentCache full:https://registry.npmjs.org/react-native-safe-area-context set size:652732 disposed:false
2451 silly placeDep ROOT @react-navigation/elements@2.6.3 OK for: @react-navigation/bottom-tabs@7.4.6 want: ^2.6.3
2452 silly placeDep ROOT color@4.2.3 OK for: @react-navigation/bottom-tabs@7.4.6 want: ^4.2.3
2453 silly fetch manifest use-sync-external-store@^1.5.0
2454 silly packumentCache full:https://registry.npmjs.org/use-sync-external-store cache-miss
2455 silly fetch manifest color-string@^1.9.0
2456 silly packumentCache full:https://registry.npmjs.org/color-string cache-miss
2457 silly fetch manifest color-convert@^2.0.1
2458 silly packumentCache full:https://registry.npmjs.org/color-convert cache-miss
2459 http cache https://registry.npmjs.org/use-sync-external-store 7ms (cache hit)
2460 silly packumentCache full:https://registry.npmjs.org/use-sync-external-store set size:3949643 disposed:false
2461 http fetch GET 200 https://registry.npmjs.org/color-string 40ms (cache miss)
2462 silly packumentCache full:https://registry.npmjs.org/color-string set size:undefined disposed:false
2463 http fetch GET 200 https://registry.npmjs.org/color-convert 98ms (cache miss)
2464 silly packumentCache full:https://registry.npmjs.org/color-convert set size:undefined disposed:false
2465 silly placeDep ROOT use-latest-callback@0.2.4 OK for: @react-navigation/elements@2.6.3 want: ^0.2.4
2466 silly placeDep ROOT use-sync-external-store@1.5.0 OK for: @react-navigation/elements@2.6.3 want: ^1.5.0
2467 silly placeDep ROOT @react-navigation/core@7.12.4 OK for: @react-navigation/native@7.1.17 want: ^7.12.4
2468 silly placeDep ROOT escape-string-regexp@4.0.0 OK for: @react-navigation/native@7.1.17 want: ^4.0.0
2469 silly placeDep ROOT fast-deep-equal@3.1.3 OK for: @react-navigation/native@7.1.17 want: ^3.1.3
2470 silly placeDep ROOT nanoid@3.3.11 OK for: @react-navigation/native@7.1.17 want: ^3.3.11
2471 silly fetch manifest @react-navigation/routers@^7.5.1
2472 silly packumentCache full:https://registry.npmjs.org/@react-navigation%2frouters cache-miss
2473 silly fetch manifest query-string@^7.1.3
2474 silly packumentCache full:https://registry.npmjs.org/query-string cache-miss
2475 http fetch GET 200 https://registry.npmjs.org/query-string 95ms (cache miss)
2476 silly packumentCache full:https://registry.npmjs.org/query-string set size:undefined disposed:false
2477 http fetch GET 200 https://registry.npmjs.org/@react-navigation%2frouters 97ms (cache miss)
2478 silly packumentCache full:https://registry.npmjs.org/@react-navigation%2frouters set size:undefined disposed:false
2479 silly placeDep ROOT @react-navigation/routers@7.5.1 OK for: @react-navigation/core@7.12.4 want: ^7.5.1
2480 silly placeDep ROOT query-string@7.1.3 OK for: @react-navigation/core@7.12.4 want: ^7.1.3
2481 silly placeDep ROOT react-is@19.1.1 OK for: @react-navigation/core@7.12.4 want: ^19.1.0
2482 silly fetch manifest filter-obj@^1.1.0
2483 silly packumentCache full:https://registry.npmjs.org/filter-obj cache-miss
2484 silly fetch manifest split-on-first@^1.0.0
2485 silly packumentCache full:https://registry.npmjs.org/split-on-first cache-miss
2486 silly fetch manifest strict-uri-encode@^2.0.0
2487 silly packumentCache full:https://registry.npmjs.org/strict-uri-encode cache-miss
2488 silly fetch manifest decode-uri-component@^0.2.2
2489 silly packumentCache full:https://registry.npmjs.org/decode-uri-component cache-miss
2490 http fetch GET 200 https://registry.npmjs.org/strict-uri-encode 45ms (cache miss)
2491 silly packumentCache full:https://registry.npmjs.org/strict-uri-encode set size:undefined disposed:false
2492 http fetch GET 200 https://registry.npmjs.org/split-on-first 48ms (cache miss)
2493 silly packumentCache full:https://registry.npmjs.org/split-on-first set size:undefined disposed:false
2494 http fetch GET 200 https://registry.npmjs.org/filter-obj 51ms (cache miss)
2495 silly packumentCache full:https://registry.npmjs.org/filter-obj set size:undefined disposed:false
2496 http fetch GET 200 https://registry.npmjs.org/decode-uri-component 52ms (cache miss)
2497 silly packumentCache full:https://registry.npmjs.org/decode-uri-component set size:undefined disposed:false
2498 silly fetch manifest react@>=17.0.0
2499 silly packumentCache full:https://registry.npmjs.org/react cache-miss
2500 http cache https://registry.npmjs.org/react 10ms (cache hit)
2501 silly packumentCache full:https://registry.npmjs.org/react set size:5973996 disposed:false
2502 silly placeDep ROOT @sentry/babel-plugin-component-annotate@4.1.1 OK for: @sentry/react-native@6.20.0 want: 4.1.1
2503 silly placeDep ROOT @sentry/browser@8.55.0 OK for: @sentry/react-native@6.20.0 want: 8.55.0
2504 silly placeDep ROOT @sentry/cli@2.51.1 OK for: @sentry/react-native@6.20.0 want: 2.51.1
2505 silly placeDep ROOT @sentry/core@8.55.0 OK for: @sentry/react-native@6.20.0 want: 8.55.0
2506 silly placeDep ROOT @sentry/react@8.55.0 OK for: @sentry/react-native@6.20.0 want: 8.55.0
2507 silly placeDep ROOT @sentry/types@8.55.0 OK for: @sentry/react-native@6.20.0 want: 8.55.0
2508 silly placeDep ROOT @sentry/utils@8.55.0 OK for: @sentry/react-native@6.20.0 want: 8.55.0
2509 silly fetch manifest @sentry-internal/replay@8.55.0
2510 silly packumentCache full:https://registry.npmjs.org/@sentry-internal%2freplay cache-miss
2511 silly fetch manifest @sentry-internal/feedback@8.55.0
2512 silly packumentCache full:https://registry.npmjs.org/@sentry-internal%2ffeedback cache-miss
2513 silly fetch manifest @sentry-internal/browser-utils@8.55.0
2514 silly packumentCache full:https://registry.npmjs.org/@sentry-internal%2fbrowser-utils cache-miss
2515 silly fetch manifest @sentry-internal/replay-canvas@8.55.0
2516 silly packumentCache full:https://registry.npmjs.org/@sentry-internal%2freplay-canvas cache-miss
2517 silly fetch manifest which@^2.0.2
2518 silly packumentCache full:https://registry.npmjs.org/which cache-miss
2519 silly fetch manifest progress@^2.0.3
2520 silly packumentCache full:https://registry.npmjs.org/progress cache-miss
2521 silly fetch manifest node-fetch@^2.6.7
2522 silly packumentCache full:https://registry.npmjs.org/node-fetch cache-miss
2523 silly fetch manifest proxy-from-env@^1.1.0
2524 silly packumentCache full:https://registry.npmjs.org/proxy-from-env cache-miss
2525 silly fetch manifest https-proxy-agent@^5.0.0
2526 silly packumentCache full:https://registry.npmjs.org/https-proxy-agent cache-miss
2527 http fetch GET 200 https://registry.npmjs.org/progress 58ms (cache miss)
2528 silly packumentCache full:https://registry.npmjs.org/progress set size:undefined disposed:false
2529 silly fetch manifest @sentry/cli-darwin@2.51.1
2530 silly packumentCache full:https://registry.npmjs.org/@sentry%2fcli-darwin cache-miss
2531 http fetch GET 200 https://registry.npmjs.org/which 60ms (cache miss)
2532 silly packumentCache full:https://registry.npmjs.org/which set size:undefined disposed:false
2533 silly fetch manifest @sentry/cli-linux-arm@2.51.1
2534 silly packumentCache full:https://registry.npmjs.org/@sentry%2fcli-linux-arm cache-miss
2535 http fetch GET 200 https://registry.npmjs.org/proxy-from-env 77ms (cache miss)
2536 silly packumentCache full:https://registry.npmjs.org/proxy-from-env set size:undefined disposed:false
2537 silly fetch manifest @sentry/cli-linux-x64@2.51.1
2538 silly packumentCache full:https://registry.npmjs.org/@sentry%2fcli-linux-x64 cache-miss
2539 http fetch GET 200 https://registry.npmjs.org/https-proxy-agent 77ms (cache miss)
2540 silly packumentCache full:https://registry.npmjs.org/https-proxy-agent set size:undefined disposed:false
2541 silly fetch manifest @sentry/cli-win32-x64@2.51.1
2542 silly packumentCache full:https://registry.npmjs.org/@sentry%2fcli-win32-x64 cache-miss
2543 http fetch GET 200 https://registry.npmjs.org/node-fetch 80ms (cache miss)
2544 silly packumentCache full:https://registry.npmjs.org/node-fetch set size:undefined disposed:false
2545 silly fetch manifest @sentry/cli-linux-i686@2.51.1
2546 silly packumentCache full:https://registry.npmjs.org/@sentry%2fcli-linux-i686 cache-miss
2547 http fetch GET 200 https://registry.npmjs.org/@sentry-internal%2freplay 86ms (cache miss)
2548 silly packumentCache full:https://registry.npmjs.org/@sentry-internal%2freplay set size:undefined disposed:false
2549 silly fetch manifest @sentry/cli-win32-i686@2.51.1
2550 silly packumentCache full:https://registry.npmjs.org/@sentry%2fcli-win32-i686 cache-miss
2551 http fetch GET 200 https://registry.npmjs.org/@sentry-internal%2freplay-canvas 110ms (cache miss)
2552 silly packumentCache full:https://registry.npmjs.org/@sentry-internal%2freplay-canvas set size:undefined disposed:false
2553 silly fetch manifest @sentry/cli-linux-arm64@2.51.1
2554 silly packumentCache full:https://registry.npmjs.org/@sentry%2fcli-linux-arm64 cache-miss
2555 http fetch GET 200 https://registry.npmjs.org/@sentry-internal%2fbrowser-utils 131ms (cache miss)
2556 silly packumentCache full:https://registry.npmjs.org/@sentry-internal%2fbrowser-utils set size:undefined disposed:false
2557 silly fetch manifest @sentry/cli-win32-arm64@2.51.1
2558 silly packumentCache full:https://registry.npmjs.org/@sentry%2fcli-win32-arm64 cache-miss
2559 http fetch GET 200 https://registry.npmjs.org/@sentry-internal%2ffeedback 137ms (cache miss)
2560 silly packumentCache full:https://registry.npmjs.org/@sentry-internal%2ffeedback set size:undefined disposed:false
2561 silly fetch manifest hoist-non-react-statics@^3.3.2
2562 silly packumentCache full:https://registry.npmjs.org/hoist-non-react-statics cache-miss
2563 http cache https://registry.npmjs.org/hoist-non-react-statics 8ms (cache hit)
2564 silly packumentCache full:https://registry.npmjs.org/hoist-non-react-statics set size:97044 disposed:false
2565 http fetch GET 200 https://registry.npmjs.org/@sentry%2fcli-linux-x64 76ms (cache miss)
2566 silly packumentCache full:https://registry.npmjs.org/@sentry%2fcli-linux-x64 set size:undefined disposed:false
2567 http fetch GET 200 https://registry.npmjs.org/@sentry%2fcli-linux-i686 85ms (cache miss)
2568 silly packumentCache full:https://registry.npmjs.org/@sentry%2fcli-linux-i686 set size:undefined disposed:false
2569 http fetch GET 200 https://registry.npmjs.org/@sentry%2fcli-linux-arm 141ms (cache miss)
2570 silly packumentCache full:https://registry.npmjs.org/@sentry%2fcli-linux-arm set size:undefined disposed:false
2571 http fetch GET 200 https://registry.npmjs.org/@sentry%2fcli-darwin 146ms (cache miss)
2572 silly packumentCache full:https://registry.npmjs.org/@sentry%2fcli-darwin set size:undefined disposed:false
2573 http fetch GET 200 https://registry.npmjs.org/@sentry%2fcli-win32-arm64 98ms (cache miss)
2574 silly packumentCache full:https://registry.npmjs.org/@sentry%2fcli-win32-arm64 set size:undefined disposed:false
2575 http fetch GET 200 https://registry.npmjs.org/@sentry%2fcli-win32-i686 144ms (cache miss)
2576 silly packumentCache full:https://registry.npmjs.org/@sentry%2fcli-win32-i686 set size:undefined disposed:false
2577 http fetch GET 200 https://registry.npmjs.org/@sentry%2fcli-win32-x64 153ms (cache miss)
2578 silly packumentCache full:https://registry.npmjs.org/@sentry%2fcli-win32-x64 set size:undefined disposed:false
2579 http fetch GET 200 https://registry.npmjs.org/@sentry%2fcli-linux-arm64 210ms (cache miss)
2580 silly packumentCache full:https://registry.npmjs.org/@sentry%2fcli-linux-arm64 set size:undefined disposed:false
2581 silly placeDep ROOT @sentry-internal/browser-utils@8.55.0 OK for: @sentry/browser@8.55.0 want: 8.55.0
2582 silly placeDep ROOT @sentry-internal/feedback@8.55.0 OK for: @sentry/browser@8.55.0 want: 8.55.0
2583 silly placeDep ROOT @sentry-internal/replay@8.55.0 OK for: @sentry/browser@8.55.0 want: 8.55.0
2584 silly placeDep ROOT @sentry-internal/replay-canvas@8.55.0 OK for: @sentry/browser@8.55.0 want: 8.55.0
2585 silly fetch manifest encoding@^0.1.0
2586 silly packumentCache full:https://registry.npmjs.org/encoding cache-miss
2587 http fetch GET 200 https://registry.npmjs.org/encoding 59ms (cache miss)
2588 silly packumentCache full:https://registry.npmjs.org/encoding set size:undefined disposed:false
2589 silly placeDep ROOT @sentry/cli-darwin@2.51.1 OK for: @sentry/cli@2.51.1 want: 2.51.1
2590 silly placeDep ROOT @sentry/cli-linux-arm@2.51.1 OK for: @sentry/cli@2.51.1 want: 2.51.1
2591 silly placeDep ROOT @sentry/cli-linux-arm64@2.51.1 OK for: @sentry/cli@2.51.1 want: 2.51.1
2592 silly placeDep ROOT @sentry/cli-linux-i686@2.51.1 OK for: @sentry/cli@2.51.1 want: 2.51.1
2593 silly placeDep ROOT @sentry/cli-linux-x64@2.51.1 OK for: @sentry/cli@2.51.1 want: 2.51.1
2594 silly placeDep ROOT @sentry/cli-win32-arm64@2.51.1 OK for: @sentry/cli@2.51.1 want: 2.51.1
2595 silly placeDep ROOT @sentry/cli-win32-i686@2.51.1 OK for: @sentry/cli@2.51.1 want: 2.51.1
2596 silly placeDep ROOT @sentry/cli-win32-x64@2.51.1 OK for: @sentry/cli@2.51.1 want: 2.51.1
2597 silly placeDep ROOT https-proxy-agent@5.0.1 OK for: @sentry/cli@2.51.1 want: ^5.0.0
2598 silly placeDep ROOT node-fetch@2.7.0 OK for: @sentry/cli@2.51.1 want: ^2.6.7
2599 silly placeDep ROOT progress@2.0.3 OK for: @sentry/cli@2.51.1 want: ^2.0.3
2600 silly placeDep ROOT proxy-from-env@1.1.0 OK for: @sentry/cli@2.51.1 want: ^1.1.0
2601 silly placeDep ROOT which@2.0.2 OK for: @sentry/cli@2.51.1 want: ^2.0.2
2602 silly fetch manifest agent-base@6
2603 silly packumentCache full:https://registry.npmjs.org/agent-base cache-miss
2604 silly fetch manifest whatwg-url@^5.0.0
2605 silly packumentCache full:https://registry.npmjs.org/whatwg-url cache-miss
2606 silly fetch manifest isexe@^2.0.0
2607 silly packumentCache full:https://registry.npmjs.org/isexe cache-miss
2608 http fetch GET 200 https://registry.npmjs.org/agent-base 49ms (cache miss)
2609 silly packumentCache full:https://registry.npmjs.org/agent-base set size:undefined disposed:false
2610 http fetch GET 200 https://registry.npmjs.org/whatwg-url 61ms (cache miss)
2611 silly packumentCache full:https://registry.npmjs.org/whatwg-url set size:undefined disposed:false
2612 http fetch GET 200 https://registry.npmjs.org/isexe 70ms (cache miss)
2613 silly packumentCache full:https://registry.npmjs.org/isexe set size:undefined disposed:false
2614 silly placeDep ROOT hoist-non-react-statics@3.3.2 OK for: @sentry/react@8.55.0 want: ^3.3.2
2615 silly fetch manifest react-is@^16.7.0
2616 silly packumentCache full:https://registry.npmjs.org/react-is cache-miss
2617 http cache https://registry.npmjs.org/react-is 7ms (cache hit)
2618 silly packumentCache full:https://registry.npmjs.org/react-is set size:4853482 disposed:false
2619 silly placeDep ROOT jest-diff@29.7.0 OK for: @testing-library/jest-native@5.4.3 want: ^29.0.1
2620 silly placeDep ROOT jest-matcher-utils@29.7.0 OK for: @testing-library/jest-native@5.4.3 want: ^29.0.1
2621 silly placeDep ROOT redent@3.0.0 OK for: @testing-library/jest-native@5.4.3 want: ^3.0.0
2622 silly fetch manifest jest-get-type@^29.6.3
2623 silly packumentCache full:https://registry.npmjs.org/jest-get-type cache-miss
2624 silly fetch manifest diff-sequences@^29.6.3
2625 silly packumentCache full:https://registry.npmjs.org/diff-sequences cache-miss
2626 silly fetch manifest jest-get-type@^29.6.3
2627 silly packumentCache full:https://registry.npmjs.org/jest-get-type cache-miss
2628 silly fetch manifest indent-string@^4.0.0
2629 silly packumentCache full:https://registry.npmjs.org/indent-string cache-miss
2630 silly fetch manifest strip-indent@^3.0.0
2631 silly packumentCache full:https://registry.npmjs.org/strip-indent cache-miss
2632 http fetch GET 200 https://registry.npmjs.org/jest-get-type 44ms (cache miss)
2633 silly packumentCache full:https://registry.npmjs.org/jest-get-type set size:undefined disposed:false
2634 http fetch GET 200 https://registry.npmjs.org/jest-get-type 55ms (cache miss)
2635 silly packumentCache full:https://registry.npmjs.org/jest-get-type set size:undefined disposed:false
2636 http fetch GET 200 https://registry.npmjs.org/diff-sequences 57ms (cache miss)
2637 silly packumentCache full:https://registry.npmjs.org/diff-sequences set size:undefined disposed:false
2638 http fetch GET 200 https://registry.npmjs.org/strip-indent 91ms (cache miss)
2639 silly packumentCache full:https://registry.npmjs.org/strip-indent set size:undefined disposed:false
2640 http fetch GET 200 https://registry.npmjs.org/indent-string 125ms (cache miss)
2641 silly packumentCache full:https://registry.npmjs.org/indent-string set size:undefined disposed:false
2642 silly placeDep node_modules/@testing-library/react-native jest-matcher-utils@30.0.5 OK for: @testing-library/react-native@13.3.2 want: ^30.0.5
2643 silly placeDep node_modules/@testing-library/react-native pretty-format@30.0.5 OK for: @testing-library/react-native@13.3.2 want: ^30.0.5
2644 silly fetch manifest @jest/get-type@30.0.1
2645 silly packumentCache full:https://registry.npmjs.org/@jest%2fget-type cache-miss
2646 silly fetch manifest jest-diff@30.0.5
2647 silly packumentCache full:https://registry.npmjs.org/jest-diff cache-miss
2648 silly fetch manifest pretty-format@30.0.5
2649 silly packumentCache full:https://registry.npmjs.org/pretty-format cache-hit
2650 silly fetch manifest @jest/schemas@30.0.5
2651 silly packumentCache full:https://registry.npmjs.org/@jest%2fschemas cache-miss
2652 silly fetch manifest ansi-styles@^5.2.0
2653 silly packumentCache full:https://registry.npmjs.org/ansi-styles cache-hit
2654 silly fetch manifest react-is@^18.3.1
2655 silly packumentCache full:https://registry.npmjs.org/react-is cache-miss
2656 http cache https://registry.npmjs.org/@jest%2fschemas 4ms (cache hit)
2657 silly packumentCache full:https://registry.npmjs.org/@jest%2fschemas set size:68580 disposed:false
2658 http cache https://registry.npmjs.org/jest-diff 5ms (cache hit)
2659 silly packumentCache full:https://registry.npmjs.org/jest-diff set size:543775 disposed:false
2660 http cache https://registry.npmjs.org/react-is 10ms (cache hit)
2661 silly packumentCache full:https://registry.npmjs.org/react-is set size:4853482 disposed:false
2662 http fetch GET 200 https://registry.npmjs.org/@jest%2fget-type 108ms (cache miss)
2663 silly packumentCache full:https://registry.npmjs.org/@jest%2fget-type set size:undefined disposed:false
2664 silly placeDep ROOT expect@29.7.0 OK for: @types/jest@29.5.14 want: ^29.0.0
2665 silly fetch manifest jest-util@^29.7.0
2666 silly packumentCache full:https://registry.npmjs.org/jest-util cache-miss
2667 silly fetch manifest jest-message-util@^29.7.0
2668 silly packumentCache full:https://registry.npmjs.org/jest-message-util cache-miss
2669 silly fetch manifest @jest/expect-utils@^29.7.0
2670 silly packumentCache full:https://registry.npmjs.org/@jest%2fexpect-utils cache-miss
2671 http fetch GET 200 https://registry.npmjs.org/jest-util 61ms (cache miss)
2672 silly packumentCache full:https://registry.npmjs.org/jest-util set size:undefined disposed:false
2673 http fetch GET 200 https://registry.npmjs.org/@jest%2fexpect-utils 95ms (cache miss)
2674 silly packumentCache full:https://registry.npmjs.org/@jest%2fexpect-utils set size:undefined disposed:false
2675 http fetch GET 200 https://registry.npmjs.org/jest-message-util 96ms (cache miss)
2676 silly packumentCache full:https://registry.npmjs.org/jest-message-util set size:undefined disposed:false
2677 silly placeDep ROOT csstype@3.1.3 OK for: @types/react@19.1.11 want: ^3.0.2
2678 silly fetch manifest typescript@>=4.2.0
2679 silly packumentCache full:https://registry.npmjs.org/typescript cache-miss
2680 http cache https://registry.npmjs.org/typescript 19ms (cache hit)
2681 silly packumentCache full:https://registry.npmjs.org/typescript set size:14590075 disposed:false
2682 silly placeDep ROOT @eslint-community/regexpp@4.12.1 OK for: @typescript-eslint/eslint-plugin@7.18.0 want: ^4.10.0
2683 silly placeDep ROOT @typescript-eslint/scope-manager@7.18.0 OK for: @typescript-eslint/eslint-plugin@7.18.0 want: 7.18.0
2684 silly placeDep ROOT @typescript-eslint/type-utils@7.18.0 OK for: @typescript-eslint/eslint-plugin@7.18.0 want: 7.18.0
2685 silly placeDep ROOT @typescript-eslint/utils@7.18.0 OK for: @typescript-eslint/eslint-plugin@7.18.0 want: 7.18.0
2686 silly placeDep ROOT @typescript-eslint/visitor-keys@7.18.0 OK for: @typescript-eslint/eslint-plugin@7.18.0 want: 7.18.0
2687 silly placeDep ROOT graphemer@1.4.0 OK for: @typescript-eslint/eslint-plugin@7.18.0 want: ^1.4.0
2688 silly placeDep ROOT ignore@5.3.2 OK for: @typescript-eslint/eslint-plugin@7.18.0 want: ^5.3.1
2689 silly placeDep ROOT natural-compare@1.4.0 OK for: @typescript-eslint/eslint-plugin@7.18.0 want: ^1.4.0
2690 silly placeDep ROOT ts-api-utils@1.4.3 OK for: @typescript-eslint/eslint-plugin@7.18.0 want: ^1.3.0
2691 silly fetch manifest @eslint-community/eslint-utils@^4.4.0
2692 silly packumentCache full:https://registry.npmjs.org/@eslint-community%2feslint-utils cache-miss
2693 http cache https://registry.npmjs.org/@eslint-community%2feslint-utils 4ms (cache hit)
2694 silly packumentCache full:https://registry.npmjs.org/@eslint-community%2feslint-utils set size:76618 disposed:false
2695 silly placeDep ROOT @typescript-eslint/types@7.18.0 OK for: @typescript-eslint/parser@7.18.0 want: 7.18.0
2696 silly placeDep ROOT @typescript-eslint/typescript-estree@7.18.0 OK for: @typescript-eslint/parser@7.18.0 want: 7.18.0
2697 silly fetch manifest globby@^11.1.0
2698 silly packumentCache full:https://registry.npmjs.org/globby cache-miss
2699 silly fetch manifest semver@^7.6.0
2700 silly packumentCache full:https://registry.npmjs.org/semver cache-hit
2701 silly fetch manifest is-glob@^4.0.3
2702 silly packumentCache full:https://registry.npmjs.org/is-glob cache-miss
2703 silly fetch manifest minimatch@^9.0.4
2704 silly packumentCache full:https://registry.npmjs.org/minimatch cache-hit
2705 http cache https://registry.npmjs.org/is-glob 3ms (cache hit)
2706 silly packumentCache full:https://registry.npmjs.org/is-glob set size:40530 disposed:false
2707 http fetch GET 200 https://registry.npmjs.org/globby 57ms (cache miss)
2708 silly packumentCache full:https://registry.npmjs.org/globby set size:undefined disposed:false
2709 silly placeDep ROOT globby@11.1.0 OK for: @typescript-eslint/typescript-estree@7.18.0 want: ^11.1.0
2710 silly placeDep ROOT is-glob@4.0.3 OK for: @typescript-eslint/typescript-estree@7.18.0 want: ^4.0.3
2711 silly placeDep ROOT minimatch@9.0.5 OK for: @typescript-eslint/typescript-estree@7.18.0 want: ^9.0.4
2712 silly placeDep node_modules/@typescript-eslint/typescript-estree semver@7.7.2 OK for: @typescript-eslint/typescript-estree@7.18.0 want: ^7.6.0
2713 silly fetch manifest slash@^3.0.0
2714 silly packumentCache full:https://registry.npmjs.org/slash cache-miss
2715 silly fetch manifest merge2@^1.4.1
2716 silly packumentCache full:https://registry.npmjs.org/merge2 cache-miss
2717 silly fetch manifest dir-glob@^3.0.1
2718 silly packumentCache full:https://registry.npmjs.org/dir-glob cache-miss
2719 silly fetch manifest array-union@^2.1.0
2720 silly packumentCache full:https://registry.npmjs.org/array-union cache-miss
2721 silly fetch manifest is-extglob@^2.1.1
2722 silly packumentCache full:https://registry.npmjs.org/is-extglob cache-miss
2723 silly fetch manifest brace-expansion@^2.0.1
2724 silly packumentCache full:https://registry.npmjs.org/brace-expansion cache-miss
2725 http cache https://registry.npmjs.org/merge2 4ms (cache hit)
2726 silly packumentCache full:https://registry.npmjs.org/merge2 set size:46159 disposed:false
2727 http fetch GET 200 https://registry.npmjs.org/slash 48ms (cache miss)
2728 silly packumentCache full:https://registry.npmjs.org/slash set size:undefined disposed:false
2729 http fetch GET 200 https://registry.npmjs.org/brace-expansion 47ms (cache miss)
2730 silly packumentCache full:https://registry.npmjs.org/brace-expansion set size:undefined disposed:false
2731 http fetch GET 200 https://registry.npmjs.org/array-union 49ms (cache miss)
2732 silly packumentCache full:https://registry.npmjs.org/array-union set size:undefined disposed:false
2733 http fetch GET 200 https://registry.npmjs.org/is-extglob 54ms (cache miss)
2734 silly packumentCache full:https://registry.npmjs.org/is-extglob set size:undefined disposed:false
2735 http fetch GET 200 https://registry.npmjs.org/dir-glob 79ms (cache miss)
2736 silly packumentCache full:https://registry.npmjs.org/dir-glob set size:undefined disposed:false
2737 silly placeDep ROOT @eslint-community/eslint-utils@4.7.0 OK for: @typescript-eslint/utils@7.18.0 want: ^4.4.0
2738 silly placeDep node_modules/@eslint-community/eslint-utils eslint-visitor-keys@3.4.3 OK for: @eslint-community/eslint-utils@4.7.0 want: ^3.4.3
2739 silly placeDep node_modules/@typescript-eslint/visitor-keys eslint-visitor-keys@3.4.3 OK for: @typescript-eslint/visitor-keys@7.18.0 want: ^3.4.3
2740 silly fetch manifest @babel/core@^7.4.0 || ^8.0.0-0 <8.0.0
2741 silly packumentCache full:https://registry.npmjs.org/@babel%2fcore cache-hit
2742 silly placeDep ROOT @babel/helper-define-polyfill-provider@0.6.5 OK for: babel-plugin-polyfill-corejs2@0.4.14 want: ^0.6.5
2743 silly fetch manifest lodash.debounce@^4.0.8
2744 silly packumentCache full:https://registry.npmjs.org/lodash.debounce cache-miss
2745 silly fetch manifest resolve@^1.22.10
2746 silly packumentCache full:https://registry.npmjs.org/resolve cache-miss
2747 http cache https://registry.npmjs.org/resolve 8ms (cache hit)
2748 silly packumentCache full:https://registry.npmjs.org/resolve set size:243806 disposed:false
2749 http fetch GET 200 https://registry.npmjs.org/lodash.debounce 56ms (cache miss)
2750 silly packumentCache full:https://registry.npmjs.org/lodash.debounce set size:undefined disposed:false
2751 silly placeDep ROOT lodash.debounce@4.0.8 OK for: @babel/helper-define-polyfill-provider@0.6.5 want: ^4.0.8
2752 silly placeDep ROOT resolve@1.22.10 OK for: @babel/helper-define-polyfill-provider@0.6.5 want: ^1.22.10
2753 silly fetch manifest is-core-module@^2.16.0
2754 silly packumentCache full:https://registry.npmjs.org/is-core-module cache-miss
2755 silly fetch manifest path-parse@^1.0.7
2756 silly packumentCache full:https://registry.npmjs.org/path-parse cache-miss
2757 silly fetch manifest supports-preserve-symlinks-flag@^1.0.0
2758 silly packumentCache full:https://registry.npmjs.org/supports-preserve-symlinks-flag cache-miss
2759 http fetch GET 200 https://registry.npmjs.org/supports-preserve-symlinks-flag 39ms (cache miss)
2760 silly packumentCache full:https://registry.npmjs.org/supports-preserve-symlinks-flag set size:undefined disposed:false
2761 http fetch GET 200 https://registry.npmjs.org/is-core-module 45ms (cache miss)
2762 silly packumentCache full:https://registry.npmjs.org/is-core-module set size:undefined disposed:false
2763 http fetch GET 200 https://registry.npmjs.org/path-parse 97ms (cache miss)
2764 silly packumentCache full:https://registry.npmjs.org/path-parse set size:undefined disposed:false
2765 silly placeDep ROOT bytes@3.1.2 OK for: body-parser@1.20.3 want: 3.1.2
2766 silly placeDep ROOT content-type@1.0.5 OK for: body-parser@1.20.3 want: ~1.0.5
2767 silly placeDep node_modules/body-parser debug@2.6.9 OK for: body-parser@1.20.3 want: 2.6.9
2768 silly placeDep ROOT depd@2.0.0 OK for: body-parser@1.20.3 want: 2.0.0
2769 silly placeDep ROOT destroy@1.2.0 OK for: body-parser@1.20.3 want: 1.2.0
2770 silly placeDep ROOT http-errors@2.0.0 OK for: body-parser@1.20.3 want: 2.0.0
2771 silly placeDep ROOT iconv-lite@0.4.24 OK for: body-parser@1.20.3 want: 0.4.24
2772 silly placeDep ROOT on-finished@2.4.1 OK for: body-parser@1.20.3 want: 2.4.1
2773 silly placeDep ROOT qs@6.13.0 OK for: body-parser@1.20.3 want: 6.13.0
2774 silly placeDep ROOT raw-body@2.5.2 OK for: body-parser@1.20.3 want: 2.5.2
2775 silly placeDep ROOT type-is@1.6.18 OK for: body-parser@1.20.3 want: ~1.6.18
2776 silly placeDep ROOT unpipe@1.0.0 OK for: body-parser@1.20.3 want: 1.0.0
2777 silly fetch manifest ms@2.0.0
2778 silly packumentCache full:https://registry.npmjs.org/ms cache-miss
2779 silly fetch manifest inherits@2.0.4
2780 silly packumentCache full:https://registry.npmjs.org/inherits cache-miss
2781 silly fetch manifest statuses@2.0.1
2782 silly packumentCache full:https://registry.npmjs.org/statuses cache-miss
2783 silly fetch manifest toidentifier@1.0.1
2784 silly packumentCache full:https://registry.npmjs.org/toidentifier cache-miss
2785 silly fetch manifest setprototypeof@1.2.0
2786 silly packumentCache full:https://registry.npmjs.org/setprototypeof cache-miss
2787 silly fetch manifest safer-buffer@>= 2.1.2 < 3
2788 silly packumentCache full:https://registry.npmjs.org/safer-buffer cache-miss
2789 silly fetch manifest ee-first@1.1.1
2790 silly packumentCache full:https://registry.npmjs.org/ee-first cache-miss
2791 silly fetch manifest side-channel@^1.0.6
2792 silly packumentCache full:https://registry.npmjs.org/side-channel cache-miss
2793 silly fetch manifest mime-types@~2.1.24
2794 silly packumentCache full:https://registry.npmjs.org/mime-types cache-miss
2795 http cache https://registry.npmjs.org/inherits 10ms (cache hit)
2796 silly packumentCache full:https://registry.npmjs.org/inherits set size:12925 disposed:false
2797 silly fetch manifest media-typer@0.3.0
2798 silly packumentCache full:https://registry.npmjs.org/media-typer cache-miss
2799 http cache https://registry.npmjs.org/ms 12ms (cache hit)
2800 silly packumentCache full:https://registry.npmjs.org/ms set size:84883 disposed:false
2801 http fetch GET 200 https://registry.npmjs.org/ee-first 38ms (cache miss)
2802 silly packumentCache full:https://registry.npmjs.org/ee-first set size:undefined disposed:false
2803 http fetch GET 200 https://registry.npmjs.org/toidentifier 50ms (cache miss)
2804 silly packumentCache full:https://registry.npmjs.org/toidentifier set size:undefined disposed:false
2805 http fetch GET 200 https://registry.npmjs.org/side-channel 51ms (cache miss)
2806 silly packumentCache full:https://registry.npmjs.org/side-channel set size:undefined disposed:false
2807 http fetch GET 200 https://registry.npmjs.org/setprototypeof 54ms (cache miss)
2808 silly packumentCache full:https://registry.npmjs.org/setprototypeof set size:undefined disposed:false
2809 http fetch GET 200 https://registry.npmjs.org/statuses 55ms (cache miss)
2810 silly packumentCache full:https://registry.npmjs.org/statuses set size:undefined disposed:false
2811 http fetch GET 200 https://registry.npmjs.org/mime-types 56ms (cache miss)
2812 silly packumentCache full:https://registry.npmjs.org/mime-types set size:undefined disposed:false
2813 http fetch GET 200 https://registry.npmjs.org/media-typer 55ms (cache miss)
2814 silly packumentCache full:https://registry.npmjs.org/media-typer set size:undefined disposed:false
2815 http fetch GET 200 https://registry.npmjs.org/safer-buffer 79ms (cache miss)
2816 silly packumentCache full:https://registry.npmjs.org/safer-buffer set size:undefined disposed:false
2817 silly fetch manifest browserslist@>= 4.21.0
2818 silly packumentCache full:https://registry.npmjs.org/browserslist cache-miss
2819 http cache https://registry.npmjs.org/browserslist 3ms (cache hit)
2820 silly packumentCache full:https://registry.npmjs.org/browserslist set size:486808 disposed:false
2821 silly placeDep ROOT caniuse-lite@1.0.30001737 OK for: browserslist@4.25.3 want: ^1.0.30001735
2822 silly placeDep ROOT electron-to-chromium@1.5.209 OK for: browserslist@4.25.3 want: ^1.5.204
2823 silly placeDep ROOT node-releases@2.0.19 OK for: browserslist@4.25.3 want: ^2.0.19
2824 silly placeDep ROOT update-browserslist-db@1.1.3 OK for: browserslist@4.25.3 want: ^1.1.3
2825 silly fetch manifest escalade@^3.2.0
2826 silly packumentCache full:https://registry.npmjs.org/escalade cache-miss
2827 http cache https://registry.npmjs.org/escalade 3ms (cache hit)
2828 silly packumentCache full:https://registry.npmjs.org/escalade set size:33724 disposed:false
2829 silly placeDep ROOT ansi-styles@4.3.0 OK for: chalk@4.1.2 want: ^4.1.0
2830 silly placeDep ROOT supports-color@7.2.0 OK for: chalk@4.1.2 want: ^7.1.0
2831 silly fetch manifest has-flag@^4.0.0
2832 silly packumentCache full:https://registry.npmjs.org/has-flag cache-miss
2833 http fetch GET 200 https://registry.npmjs.org/has-flag 70ms (cache miss)
2834 silly packumentCache full:https://registry.npmjs.org/has-flag set size:undefined disposed:false
2835 silly placeDep ROOT color-convert@2.0.1 OK for: ansi-styles@4.3.0 want: ^2.0.1
2836 silly fetch manifest color-name@~1.1.4
2837 silly packumentCache full:https://registry.npmjs.org/color-name cache-miss
2838 http fetch GET 200 https://registry.npmjs.org/color-name 73ms (cache miss)
2839 silly packumentCache full:https://registry.npmjs.org/color-name set size:undefined disposed:false
2840 silly placeDep ROOT color-string@1.9.1 OK for: color@4.2.3 want: ^1.9.0
2841 silly fetch manifest color-name@^1.0.0
2842 silly packumentCache full:https://registry.npmjs.org/color-name cache-miss
2843 silly fetch manifest simple-swizzle@^0.2.2
2844 silly packumentCache full:https://registry.npmjs.org/simple-swizzle cache-miss
2845 http cache https://registry.npmjs.org/color-name 5ms (cache hit)
2846 silly packumentCache full:https://registry.npmjs.org/color-name set size:16325 disposed:false
2847 http fetch GET 200 https://registry.npmjs.org/simple-swizzle 33ms (cache miss)
2848 silly packumentCache full:https://registry.npmjs.org/simple-swizzle set size:undefined disposed:false
2849 silly placeDep ROOT color-name@1.1.4 OK for: color-convert@2.0.1 want: ~1.1.4
2850 silly placeDep ROOT simple-swizzle@0.2.2 OK for: color-string@1.9.1 want: ^0.2.2
2851 silly fetch manifest is-arrayish@^0.3.1
2852 silly packumentCache full:https://registry.npmjs.org/is-arrayish cache-miss
2853 http fetch GET 200 https://registry.npmjs.org/is-arrayish 42ms (cache miss)
2854 silly packumentCache full:https://registry.npmjs.org/is-arrayish set size:undefined disposed:false
2855 silly placeDep ROOT compressible@2.0.18 OK for: compression@1.8.1 want: ~2.0.18
2856 silly placeDep node_modules/compression debug@2.6.9 OK for: compression@1.8.1 want: 2.6.9
2857 silly placeDep ROOT negotiator@0.6.4 OK for: compression@1.8.1 want: ~0.6.4
2858 silly placeDep ROOT on-headers@1.1.0 OK for: compression@1.8.1 want: ~1.1.0
2859 silly placeDep ROOT safe-buffer@5.2.1 OK for: compression@1.8.1 want: 5.2.1
2860 silly placeDep ROOT vary@1.1.2 OK for: compression@1.8.1 want: ~1.1.2
2861 silly fetch manifest mime-db@>= 1.43.0 < 2
2862 silly packumentCache full:https://registry.npmjs.org/mime-db cache-miss
2863 http fetch GET 200 https://registry.npmjs.org/mime-db 50ms (cache miss)
2864 silly packumentCache full:https://registry.npmjs.org/mime-db set size:undefined disposed:false
2865 silly placeDep ROOT mime-db@1.54.0 OK for: compressible@2.0.18 want: >= 1.43.0 < 2
2866 silly placeDep node_modules/connect debug@2.6.9 OK for: connect@3.7.0 want: 2.6.9
2867 silly placeDep ROOT finalhandler@1.1.2 OK for: connect@3.7.0 want: 1.1.2
2868 silly placeDep ROOT parseurl@1.3.3 OK for: connect@3.7.0 want: ~1.3.3
2869 silly placeDep ROOT utils-merge@1.0.1 OK for: connect@3.7.0 want: 1.0.1
2870 silly fetch manifest statuses@~1.5.0
2871 silly packumentCache full:https://registry.npmjs.org/statuses cache-miss
2872 silly fetch manifest encodeurl@~1.0.2
2873 silly packumentCache full:https://registry.npmjs.org/encodeurl cache-miss
2874 silly fetch manifest on-finished@~2.3.0
2875 silly packumentCache full:https://registry.npmjs.org/on-finished cache-miss
2876 http cache https://registry.npmjs.org/encodeurl 8ms (cache hit)
2877 silly packumentCache full:https://registry.npmjs.org/encodeurl set size:12296 disposed:false
2878 http cache https://registry.npmjs.org/statuses 9ms (cache hit)
2879 silly packumentCache full:https://registry.npmjs.org/statuses set size:37117 disposed:false
2880 http cache https://registry.npmjs.org/on-finished 8ms (cache hit)
2881 silly packumentCache full:https://registry.npmjs.org/on-finished set size:23212 disposed:false
2882 silly placeDep ROOT env-paths@2.2.1 OK for: cosmiconfig@9.0.0 want: ^2.2.1
2883 silly placeDep ROOT import-fresh@3.3.1 OK for: cosmiconfig@9.0.0 want: ^3.3.0
2884 silly placeDep ROOT js-yaml@4.1.0 OK for: cosmiconfig@9.0.0 want: ^4.1.0
2885 silly placeDep ROOT parse-json@5.2.0 OK for: cosmiconfig@9.0.0 want: ^5.2.0
2886 silly fetch manifest parent-module@^1.0.0
2887 silly packumentCache full:https://registry.npmjs.org/parent-module cache-miss
2888 silly fetch manifest resolve-from@^4.0.0
2889 silly packumentCache full:https://registry.npmjs.org/resolve-from cache-miss
2890 silly fetch manifest argparse@^2.0.1
2891 silly packumentCache full:https://registry.npmjs.org/argparse cache-miss
2892 silly fetch manifest error-ex@^1.3.1
2893 silly packumentCache full:https://registry.npmjs.org/error-ex cache-miss
2894 silly fetch manifest lines-and-columns@^1.1.6
2895 silly packumentCache full:https://registry.npmjs.org/lines-and-columns cache-miss
2896 silly fetch manifest json-parse-even-better-errors@^2.3.0
2897 silly packumentCache full:https://registry.npmjs.org/json-parse-even-better-errors cache-miss
2898 http fetch GET 200 https://registry.npmjs.org/resolve-from 48ms (cache miss)
2899 silly packumentCache full:https://registry.npmjs.org/resolve-from set size:undefined disposed:false
2900 http fetch GET 200 https://registry.npmjs.org/parent-module 51ms (cache miss)
2901 silly packumentCache full:https://registry.npmjs.org/parent-module set size:undefined disposed:false
2902 http fetch GET 200 https://registry.npmjs.org/json-parse-even-better-errors 50ms (cache miss)
2903 silly packumentCache full:https://registry.npmjs.org/json-parse-even-better-errors set size:undefined disposed:false
2904 http fetch GET 200 https://registry.npmjs.org/error-ex 60ms (cache miss)
2905 silly packumentCache full:https://registry.npmjs.org/error-ex set size:undefined disposed:false
2906 http fetch GET 200 https://registry.npmjs.org/argparse 60ms (cache miss)
2907 silly packumentCache full:https://registry.npmjs.org/argparse set size:undefined disposed:false
2908 http fetch GET 200 https://registry.npmjs.org/lines-and-columns 62ms (cache miss)
2909 silly packumentCache full:https://registry.npmjs.org/lines-and-columns set size:undefined disposed:false
2910 silly placeDep ROOT ms@2.1.3 OK for: debug@4.4.1 want: ^2.1.3
2911 silly placeDep ROOT accepts@1.3.8 OK for: errorhandler@1.5.1 want: ~1.3.7
2912 silly placeDep ROOT escape-html@1.0.3 OK for: errorhandler@1.5.1 want: ~1.0.3
2913 silly fetch manifest mime-types@~2.1.34
2914 silly packumentCache full:https://registry.npmjs.org/mime-types cache-miss
2915 silly fetch manifest negotiator@0.6.3
2916 silly packumentCache full:https://registry.npmjs.org/negotiator cache-miss
2917 http cache https://registry.npmjs.org/negotiator 5ms (cache hit)
2918 silly packumentCache full:https://registry.npmjs.org/negotiator set size:48046 disposed:false
2919 http cache https://registry.npmjs.org/mime-types 6ms (cache hit)
2920 silly packumentCache full:https://registry.npmjs.org/mime-types set size:136716 disposed:false
2921 silly placeDep ROOT mime-types@2.1.35 OK for: accepts@1.3.8 want: ~2.1.34
2922 silly placeDep node_modules/accepts negotiator@0.6.3 OK for: accepts@1.3.8 want: 0.6.3
2923 silly fetch manifest mime-db@1.52.0
2924 silly packumentCache full:https://registry.npmjs.org/mime-db cache-miss
2925 http cache https://registry.npmjs.org/mime-db 2ms (cache hit)
2926 silly packumentCache full:https://registry.npmjs.org/mime-db set size:164953 disposed:false
2927 silly placeDep ROOT @eslint/eslintrc@2.1.4 OK for: eslint@8.57.1 want: ^2.1.4
2928 silly placeDep ROOT @eslint/js@8.57.1 OK for: eslint@8.57.1 want: 8.57.1
2929 silly placeDep ROOT @humanwhocodes/config-array@0.13.0 OK for: eslint@8.57.1 want: ^0.13.0
2930 silly placeDep ROOT @humanwhocodes/module-importer@1.0.1 OK for: eslint@8.57.1 want: ^1.0.1
2931 silly placeDep ROOT @nodelib/fs.walk@1.2.8 OK for: eslint@8.57.1 want: ^1.2.8
2932 silly placeDep ROOT @ungap/structured-clone@1.3.0 OK for: eslint@8.57.1 want: ^1.2.0
2933 silly placeDep ROOT ajv@6.12.6 OK for: eslint@8.57.1 want: ^6.12.4
2934 silly placeDep ROOT cross-spawn@7.0.6 OK for: eslint@8.57.1 want: ^7.0.2
2935 silly placeDep ROOT doctrine@3.0.0 OK for: eslint@8.57.1 want: ^3.0.0
2936 silly placeDep node_modules/eslint eslint-scope@7.2.2 OK for: eslint@8.57.1 want: ^7.2.2
2937 silly placeDep node_modules/eslint eslint-visitor-keys@3.4.3 OK for: eslint@8.57.1 want: ^3.4.3
2938 silly placeDep ROOT espree@9.6.1 OK for: eslint@8.57.1 want: ^9.6.1
2939 silly placeDep ROOT esquery@1.6.0 OK for: eslint@8.57.1 want: ^1.4.2
2940 silly placeDep ROOT file-entry-cache@6.0.1 OK for: eslint@8.57.1 want: ^6.0.1
2941 silly placeDep ROOT glob-parent@6.0.2 OK for: eslint@8.57.1 want: ^6.0.2
2942 silly placeDep ROOT globals@13.24.0 OK for: eslint@8.57.1 want: ^13.19.0
2943 silly placeDep ROOT imurmurhash@0.1.4 OK for: eslint@8.57.1 want: ^0.1.4
2944 silly placeDep ROOT is-path-inside@3.0.3 OK for: eslint@8.57.1 want: ^3.0.3
2945 silly placeDep ROOT json-stable-stringify-without-jsonify@1.0.1 OK for: eslint@8.57.1 want: ^1.0.1
2946 silly placeDep ROOT levn@0.4.1 OK for: eslint@8.57.1 want: ^0.4.1
2947 silly placeDep ROOT lodash.merge@4.6.2 OK for: eslint@8.57.1 want: ^4.6.2
2948 silly placeDep node_modules/eslint minimatch@3.1.2 OK for: eslint@8.57.1 want: ^3.1.2
2949 silly placeDep ROOT optionator@0.9.4 OK for: eslint@8.57.1 want: ^0.9.3
2950 silly placeDep ROOT strip-ansi@6.0.1 OK for: eslint@8.57.1 want: ^6.0.1
2951 silly placeDep ROOT text-table@0.2.0 OK for: eslint@8.57.1 want: ^0.2.0
2952 silly fetch manifest espree@^9.6.0
2953 silly packumentCache full:https://registry.npmjs.org/espree cache-miss
2954 silly fetch manifest strip-json-comments@^3.1.1
2955 silly packumentCache full:https://registry.npmjs.org/strip-json-comments cache-miss
2956 silly fetch manifest minimatch@^3.0.5
2957 silly packumentCache full:https://registry.npmjs.org/minimatch cache-hit
2958 silly fetch manifest @humanwhocodes/object-schema@^2.0.3
2959 silly packumentCache full:https://registry.npmjs.org/@humanwhocodes%2fobject-schema cache-miss
2960 silly fetch manifest fastq@^1.6.0
2961 silly packumentCache full:https://registry.npmjs.org/fastq cache-miss
2962 silly fetch manifest @nodelib/fs.scandir@2.1.5
2963 silly packumentCache full:https://registry.npmjs.org/@nodelib%2ffs.scandir cache-miss
2964 silly fetch manifest uri-js@^4.2.2
2965 silly packumentCache full:https://registry.npmjs.org/uri-js cache-miss
2966 silly fetch manifest json-schema-traverse@^0.4.1
2967 silly packumentCache full:https://registry.npmjs.org/json-schema-traverse cache-miss
2968 silly fetch manifest fast-json-stable-stringify@^2.0.0
2969 silly packumentCache full:https://registry.npmjs.org/fast-json-stable-stringify cache-miss
2970 silly fetch manifest path-key@^3.1.0
2971 silly packumentCache full:https://registry.npmjs.org/path-key cache-miss
2972 http cache https://registry.npmjs.org/espree 8ms (cache hit)
2973 silly packumentCache full:https://registry.npmjs.org/espree set size:315544 disposed:false
2974 silly fetch manifest shebang-command@^2.0.0
2975 silly packumentCache full:https://registry.npmjs.org/shebang-command cache-miss
2976 http fetch GET 200 https://registry.npmjs.org/strip-json-comments 46ms (cache miss)
2977 silly packumentCache full:https://registry.npmjs.org/strip-json-comments set size:undefined disposed:false
2978 silly fetch manifest estraverse@^5.2.0
2979 silly packumentCache full:https://registry.npmjs.org/estraverse cache-hit
2980 silly fetch manifest acorn@^8.9.0
2981 silly packumentCache full:https://registry.npmjs.org/acorn cache-miss
2982 http fetch GET 200 https://registry.npmjs.org/json-schema-traverse 47ms (cache miss)
2983 silly packumentCache full:https://registry.npmjs.org/json-schema-traverse set size:undefined disposed:false
2984 silly fetch manifest acorn-jsx@^5.3.2
2985 silly packumentCache full:https://registry.npmjs.org/acorn-jsx cache-miss
2986 http fetch GET 200 https://registry.npmjs.org/uri-js 47ms (cache miss)
2987 silly packumentCache full:https://registry.npmjs.org/uri-js set size:undefined disposed:false
2988 silly fetch manifest eslint-visitor-keys@^3.4.1
2989 silly packumentCache full:https://registry.npmjs.org/eslint-visitor-keys cache-hit
2990 silly fetch manifest estraverse@^5.1.0
2991 silly packumentCache full:https://registry.npmjs.org/estraverse cache-hit
2992 silly fetch manifest flat-cache@^3.0.4
2993 silly packumentCache full:https://registry.npmjs.org/flat-cache cache-miss
2994 http fetch GET 200 https://registry.npmjs.org/fast-json-stable-stringify 59ms (cache miss)
2995 silly packumentCache full:https://registry.npmjs.org/fast-json-stable-stringify set size:undefined disposed:false
2996 silly fetch manifest type-fest@^0.20.2
2997 silly packumentCache full:https://registry.npmjs.org/type-fest cache-miss
2998 http fetch GET 200 https://registry.npmjs.org/shebang-command 55ms (cache miss)
2999 silly packumentCache full:https://registry.npmjs.org/shebang-command set size:undefined disposed:false
3000 silly fetch manifest prelude-ls@^1.2.1
3001 silly packumentCache full:https://registry.npmjs.org/prelude-ls cache-miss
3002 http fetch GET 200 https://registry.npmjs.org/fastq 69ms (cache miss)
3003 silly packumentCache full:https://registry.npmjs.org/fastq set size:undefined disposed:false
3004 silly fetch manifest type-check@~0.4.0
3005 silly packumentCache full:https://registry.npmjs.org/type-check cache-miss
3006 http fetch GET 200 https://registry.npmjs.org/@humanwhocodes%2fobject-schema 71ms (cache miss)
3007 silly packumentCache full:https://registry.npmjs.org/@humanwhocodes%2fobject-schema set size:undefined disposed:false
3008 silly fetch manifest brace-expansion@^1.1.7
3009 silly packumentCache full:https://registry.npmjs.org/brace-expansion cache-miss
3010 http fetch GET 200 https://registry.npmjs.org/@nodelib%2ffs.scandir 72ms (cache miss)
3011 silly packumentCache full:https://registry.npmjs.org/@nodelib%2ffs.scandir set size:undefined disposed:false
3012 silly fetch manifest prelude-ls@^1.2.1
3013 silly packumentCache full:https://registry.npmjs.org/prelude-ls cache-miss
3014 http fetch GET 200 https://registry.npmjs.org/path-key 74ms (cache miss)
3015 silly packumentCache full:https://registry.npmjs.org/path-key set size:undefined disposed:false
3016 silly fetch manifest deep-is@^0.1.3
3017 silly packumentCache full:https://registry.npmjs.org/deep-is cache-miss
3018 http cache https://registry.npmjs.org/brace-expansion 5ms (cache hit)
3019 silly packumentCache full:https://registry.npmjs.org/brace-expansion set size:46250 disposed:false
3020 silly fetch manifest word-wrap@^1.2.5
3021 silly packumentCache full:https://registry.npmjs.org/word-wrap cache-miss
3022 http fetch GET 200 https://registry.npmjs.org/acorn 43ms (cache miss)
3023 silly packumentCache full:https://registry.npmjs.org/acorn set size:undefined disposed:false
3024 silly fetch manifest type-check@^0.4.0
3025 silly packumentCache full:https://registry.npmjs.org/type-check cache-miss
3026 http fetch GET 200 https://registry.npmjs.org/acorn-jsx 45ms (cache miss)
3027 silly packumentCache full:https://registry.npmjs.org/acorn-jsx set size:undefined disposed:false
3028 silly fetch manifest fast-levenshtein@^2.0.6
3029 silly packumentCache full:https://registry.npmjs.org/fast-levenshtein cache-miss
3030 http fetch GET 200 https://registry.npmjs.org/prelude-ls 48ms (cache miss)
3031 silly packumentCache full:https://registry.npmjs.org/prelude-ls set size:undefined disposed:false
3032 silly fetch manifest ansi-regex@^5.0.1
3033 silly packumentCache full:https://registry.npmjs.org/ansi-regex cache-miss
3034 http cache https://registry.npmjs.org/ansi-regex 3ms (cache hit)
3035 silly packumentCache full:https://registry.npmjs.org/ansi-regex set size:44174 disposed:false
3036 http fetch GET 200 https://registry.npmjs.org/prelude-ls 52ms (cache miss)
3037 silly packumentCache full:https://registry.npmjs.org/prelude-ls set size:undefined disposed:false
3038 http fetch GET 200 https://registry.npmjs.org/flat-cache 78ms (cache miss)
3039 silly packumentCache full:https://registry.npmjs.org/flat-cache set size:undefined disposed:false
3040 http fetch GET 200 https://registry.npmjs.org/type-fest 71ms (cache miss)
3041 silly packumentCache full:https://registry.npmjs.org/type-fest set size:undefined disposed:false
3042 http fetch GET 200 https://registry.npmjs.org/type-check 70ms (cache miss)
3043 silly packumentCache full:https://registry.npmjs.org/type-check set size:undefined disposed:false
3044 http fetch GET 200 https://registry.npmjs.org/type-check 48ms (cache miss)
3045 silly packumentCache full:https://registry.npmjs.org/type-check set size:undefined disposed:false
3046 http fetch GET 200 https://registry.npmjs.org/fast-levenshtein 54ms (cache miss)
3047 silly packumentCache full:https://registry.npmjs.org/fast-levenshtein set size:undefined disposed:false
3048 http fetch GET 200 https://registry.npmjs.org/deep-is 130ms (cache miss)
3049 silly packumentCache full:https://registry.npmjs.org/deep-is set size:undefined disposed:false
3050 http fetch GET 200 https://registry.npmjs.org/word-wrap 133ms (cache miss)
3051 silly packumentCache full:https://registry.npmjs.org/word-wrap set size:undefined disposed:false
3052 silly placeDep node_modules/@eslint/eslintrc minimatch@3.1.2 OK for: @eslint/eslintrc@2.1.4 want: ^3.1.2
3053 silly placeDep ROOT strip-json-comments@3.1.1 OK for: @eslint/eslintrc@2.1.4 want: ^3.1.1
3054 silly placeDep ROOT @humanwhocodes/object-schema@2.0.3 OK for: @humanwhocodes/config-array@0.13.0 want: ^2.0.3
3055 silly placeDep node_modules/@humanwhocodes/config-array minimatch@3.1.2 OK for: @humanwhocodes/config-array@0.13.0 want: ^3.0.5
3056 silly placeDep ROOT @nodelib/fs.scandir@2.1.5 OK for: @nodelib/fs.walk@1.2.8 want: 2.1.5
3057 silly placeDep ROOT fastq@1.19.1 OK for: @nodelib/fs.walk@1.2.8 want: ^1.6.0
3058 silly fetch manifest run-parallel@^1.1.9
3059 silly packumentCache full:https://registry.npmjs.org/run-parallel cache-miss
3060 silly fetch manifest @nodelib/fs.stat@2.0.5
3061 silly packumentCache full:https://registry.npmjs.org/@nodelib%2ffs.stat cache-miss
3062 silly fetch manifest reusify@^1.0.4
3063 silly packumentCache full:https://registry.npmjs.org/reusify cache-miss
3064 http cache https://registry.npmjs.org/@nodelib%2ffs.stat 8ms (cache hit)
3065 silly packumentCache full:https://registry.npmjs.org/@nodelib%2ffs.stat set size:36993 disposed:false
3066 http fetch GET 200 https://registry.npmjs.org/reusify 122ms (cache miss)
3067 silly packumentCache full:https://registry.npmjs.org/reusify set size:undefined disposed:false
3068 http fetch GET 200 https://registry.npmjs.org/run-parallel 123ms (cache miss)
3069 silly packumentCache full:https://registry.npmjs.org/run-parallel set size:undefined disposed:false
3070 silly placeDep ROOT @nodelib/fs.stat@2.0.5 OK for: @nodelib/fs.scandir@2.1.5 want: 2.0.5
3071 silly placeDep ROOT run-parallel@1.2.0 OK for: @nodelib/fs.scandir@2.1.5 want: ^1.1.9
3072 silly fetch manifest queue-microtask@^1.2.2
3073 silly packumentCache full:https://registry.npmjs.org/queue-microtask cache-miss
3074 http fetch GET 200 https://registry.npmjs.org/queue-microtask 61ms (cache miss)
3075 silly packumentCache full:https://registry.npmjs.org/queue-microtask set size:undefined disposed:false
3076 silly placeDep ROOT fast-json-stable-stringify@2.1.0 OK for: ajv@6.12.6 want: ^2.0.0
3077 silly placeDep ROOT json-schema-traverse@0.4.1 OK for: ajv@6.12.6 want: ^0.4.1
3078 silly placeDep ROOT uri-js@4.4.1 OK for: ajv@6.12.6 want: ^4.2.2
3079 silly fetch manifest punycode@^2.1.0
3080 silly packumentCache full:https://registry.npmjs.org/punycode cache-miss
3081 http fetch GET 200 https://registry.npmjs.org/punycode 56ms (cache miss)
3082 silly packumentCache full:https://registry.npmjs.org/punycode set size:undefined disposed:false
3083 silly placeDep ROOT path-key@3.1.1 OK for: cross-spawn@7.0.6 want: ^3.1.0
3084 silly placeDep ROOT shebang-command@2.0.0 OK for: cross-spawn@7.0.6 want: ^2.0.0
3085 silly fetch manifest shebang-regex@^3.0.0
3086 silly packumentCache full:https://registry.npmjs.org/shebang-regex cache-miss
3087 http fetch GET 200 https://registry.npmjs.org/shebang-regex 38ms (cache miss)
3088 silly packumentCache full:https://registry.npmjs.org/shebang-regex set size:undefined disposed:false
3089 silly placeDep node_modules/eslint-plugin-eslint-comments escape-string-regexp@1.0.5 OK for: eslint-plugin-eslint-comments@3.2.0 want: ^1.0.5
3090 silly placeDep ROOT lodash@4.17.21 OK for: eslint-plugin-ft-flow@2.0.3 want: ^4.17.21
3091 silly placeDep ROOT string-natural-compare@3.0.1 OK for: eslint-plugin-ft-flow@2.0.3 want: ^3.0.1
3092 silly fetch manifest eslint@^7.0.0 || ^8.0.0
3093 silly packumentCache full:https://registry.npmjs.org/eslint cache-miss
3094 http cache https://registry.npmjs.org/eslint 6ms (cache hit)
3095 silly packumentCache full:https://registry.npmjs.org/eslint set size:1831603 disposed:false
3096 silly placeDep node_modules/eslint-plugin-jest @typescript-eslint/utils@5.62.0 OK for: eslint-plugin-jest@27.9.0 want: ^5.10.0
3097 silly fetch manifest semver@^7.3.7
3098 silly packumentCache full:https://registry.npmjs.org/semver cache-hit
3099 silly fetch manifest @types/semver@^7.3.12
3100 silly packumentCache full:https://registry.npmjs.org/@types%2fsemver cache-miss
3101 silly fetch manifest @types/json-schema@^7.0.9
3102 silly packumentCache full:https://registry.npmjs.org/@types%2fjson-schema cache-miss
3103 silly fetch manifest @typescript-eslint/types@5.62.0
3104 silly packumentCache full:https://registry.npmjs.org/@typescript-eslint%2ftypes cache-miss
3105 silly fetch manifest @typescript-eslint/scope-manager@5.62.0
3106 silly packumentCache full:https://registry.npmjs.org/@typescript-eslint%2fscope-manager cache-miss
3107 silly fetch manifest @typescript-eslint/typescript-estree@5.62.0
3108 silly packumentCache full:https://registry.npmjs.org/@typescript-eslint%2ftypescript-estree cache-miss
3109 http cache https://registry.npmjs.org/@typescript-eslint%2ftypescript-estree 33ms (cache hit)
3110 silly packumentCache full:https://registry.npmjs.org/@typescript-eslint%2ftypescript-estree set size:15242407 disposed:false
3111 http cache https://registry.npmjs.org/@typescript-eslint%2ftypes 92ms (cache hit)
3112 silly packumentCache full:https://registry.npmjs.org/@typescript-eslint%2ftypes set size:11192062 disposed:false
3113 http cache https://registry.npmjs.org/@typescript-eslint%2fscope-manager 156ms (cache hit)
3114 silly packumentCache full:https://registry.npmjs.org/@typescript-eslint%2fscope-manager set size:11388311 disposed:false
3115 http fetch GET 200 https://registry.npmjs.org/@types%2fjson-schema 198ms (cache miss)
3116 silly packumentCache full:https://registry.npmjs.org/@types%2fjson-schema set size:undefined disposed:false
3117 http fetch GET 200 https://registry.npmjs.org/@types%2fsemver 198ms (cache miss)
3118 silly packumentCache full:https://registry.npmjs.org/@types%2fsemver set size:undefined disposed:false
3119 silly placeDep ROOT array-includes@3.1.9 OK for: eslint-plugin-react@7.37.5 want: ^3.1.8
3120 silly placeDep ROOT array.prototype.findlast@1.2.5 OK for: eslint-plugin-react@7.37.5 want: ^1.2.5
3121 silly placeDep ROOT array.prototype.flatmap@1.3.3 OK for: eslint-plugin-react@7.37.5 want: ^1.3.3
3122 silly placeDep ROOT array.prototype.tosorted@1.1.4 OK for: eslint-plugin-react@7.37.5 want: ^1.1.4
3123 silly placeDep node_modules/eslint-plugin-react doctrine@2.1.0 OK for: eslint-plugin-react@7.37.5 want: ^2.1.0
3124 silly placeDep ROOT es-iterator-helpers@1.2.1 OK for: eslint-plugin-react@7.37.5 want: ^1.2.1
3125 silly placeDep ROOT estraverse@5.3.0 OK for: eslint-plugin-react@7.37.5 want: ^5.3.0
3126 silly placeDep ROOT hasown@2.0.2 OK for: eslint-plugin-react@7.37.5 want: ^2.0.2
3127 silly placeDep ROOT jsx-ast-utils@3.3.5 OK for: eslint-plugin-react@7.37.5 want: ^2.4.1 || ^3.0.0
3128 silly placeDep node_modules/eslint-plugin-react minimatch@3.1.2 OK for: eslint-plugin-react@7.37.5 want: ^3.1.2
3129 silly placeDep ROOT object.entries@1.1.9 OK for: eslint-plugin-react@7.37.5 want: ^1.1.9
3130 silly placeDep ROOT object.fromentries@2.0.8 OK for: eslint-plugin-react@7.37.5 want: ^2.0.8
3131 silly placeDep ROOT object.values@1.2.1 OK for: eslint-plugin-react@7.37.5 want: ^1.2.1
3132 silly placeDep ROOT prop-types@15.8.1 OK for: eslint-plugin-react@7.37.5 want: ^15.8.1
3133 silly placeDep node_modules/eslint-plugin-react resolve@2.0.0-next.5 OK for: eslint-plugin-react@7.37.5 want: ^2.0.0-next.5
3134 silly placeDep ROOT string.prototype.matchall@4.0.12 OK for: eslint-plugin-react@7.37.5 want: ^4.0.12
3135 silly placeDep ROOT string.prototype.repeat@1.0.0 OK for: eslint-plugin-react@7.37.5 want: ^1.0.0
3136 silly fetch manifest call-bind@^1.0.8
3137 silly packumentCache full:https://registry.npmjs.org/call-bind cache-miss
3138 silly fetch manifest call-bound@^1.0.4
3139 silly packumentCache full:https://registry.npmjs.org/call-bound cache-miss
3140 silly fetch manifest define-properties@^1.2.1
3141 silly packumentCache full:https://registry.npmjs.org/define-properties cache-miss
3142 silly fetch manifest es-abstract@^1.24.0
3143 silly packumentCache full:https://registry.npmjs.org/es-abstract cache-miss
3144 silly fetch manifest es-object-atoms@^1.1.1
3145 silly packumentCache full:https://registry.npmjs.org/es-object-atoms cache-miss
3146 silly fetch manifest get-intrinsic@^1.3.0
3147 silly packumentCache full:https://registry.npmjs.org/get-intrinsic cache-miss
3148 silly fetch manifest is-string@^1.1.1
3149 silly packumentCache full:https://registry.npmjs.org/is-string cache-miss
3150 silly fetch manifest math-intrinsics@^1.1.0
3151 silly packumentCache full:https://registry.npmjs.org/math-intrinsics cache-miss
3152 silly fetch manifest call-bind@^1.0.7
3153 silly packumentCache full:https://registry.npmjs.org/call-bind cache-miss
3154 http fetch GET 200 https://registry.npmjs.org/call-bound 51ms (cache miss)
3155 silly packumentCache full:https://registry.npmjs.org/call-bound set size:undefined disposed:false
3156 silly fetch manifest define-properties@^1.2.1
3157 silly packumentCache full:https://registry.npmjs.org/define-properties cache-miss
3158 http fetch GET 200 https://registry.npmjs.org/define-properties 53ms (cache miss)
3159 silly packumentCache full:https://registry.npmjs.org/define-properties set size:undefined disposed:false
3160 silly fetch manifest es-abstract@^1.23.2
3161 silly packumentCache full:https://registry.npmjs.org/es-abstract cache-miss
3162 http fetch GET 200 https://registry.npmjs.org/is-string 54ms (cache miss)
3163 silly packumentCache full:https://registry.npmjs.org/is-string set size:undefined disposed:false
3164 silly fetch manifest es-errors@^1.3.0
3165 silly packumentCache full:https://registry.npmjs.org/es-errors cache-miss
3166 http fetch GET 200 https://registry.npmjs.org/math-intrinsics 58ms (cache miss)
3167 silly packumentCache full:https://registry.npmjs.org/math-intrinsics set size:undefined disposed:false
3168 silly fetch manifest es-object-atoms@^1.0.0
3169 silly packumentCache full:https://registry.npmjs.org/es-object-atoms cache-miss
3170 http fetch GET 200 https://registry.npmjs.org/es-object-atoms 58ms (cache miss)
3171 silly packumentCache full:https://registry.npmjs.org/es-object-atoms set size:undefined disposed:false
3172 silly fetch manifest es-shim-unscopables@^1.0.2
3173 silly packumentCache full:https://registry.npmjs.org/es-shim-unscopables cache-miss
3174 http fetch GET 200 https://registry.npmjs.org/call-bind 60ms (cache miss)
3175 silly packumentCache full:https://registry.npmjs.org/call-bind set size:undefined disposed:false
3176 silly fetch manifest call-bind@^1.0.8
3177 silly packumentCache full:https://registry.npmjs.org/call-bind cache-miss
3178 http fetch GET 200 https://registry.npmjs.org/call-bind 69ms (cache miss)
3179 silly packumentCache full:https://registry.npmjs.org/call-bind set size:undefined disposed:false
3180 silly fetch manifest es-abstract@^1.23.5
3181 silly packumentCache full:https://registry.npmjs.org/es-abstract cache-miss
3182 http fetch GET 200 https://registry.npmjs.org/es-abstract 69ms (cache miss)
3183 silly packumentCache full:https://registry.npmjs.org/es-abstract set size:undefined disposed:false
3184 silly fetch manifest es-shim-unscopables@^1.0.2
3185 silly packumentCache full:https://registry.npmjs.org/es-shim-unscopables cache-miss
3186 http cache https://registry.npmjs.org/es-object-atoms 14ms (cache hit)
3187 silly packumentCache full:https://registry.npmjs.org/es-object-atoms set size:15304 disposed:false
3188 silly fetch manifest es-abstract@^1.23.3
3189 silly packumentCache full:https://registry.npmjs.org/es-abstract cache-miss
3190 http cache https://registry.npmjs.org/call-bind 12ms (cache hit)
3191 silly packumentCache full:https://registry.npmjs.org/call-bind set size:30096 disposed:false
3192 silly fetch manifest es-errors@^1.3.0
3193 silly packumentCache full:https://registry.npmjs.org/es-errors cache-miss
3194 http fetch GET 200 https://registry.npmjs.org/get-intrinsic 77ms (cache miss)
3195 silly packumentCache full:https://registry.npmjs.org/get-intrinsic set size:undefined disposed:false
3196 silly fetch manifest es-shim-unscopables@^1.0.2
3197 silly packumentCache full:https://registry.npmjs.org/es-shim-unscopables cache-miss
3198 http cache https://registry.npmjs.org/es-abstract 11ms (cache hit)
3199 silly packumentCache full:https://registry.npmjs.org/es-abstract set size:373045 disposed:false
3200 silly fetch manifest call-bound@^1.0.3
3201 silly packumentCache full:https://registry.npmjs.org/call-bound cache-miss
3202 http cache https://registry.npmjs.org/es-abstract 10ms (cache hit)
3203 silly packumentCache full:https://registry.npmjs.org/es-abstract set size:373045 disposed:false
3204 silly packumentCache full:https://registry.npmjs.org/es-abstract dispose
3205 silly fetch manifest es-abstract@^1.23.6
3206 silly packumentCache full:https://registry.npmjs.org/es-abstract cache-hit
3207 silly fetch manifest es-errors@^1.3.0
3208 silly packumentCache full:https://registry.npmjs.org/es-errors cache-miss
3209 http cache https://registry.npmjs.org/call-bound 8ms (cache hit)
3210 silly packumentCache full:https://registry.npmjs.org/call-bound set size:15317 disposed:false
3211 silly fetch manifest es-set-tostringtag@^2.0.3
3212 silly packumentCache full:https://registry.npmjs.org/es-set-tostringtag cache-miss
3213 http fetch GET 200 https://registry.npmjs.org/define-properties 40ms (cache miss)
3214 silly packumentCache full:https://registry.npmjs.org/define-properties set size:undefined disposed:false
3215 silly fetch manifest function-bind@^1.1.2
3216 silly packumentCache full:https://registry.npmjs.org/function-bind cache-miss
3217 http fetch GET 200 https://registry.npmjs.org/es-abstract 42ms (cache miss)
3218 silly packumentCache full:https://registry.npmjs.org/es-abstract set size:undefined disposed:true
3219 silly packumentCache full:https://registry.npmjs.org/es-abstract dispose
3220 silly fetch manifest get-intrinsic@^1.2.6
3221 silly packumentCache full:https://registry.npmjs.org/get-intrinsic cache-miss
3222 http fetch GET 200 https://registry.npmjs.org/es-errors 42ms (cache miss)
3223 silly packumentCache full:https://registry.npmjs.org/es-errors set size:undefined disposed:false
3224 silly fetch manifest globalthis@^1.0.4
3225 silly packumentCache full:https://registry.npmjs.org/globalthis cache-miss
3226 http cache https://registry.npmjs.org/get-intrinsic 4ms (cache hit)
3227 silly packumentCache full:https://registry.npmjs.org/get-intrinsic set size:57687 disposed:false
3228 silly fetch manifest gopd@^1.2.0
3229 silly packumentCache full:https://registry.npmjs.org/gopd cache-miss
3230 http fetch GET 200 https://registry.npmjs.org/es-shim-unscopables 43ms (cache miss)
3231 silly packumentCache full:https://registry.npmjs.org/es-shim-unscopables set size:undefined disposed:false
3232 silly fetch manifest has-property-descriptors@^1.0.2
3233 silly packumentCache full:https://registry.npmjs.org/has-property-descriptors cache-miss
3234 http fetch GET 200 https://registry.npmjs.org/es-shim-unscopables 52ms (cache miss)
3235 silly packumentCache full:https://registry.npmjs.org/es-shim-unscopables set size:undefined disposed:false
3236 silly fetch manifest has-proto@^1.2.0
3237 silly packumentCache full:https://registry.npmjs.org/has-proto cache-miss
3238 http fetch GET 200 https://registry.npmjs.org/es-errors 43ms (cache miss)
3239 silly packumentCache full:https://registry.npmjs.org/es-errors set size:undefined disposed:false
3240 silly fetch manifest has-symbols@^1.1.0
3241 silly packumentCache full:https://registry.npmjs.org/has-symbols cache-miss
3242 http fetch GET 200 https://registry.npmjs.org/es-shim-unscopables 65ms (cache miss)
3243 silly packumentCache full:https://registry.npmjs.org/es-shim-unscopables set size:undefined disposed:false
3244 silly fetch manifest internal-slot@^1.1.0
3245 silly packumentCache full:https://registry.npmjs.org/internal-slot cache-miss
3246 http fetch GET 200 https://registry.npmjs.org/es-errors 79ms (cache miss)
3247 silly packumentCache full:https://registry.npmjs.org/es-errors set size:undefined disposed:false
3248 silly fetch manifest iterator.prototype@^1.1.4
3249 silly packumentCache full:https://registry.npmjs.org/iterator.prototype cache-miss
3250 http fetch GET 200 https://registry.npmjs.org/globalthis 55ms (cache miss)
3251 silly packumentCache full:https://registry.npmjs.org/globalthis set size:undefined disposed:false
3252 silly fetch manifest safe-array-concat@^1.1.3
3253 silly packumentCache full:https://registry.npmjs.org/safe-array-concat cache-miss
3254 http fetch GET 200 https://registry.npmjs.org/has-property-descriptors 50ms (cache miss)
3255 silly packumentCache full:https://registry.npmjs.org/has-property-descriptors set size:undefined disposed:false
3256 silly fetch manifest function-bind@^1.1.2
3257 silly packumentCache full:https://registry.npmjs.org/function-bind cache-miss
3258 http fetch GET 200 https://registry.npmjs.org/function-bind 63ms (cache miss)
3259 silly packumentCache full:https://registry.npmjs.org/function-bind set size:undefined disposed:false
3260 silly fetch manifest array.prototype.flat@^1.3.1
3261 silly packumentCache full:https://registry.npmjs.org/array.prototype.flat cache-miss
3262 http fetch GET 200 https://registry.npmjs.org/gopd 58ms (cache miss)
3263 silly packumentCache full:https://registry.npmjs.org/gopd set size:undefined disposed:false
3264 silly fetch manifest object.assign@^4.1.4
3265 silly packumentCache full:https://registry.npmjs.org/object.assign cache-miss
3266 http cache https://registry.npmjs.org/function-bind 4ms (cache hit)
3267 silly packumentCache full:https://registry.npmjs.org/function-bind set size:15733 disposed:false
3268 silly fetch manifest object.values@^1.1.6
3269 silly packumentCache full:https://registry.npmjs.org/object.values cache-miss
3270 http cache https://registry.npmjs.org/object.values 2ms (cache hit)
3271 silly packumentCache full:https://registry.npmjs.org/object.values set size:49009 disposed:false
3272 silly fetch manifest loose-envify@^1.4.0
3273 silly packumentCache full:https://registry.npmjs.org/loose-envify cache-miss
3274 http cache https://registry.npmjs.org/loose-envify 2ms (cache hit)
3275 silly packumentCache full:https://registry.npmjs.org/loose-envify set size:12559 disposed:false
3276 silly fetch manifest object-assign@^4.1.1
3277 silly packumentCache full:https://registry.npmjs.org/object-assign cache-miss
3278 http fetch GET 200 https://registry.npmjs.org/has-symbols 49ms (cache miss)
3279 silly packumentCache full:https://registry.npmjs.org/has-symbols set size:undefined disposed:false
3280 silly fetch manifest react-is@^16.13.1
3281 silly packumentCache full:https://registry.npmjs.org/react-is cache-miss
3282 http fetch GET 200 https://registry.npmjs.org/has-proto 54ms (cache miss)
3283 silly packumentCache full:https://registry.npmjs.org/has-proto set size:undefined disposed:false
3284 silly fetch manifest is-core-module@^2.13.0
3285 silly packumentCache full:https://registry.npmjs.org/is-core-module cache-miss
3286 http cache https://registry.npmjs.org/is-core-module 4ms (cache hit)
3287 silly packumentCache full:https://registry.npmjs.org/is-core-module set size:71788 disposed:false
3288 silly fetch manifest internal-slot@^1.1.0
3289 silly packumentCache full:https://registry.npmjs.org/internal-slot cache-miss
3290 http cache https://registry.npmjs.org/react-is 9ms (cache hit)
3291 silly packumentCache full:https://registry.npmjs.org/react-is set size:4853482 disposed:false
3292 silly fetch manifest regexp.prototype.flags@^1.5.3
3293 silly packumentCache full:https://registry.npmjs.org/regexp.prototype.flags cache-miss
3294 http fetch GET 200 https://registry.npmjs.org/iterator.prototype 72ms (cache miss)
3295 silly packumentCache full:https://registry.npmjs.org/iterator.prototype set size:undefined disposed:false
3296 silly fetch manifest set-function-name@^2.0.2
3297 silly packumentCache full:https://registry.npmjs.org/set-function-name cache-miss
3298 http fetch GET 200 https://registry.npmjs.org/es-set-tostringtag 134ms (cache miss)
3299 silly packumentCache full:https://registry.npmjs.org/es-set-tostringtag set size:undefined disposed:false
3300 silly fetch manifest side-channel@^1.1.0
3301 silly packumentCache full:https://registry.npmjs.org/side-channel cache-miss
3302 http fetch GET 200 https://registry.npmjs.org/safe-array-concat 72ms (cache miss)
3303 silly packumentCache full:https://registry.npmjs.org/safe-array-concat set size:undefined disposed:false
3304 silly fetch manifest define-properties@^1.1.3
3305 silly packumentCache full:https://registry.npmjs.org/define-properties cache-miss
3306 http fetch GET 200 https://registry.npmjs.org/array.prototype.flat 71ms (cache miss)
3307 silly packumentCache full:https://registry.npmjs.org/array.prototype.flat set size:undefined disposed:false
3308 silly fetch manifest es-abstract@^1.17.5
3309 silly packumentCache full:https://registry.npmjs.org/es-abstract cache-miss
3310 http fetch GET 200 https://registry.npmjs.org/internal-slot 83ms (cache miss)
3311 silly packumentCache full:https://registry.npmjs.org/internal-slot set size:undefined disposed:false
3312 http fetch GET 200 https://registry.npmjs.org/object-assign 62ms (cache miss)
3313 silly packumentCache full:https://registry.npmjs.org/object-assign set size:undefined disposed:false
3314 http fetch GET 200 https://registry.npmjs.org/object.assign 71ms (cache miss)
3315 silly packumentCache full:https://registry.npmjs.org/object.assign set size:undefined disposed:false
3316 http cache https://registry.npmjs.org/side-channel 6ms (cache hit)
3317 silly packumentCache full:https://registry.npmjs.org/side-channel set size:24660 disposed:false
3318 http cache https://registry.npmjs.org/es-abstract 5ms (cache hit)
3319 silly packumentCache full:https://registry.npmjs.org/es-abstract set size:373045 disposed:true
3320 http cache https://registry.npmjs.org/define-properties 7ms (cache hit)
3321 silly packumentCache full:https://registry.npmjs.org/define-properties set size:31491 disposed:false
3322 http fetch GET 200 https://registry.npmjs.org/internal-slot 80ms (cache miss)
3323 silly packumentCache full:https://registry.npmjs.org/internal-slot set size:undefined disposed:false
3324 http fetch GET 200 https://registry.npmjs.org/regexp.prototype.flags 62ms (cache miss)
3325 silly packumentCache full:https://registry.npmjs.org/regexp.prototype.flags set size:undefined disposed:false
3326 http fetch GET 200 https://registry.npmjs.org/set-function-name 56ms (cache miss)
3327 silly packumentCache full:https://registry.npmjs.org/set-function-name set size:undefined disposed:false
3328 silly placeDep ROOT call-bind@1.0.8 OK for: array-includes@3.1.9 want: ^1.0.8
3329 silly placeDep ROOT call-bound@1.0.4 OK for: array-includes@3.1.9 want: ^1.0.4
3330 silly placeDep ROOT define-properties@1.2.1 OK for: array-includes@3.1.9 want: ^1.2.1
3331 silly placeDep ROOT es-abstract@1.24.0 OK for: array-includes@3.1.9 want: ^1.24.0
3332 silly placeDep ROOT es-object-atoms@1.1.1 OK for: array-includes@3.1.9 want: ^1.1.1
3333 silly placeDep ROOT get-intrinsic@1.3.0 OK for: array-includes@3.1.9 want: ^1.3.0
3334 silly placeDep ROOT is-string@1.1.1 OK for: array-includes@3.1.9 want: ^1.1.1
3335 silly placeDep ROOT math-intrinsics@1.1.0 OK for: array-includes@3.1.9 want: ^1.1.0
3336 silly fetch manifest call-bind-apply-helpers@^1.0.0
3337 silly packumentCache full:https://registry.npmjs.org/call-bind-apply-helpers cache-miss
3338 silly fetch manifest es-define-property@^1.0.0
3339 silly packumentCache full:https://registry.npmjs.org/es-define-property cache-miss
3340 silly fetch manifest get-intrinsic@^1.2.4
3341 silly packumentCache full:https://registry.npmjs.org/get-intrinsic cache-hit
3342 silly fetch manifest set-function-length@^1.2.2
3343 silly packumentCache full:https://registry.npmjs.org/set-function-length cache-miss
3344 silly fetch manifest call-bind-apply-helpers@^1.0.2
3345 silly packumentCache full:https://registry.npmjs.org/call-bind-apply-helpers cache-miss
3346 silly fetch manifest define-data-property@^1.0.1
3347 silly packumentCache full:https://registry.npmjs.org/define-data-property cache-miss
3348 silly fetch manifest has-property-descriptors@^1.0.0
3349 silly packumentCache full:https://registry.npmjs.org/has-property-descriptors cache-miss
3350 silly fetch manifest object-keys@^1.1.1
3351 silly packumentCache full:https://registry.npmjs.org/object-keys cache-miss
3352 silly fetch manifest array-buffer-byte-length@^1.0.2
3353 silly packumentCache full:https://registry.npmjs.org/array-buffer-byte-length cache-miss
3354 silly fetch manifest arraybuffer.prototype.slice@^1.0.4
3355 silly packumentCache full:https://registry.npmjs.org/arraybuffer.prototype.slice cache-miss
3356 http cache https://registry.npmjs.org/has-property-descriptors 7ms (cache hit)
3357 silly packumentCache full:https://registry.npmjs.org/has-property-descriptors set size:12452 disposed:false
3358 silly fetch manifest available-typed-arrays@^1.0.7
3359 silly packumentCache full:https://registry.npmjs.org/available-typed-arrays cache-miss
3360 http fetch GET 200 https://registry.npmjs.org/es-define-property 48ms (cache miss)
3361 silly packumentCache full:https://registry.npmjs.org/es-define-property set size:undefined disposed:false
3362 silly fetch manifest data-view-buffer@^1.0.2
3363 silly packumentCache full:https://registry.npmjs.org/data-view-buffer cache-miss
3364 http fetch GET 200 https://registry.npmjs.org/call-bind-apply-helpers 56ms (cache miss)
3365 silly packumentCache full:https://registry.npmjs.org/call-bind-apply-helpers set size:undefined disposed:false
3366 silly fetch manifest data-view-byte-length@^1.0.2
3367 silly packumentCache full:https://registry.npmjs.org/data-view-byte-length cache-miss
3368 http fetch GET 200 https://registry.npmjs.org/object-keys 56ms (cache miss)
3369 silly packumentCache full:https://registry.npmjs.org/object-keys set size:undefined disposed:false
3370 silly fetch manifest data-view-byte-offset@^1.0.1
3371 silly packumentCache full:https://registry.npmjs.org/data-view-byte-offset cache-miss
3372 http fetch GET 200 https://registry.npmjs.org/array-buffer-byte-length 57ms (cache miss)
3373 silly packumentCache full:https://registry.npmjs.org/array-buffer-byte-length set size:undefined disposed:false
3374 silly fetch manifest es-define-property@^1.0.1
3375 silly packumentCache full:https://registry.npmjs.org/es-define-property cache-miss
3376 http fetch GET 200 https://registry.npmjs.org/arraybuffer.prototype.slice 60ms (cache miss)
3377 silly packumentCache full:https://registry.npmjs.org/arraybuffer.prototype.slice set size:undefined disposed:false
3378 silly fetch manifest es-set-tostringtag@^2.1.0
3379 silly packumentCache full:https://registry.npmjs.org/es-set-tostringtag cache-miss
3380 http fetch GET 200 https://registry.npmjs.org/define-data-property 62ms (cache miss)
3381 silly packumentCache full:https://registry.npmjs.org/define-data-property set size:undefined disposed:false
3382 silly fetch manifest es-to-primitive@^1.3.0
3383 silly packumentCache full:https://registry.npmjs.org/es-to-primitive cache-miss
3384 http fetch GET 200 https://registry.npmjs.org/set-function-length 64ms (cache miss)
3385 silly packumentCache full:https://registry.npmjs.org/set-function-length set size:undefined disposed:false
3386 silly fetch manifest function.prototype.name@^1.1.8
3387 silly packumentCache full:https://registry.npmjs.org/function.prototype.name cache-miss
3388 http cache https://registry.npmjs.org/es-define-property 7ms (cache hit)
3389 silly packumentCache full:https://registry.npmjs.org/es-define-property set size:8542 disposed:false
3390 silly fetch manifest get-proto@^1.0.1
3391 silly packumentCache full:https://registry.npmjs.org/get-proto cache-miss
3392 http cache https://registry.npmjs.org/es-set-tostringtag 7ms (cache hit)
3393 silly packumentCache full:https://registry.npmjs.org/es-set-tostringtag set size:22094 disposed:false
3394 silly fetch manifest get-symbol-description@^1.1.0
3395 silly packumentCache full:https://registry.npmjs.org/get-symbol-description cache-miss
3396 http fetch GET 200 https://registry.npmjs.org/available-typed-arrays 70ms (cache miss)
3397 silly packumentCache full:https://registry.npmjs.org/available-typed-arrays set size:undefined disposed:false
3398 silly fetch manifest is-array-buffer@^3.0.5
3399 silly packumentCache full:https://registry.npmjs.org/is-array-buffer cache-miss
3400 http fetch GET 200 https://registry.npmjs.org/call-bind-apply-helpers 81ms (cache miss)
3401 silly packumentCache full:https://registry.npmjs.org/call-bind-apply-helpers set size:undefined disposed:false
3402 silly fetch manifest is-callable@^1.2.7
3403 silly packumentCache full:https://registry.npmjs.org/is-callable cache-miss
3404 http fetch GET 200 https://registry.npmjs.org/data-view-buffer 45ms (cache miss)
3405 silly packumentCache full:https://registry.npmjs.org/data-view-buffer set size:undefined disposed:false
3406 silly fetch manifest is-data-view@^1.0.2
3407 silly packumentCache full:https://registry.npmjs.org/is-data-view cache-miss
3408 http fetch GET 200 https://registry.npmjs.org/data-view-byte-length 44ms (cache miss)
3409 silly packumentCache full:https://registry.npmjs.org/data-view-byte-length set size:undefined disposed:false
3410 silly fetch manifest is-negative-zero@^2.0.3
3411 silly packumentCache full:https://registry.npmjs.org/is-negative-zero cache-miss
3412 http fetch GET 200 https://registry.npmjs.org/function.prototype.name 43ms (cache miss)
3413 silly packumentCache full:https://registry.npmjs.org/function.prototype.name set size:undefined disposed:false
3414 silly fetch manifest is-regex@^1.2.1
3415 silly packumentCache full:https://registry.npmjs.org/is-regex cache-miss
3416 http fetch GET 200 https://registry.npmjs.org/get-proto 46ms (cache miss)
3417 silly packumentCache full:https://registry.npmjs.org/get-proto set size:undefined disposed:false
3418 silly fetch manifest is-set@^2.0.3
3419 silly packumentCache full:https://registry.npmjs.org/is-set cache-miss
3420 http fetch GET 200 https://registry.npmjs.org/get-symbol-description 45ms (cache miss)
3421 silly packumentCache full:https://registry.npmjs.org/get-symbol-description set size:undefined disposed:false
3422 silly fetch manifest is-shared-array-buffer@^1.0.4
3423 silly packumentCache full:https://registry.npmjs.org/is-shared-array-buffer cache-miss
3424 http fetch GET 200 https://registry.npmjs.org/es-to-primitive 58ms (cache miss)
3425 silly packumentCache full:https://registry.npmjs.org/es-to-primitive set size:undefined disposed:false
3426 silly fetch manifest is-typed-array@^1.1.15
3427 silly packumentCache full:https://registry.npmjs.org/is-typed-array cache-miss
3428 http fetch GET 200 https://registry.npmjs.org/data-view-byte-offset 70ms (cache miss)
3429 silly packumentCache full:https://registry.npmjs.org/data-view-byte-offset set size:undefined disposed:false
3430 silly fetch manifest is-weakref@^1.1.1
3431 silly packumentCache full:https://registry.npmjs.org/is-weakref cache-miss
3432 http fetch GET 200 https://registry.npmjs.org/is-array-buffer 59ms (cache miss)
3433 silly packumentCache full:https://registry.npmjs.org/is-array-buffer set size:undefined disposed:false
3434 silly fetch manifest object-inspect@^1.13.4
3435 silly packumentCache full:https://registry.npmjs.org/object-inspect cache-miss
3436 http fetch GET 200 https://registry.npmjs.org/is-negative-zero 101ms (cache miss)
3437 silly packumentCache full:https://registry.npmjs.org/is-negative-zero set size:undefined disposed:false
3438 silly fetch manifest object.assign@^4.1.7
3439 silly packumentCache full:https://registry.npmjs.org/object.assign cache-miss
3440 http fetch GET 200 https://registry.npmjs.org/is-data-view 108ms (cache miss)
3441 silly packumentCache full:https://registry.npmjs.org/is-data-view set size:undefined disposed:false
3442 silly fetch manifest own-keys@^1.0.1
3443 silly packumentCache full:https://registry.npmjs.org/own-keys cache-miss
3444 http fetch GET 200 https://registry.npmjs.org/is-shared-array-buffer 87ms (cache miss)
3445 silly packumentCache full:https://registry.npmjs.org/is-shared-array-buffer set size:undefined disposed:false
3446 silly fetch manifest regexp.prototype.flags@^1.5.4
3447 silly packumentCache full:https://registry.npmjs.org/regexp.prototype.flags cache-miss
3448 http fetch GET 200 https://registry.npmjs.org/is-regex 100ms (cache miss)
3449 silly packumentCache full:https://registry.npmjs.org/is-regex set size:undefined disposed:false
3450 silly fetch manifest safe-push-apply@^1.0.0
3451 silly packumentCache full:https://registry.npmjs.org/safe-push-apply cache-miss
3452 http fetch GET 200 https://registry.npmjs.org/is-callable 159ms (cache miss)
3453 silly packumentCache full:https://registry.npmjs.org/is-callable set size:undefined disposed:false
3454 silly fetch manifest safe-regex-test@^1.1.0
3455 silly packumentCache full:https://registry.npmjs.org/safe-regex-test cache-miss
3456 http fetch GET 200 https://registry.npmjs.org/is-weakref 115ms (cache miss)
3457 silly packumentCache full:https://registry.npmjs.org/is-weakref set size:undefined disposed:false
3458 silly fetch manifest set-proto@^1.0.0
3459 silly packumentCache full:https://registry.npmjs.org/set-proto cache-miss
3460 http cache https://registry.npmjs.org/object.assign 41ms (cache hit)
3461 silly packumentCache full:https://registry.npmjs.org/object.assign set size:85907 disposed:false
3462 silly fetch manifest stop-iteration-iterator@^1.1.0
3463 silly packumentCache full:https://registry.npmjs.org/stop-iteration-iterator cache-miss
3464 http fetch GET 200 https://registry.npmjs.org/is-set 135ms (cache miss)
3465 silly packumentCache full:https://registry.npmjs.org/is-set set size:undefined disposed:false
3466 silly fetch manifest string.prototype.trim@^1.2.10
3467 silly packumentCache full:https://registry.npmjs.org/string.prototype.trim cache-miss
3468 http cache https://registry.npmjs.org/regexp.prototype.flags 49ms (cache hit)
3469 silly packumentCache full:https://registry.npmjs.org/regexp.prototype.flags set size:60621 disposed:false
3470 silly fetch manifest string.prototype.trimend@^1.0.9
3471 silly packumentCache full:https://registry.npmjs.org/string.prototype.trimend cache-miss
3472 http fetch GET 200 https://registry.npmjs.org/object-inspect 122ms (cache miss)
3473 silly packumentCache full:https://registry.npmjs.org/object-inspect set size:undefined disposed:false
3474 silly fetch manifest string.prototype.trimstart@^1.0.8
3475 silly packumentCache full:https://registry.npmjs.org/string.prototype.trimstart cache-miss
3476 http fetch GET 200 https://registry.npmjs.org/is-typed-array 162ms (cache miss)
3477 silly packumentCache full:https://registry.npmjs.org/is-typed-array set size:undefined disposed:false
3478 silly fetch manifest typed-array-buffer@^1.0.3
3479 silly packumentCache full:https://registry.npmjs.org/typed-array-buffer cache-miss
3480 http fetch GET 200 https://registry.npmjs.org/own-keys 92ms (cache miss)
3481 silly packumentCache full:https://registry.npmjs.org/own-keys set size:undefined disposed:false
3482 silly fetch manifest typed-array-byte-length@^1.0.3
3483 silly packumentCache full:https://registry.npmjs.org/typed-array-byte-length cache-miss
3484 http fetch GET 200 https://registry.npmjs.org/safe-push-apply 85ms (cache miss)
3485 silly packumentCache full:https://registry.npmjs.org/safe-push-apply set size:undefined disposed:false
3486 silly fetch manifest typed-array-byte-offset@^1.0.4
3487 silly packumentCache full:https://registry.npmjs.org/typed-array-byte-offset cache-miss
3488 http fetch GET 200 https://registry.npmjs.org/safe-regex-test 59ms (cache miss)
3489 silly packumentCache full:https://registry.npmjs.org/safe-regex-test set size:undefined disposed:false
3490 silly fetch manifest typed-array-length@^1.0.7
3491 silly packumentCache full:https://registry.npmjs.org/typed-array-length cache-miss
3492 http fetch GET 200 https://registry.npmjs.org/stop-iteration-iterator 59ms (cache miss)
3493 silly packumentCache full:https://registry.npmjs.org/stop-iteration-iterator set size:undefined disposed:false
3494 silly fetch manifest unbox-primitive@^1.1.0
3495 silly packumentCache full:https://registry.npmjs.org/unbox-primitive cache-miss
3496 http fetch GET 200 https://registry.npmjs.org/set-proto 64ms (cache miss)
3497 silly packumentCache full:https://registry.npmjs.org/set-proto set size:undefined disposed:false
3498 silly fetch manifest which-typed-array@^1.1.19
3499 silly packumentCache full:https://registry.npmjs.org/which-typed-array cache-miss
3500 http fetch GET 200 https://registry.npmjs.org/string.prototype.trimstart 51ms (cache miss)
3501 silly packumentCache full:https://registry.npmjs.org/string.prototype.trimstart set size:undefined disposed:false
3502 silly fetch manifest has-tostringtag@^1.0.2
3503 silly packumentCache full:https://registry.npmjs.org/has-tostringtag cache-miss
3504 http fetch GET 200 https://registry.npmjs.org/string.prototype.trimend 59ms (cache miss)
3505 silly packumentCache full:https://registry.npmjs.org/string.prototype.trimend set size:undefined disposed:false
3506 http fetch GET 200 https://registry.npmjs.org/string.prototype.trim 63ms (cache miss)
3507 silly packumentCache full:https://registry.npmjs.org/string.prototype.trim set size:undefined disposed:false
3508 http fetch GET 200 https://registry.npmjs.org/typed-array-buffer 38ms (cache miss)
3509 silly packumentCache full:https://registry.npmjs.org/typed-array-buffer set size:undefined disposed:false
3510 http fetch GET 200 https://registry.npmjs.org/typed-array-byte-length 44ms (cache miss)
3511 silly packumentCache full:https://registry.npmjs.org/typed-array-byte-length set size:undefined disposed:false
3512 http fetch GET 200 https://registry.npmjs.org/has-tostringtag 40ms (cache miss)
3513 silly packumentCache full:https://registry.npmjs.org/has-tostringtag set size:undefined disposed:false
3514 http fetch GET 200 https://registry.npmjs.org/unbox-primitive 50ms (cache miss)
3515 silly packumentCache full:https://registry.npmjs.org/unbox-primitive set size:undefined disposed:false
3516 http fetch GET 200 https://registry.npmjs.org/which-typed-array 47ms (cache miss)
3517 silly packumentCache full:https://registry.npmjs.org/which-typed-array set size:undefined disposed:false
3518 http fetch GET 200 https://registry.npmjs.org/typed-array-length 68ms (cache miss)
3519 silly packumentCache full:https://registry.npmjs.org/typed-array-length set size:undefined disposed:false
3520 http fetch GET 200 https://registry.npmjs.org/typed-array-byte-offset 77ms (cache miss)
3521 silly packumentCache full:https://registry.npmjs.org/typed-array-byte-offset set size:undefined disposed:false
3522 silly placeDep ROOT es-errors@1.3.0 OK for: array.prototype.findlast@1.2.5 want: ^1.3.0
3523 silly placeDep ROOT es-shim-unscopables@1.1.0 OK for: array.prototype.findlast@1.2.5 want: ^1.0.2
3524 silly placeDep ROOT call-bind-apply-helpers@1.0.2 OK for: call-bind@1.0.8 want: ^1.0.0
3525 silly placeDep ROOT es-define-property@1.0.1 OK for: call-bind@1.0.8 want: ^1.0.0
3526 silly placeDep ROOT set-function-length@1.2.2 OK for: call-bind@1.0.8 want: ^1.2.2
3527 silly fetch manifest define-data-property@^1.1.4
3528 silly packumentCache full:https://registry.npmjs.org/define-data-property cache-miss
3529 silly fetch manifest gopd@^1.0.1
3530 silly packumentCache full:https://registry.npmjs.org/gopd cache-miss
3531 http cache https://registry.npmjs.org/gopd 5ms (cache hit)
3532 silly packumentCache full:https://registry.npmjs.org/gopd set size:11458 disposed:false
3533 http cache https://registry.npmjs.org/define-data-property 5ms (cache hit)
3534 silly packumentCache full:https://registry.npmjs.org/define-data-property set size:28048 disposed:false
3535 silly placeDep ROOT function-bind@1.1.2 OK for: call-bind-apply-helpers@1.0.2 want: ^1.1.2
3536 silly placeDep ROOT define-data-property@1.1.4 OK for: define-properties@1.2.1 want: ^1.0.1
3537 silly placeDep ROOT has-property-descriptors@1.0.2 OK for: define-properties@1.2.1 want: ^1.0.0
3538 silly placeDep ROOT object-keys@1.1.1 OK for: define-properties@1.2.1 want: ^1.1.1
3539 silly placeDep ROOT gopd@1.2.0 OK for: define-data-property@1.1.4 want: ^1.0.1
3540 silly placeDep ROOT array-buffer-byte-length@1.0.2 OK for: es-abstract@1.24.0 want: ^1.0.2
3541 silly placeDep ROOT arraybuffer.prototype.slice@1.0.4 OK for: es-abstract@1.24.0 want: ^1.0.4
3542 silly placeDep ROOT available-typed-arrays@1.0.7 OK for: es-abstract@1.24.0 want: ^1.0.7
3543 silly placeDep ROOT data-view-buffer@1.0.2 OK for: es-abstract@1.24.0 want: ^1.0.2
3544 silly placeDep ROOT data-view-byte-length@1.0.2 OK for: es-abstract@1.24.0 want: ^1.0.2
3545 silly placeDep ROOT data-view-byte-offset@1.0.1 OK for: es-abstract@1.24.0 want: ^1.0.1
3546 silly placeDep ROOT es-set-tostringtag@2.1.0 OK for: es-abstract@1.24.0 want: ^2.1.0
3547 silly placeDep ROOT es-to-primitive@1.3.0 OK for: es-abstract@1.24.0 want: ^1.3.0
3548 silly placeDep ROOT function.prototype.name@1.1.8 OK for: es-abstract@1.24.0 want: ^1.1.8
3549 silly placeDep ROOT get-proto@1.0.1 OK for: es-abstract@1.24.0 want: ^1.0.1
3550 silly placeDep ROOT get-symbol-description@1.1.0 OK for: es-abstract@1.24.0 want: ^1.1.0
3551 silly placeDep ROOT globalthis@1.0.4 OK for: es-abstract@1.24.0 want: ^1.0.4
3552 silly placeDep ROOT has-proto@1.2.0 OK for: es-abstract@1.24.0 want: ^1.2.0
3553 silly placeDep ROOT has-symbols@1.1.0 OK for: es-abstract@1.24.0 want: ^1.1.0
3554 silly placeDep ROOT internal-slot@1.1.0 OK for: es-abstract@1.24.0 want: ^1.1.0
3555 silly placeDep ROOT is-array-buffer@3.0.5 OK for: es-abstract@1.24.0 want: ^3.0.5
3556 silly placeDep ROOT is-callable@1.2.7 OK for: es-abstract@1.24.0 want: ^1.2.7
3557 silly placeDep ROOT is-data-view@1.0.2 OK for: es-abstract@1.24.0 want: ^1.0.2
3558 silly placeDep ROOT is-negative-zero@2.0.3 OK for: es-abstract@1.24.0 want: ^2.0.3
3559 silly placeDep ROOT is-regex@1.2.1 OK for: es-abstract@1.24.0 want: ^1.2.1
3560 silly placeDep ROOT is-set@2.0.3 OK for: es-abstract@1.24.0 want: ^2.0.3
3561 silly placeDep ROOT is-shared-array-buffer@1.0.4 OK for: es-abstract@1.24.0 want: ^1.0.4
3562 silly placeDep ROOT is-typed-array@1.1.15 OK for: es-abstract@1.24.0 want: ^1.1.15
3563 silly placeDep ROOT is-weakref@1.1.1 OK for: es-abstract@1.24.0 want: ^1.1.1
3564 silly placeDep ROOT object-inspect@1.13.4 OK for: es-abstract@1.24.0 want: ^1.13.4
3565 silly placeDep ROOT object.assign@4.1.7 OK for: es-abstract@1.24.0 want: ^4.1.7
3566 silly placeDep ROOT own-keys@1.0.1 OK for: es-abstract@1.24.0 want: ^1.0.1
3567 silly placeDep ROOT regexp.prototype.flags@1.5.4 OK for: es-abstract@1.24.0 want: ^1.5.4
3568 silly placeDep ROOT safe-array-concat@1.1.3 OK for: es-abstract@1.24.0 want: ^1.1.3
3569 silly placeDep ROOT safe-push-apply@1.0.0 OK for: es-abstract@1.24.0 want: ^1.0.0
3570 silly placeDep ROOT safe-regex-test@1.1.0 OK for: es-abstract@1.24.0 want: ^1.1.0
3571 silly placeDep ROOT set-proto@1.0.0 OK for: es-abstract@1.24.0 want: ^1.0.0
3572 silly placeDep ROOT stop-iteration-iterator@1.1.0 OK for: es-abstract@1.24.0 want: ^1.1.0
3573 silly placeDep ROOT string.prototype.trim@1.2.10 OK for: es-abstract@1.24.0 want: ^1.2.10
3574 silly placeDep ROOT string.prototype.trimend@1.0.9 OK for: es-abstract@1.24.0 want: ^1.0.9
3575 silly placeDep ROOT string.prototype.trimstart@1.0.8 OK for: es-abstract@1.24.0 want: ^1.0.8
3576 silly placeDep ROOT typed-array-buffer@1.0.3 OK for: es-abstract@1.24.0 want: ^1.0.3
3577 silly placeDep ROOT typed-array-byte-length@1.0.3 OK for: es-abstract@1.24.0 want: ^1.0.3
3578 silly placeDep ROOT typed-array-byte-offset@1.0.4 OK for: es-abstract@1.24.0 want: ^1.0.4
3579 silly placeDep ROOT typed-array-length@1.0.7 OK for: es-abstract@1.24.0 want: ^1.0.7
3580 silly placeDep ROOT unbox-primitive@1.1.0 OK for: es-abstract@1.24.0 want: ^1.1.0
3581 silly placeDep ROOT which-typed-array@1.1.19 OK for: es-abstract@1.24.0 want: ^1.1.19
3582 silly fetch manifest is-array-buffer@^3.0.4
3583 silly packumentCache full:https://registry.npmjs.org/is-array-buffer cache-miss
3584 silly fetch manifest possible-typed-array-names@^1.0.0
3585 silly packumentCache full:https://registry.npmjs.org/possible-typed-array-names cache-miss
3586 silly fetch manifest is-data-view@^1.0.1
3587 silly packumentCache full:https://registry.npmjs.org/is-data-view cache-miss
3588 silly fetch manifest is-date-object@^1.0.5
3589 silly packumentCache full:https://registry.npmjs.org/is-date-object cache-miss
3590 silly fetch manifest is-symbol@^1.0.4
3591 silly packumentCache full:https://registry.npmjs.org/is-symbol cache-miss
3592 silly fetch manifest functions-have-names@^1.2.3
3593 silly packumentCache full:https://registry.npmjs.org/functions-have-names cache-miss
3594 silly fetch manifest dunder-proto@^1.0.1
3595 silly packumentCache full:https://registry.npmjs.org/dunder-proto cache-miss
3596 silly fetch manifest dunder-proto@^1.0.0
3597 silly packumentCache full:https://registry.npmjs.org/dunder-proto cache-miss
3598 silly fetch manifest is-typed-array@^1.1.13
3599 silly packumentCache full:https://registry.npmjs.org/is-typed-array cache-miss
3600 http cache https://registry.npmjs.org/is-data-view 4ms (cache hit)
3601 silly packumentCache full:https://registry.npmjs.org/is-data-view set size:13756 disposed:false
3602 silly fetch manifest which-typed-array@^1.1.16
3603 silly packumentCache full:https://registry.npmjs.org/which-typed-array cache-miss
3604 http cache https://registry.npmjs.org/is-typed-array 4ms (cache hit)
3605 silly packumentCache full:https://registry.npmjs.org/is-typed-array set size:79965 disposed:false
3606 silly fetch manifest isarray@^2.0.5
3607 silly packumentCache full:https://registry.npmjs.org/isarray cache-miss
3608 http cache https://registry.npmjs.org/is-array-buffer 6ms (cache hit)
3609 silly packumentCache full:https://registry.npmjs.org/is-array-buffer set size:33562 disposed:false
3610 silly fetch manifest isarray@^2.0.5
3611 silly packumentCache full:https://registry.npmjs.org/isarray cache-miss
3612 http cache https://registry.npmjs.org/which-typed-array 4ms (cache hit)
3613 silly packumentCache full:https://registry.npmjs.org/which-typed-array set size:89701 disposed:false
3614 silly fetch manifest dunder-proto@^1.0.1
3615 silly packumentCache full:https://registry.npmjs.org/dunder-proto cache-miss
3616 http fetch GET 200 https://registry.npmjs.org/isarray 34ms (cache miss)
3617 silly packumentCache full:https://registry.npmjs.org/isarray set size:undefined disposed:false
3618 silly fetch manifest for-each@^0.3.3
3619 silly packumentCache full:https://registry.npmjs.org/for-each cache-miss
3620 http fetch GET 200 https://registry.npmjs.org/isarray 42ms (cache miss)
3621 silly packumentCache full:https://registry.npmjs.org/isarray set size:undefined disposed:false
3622 silly fetch manifest for-each@^0.3.3
3623 silly packumentCache full:https://registry.npmjs.org/for-each cache-miss
3624 http fetch GET 200 https://registry.npmjs.org/dunder-proto 75ms (cache miss)
3625 silly packumentCache full:https://registry.npmjs.org/dunder-proto set size:undefined disposed:false
3626 silly fetch manifest reflect.getprototypeof@^1.0.9
3627 silly packumentCache full:https://registry.npmjs.org/reflect.getprototypeof cache-miss
3628 http fetch GET 200 https://registry.npmjs.org/dunder-proto 76ms (cache miss)
3629 silly packumentCache full:https://registry.npmjs.org/dunder-proto set size:undefined disposed:false
3630 silly fetch manifest for-each@^0.3.3
3631 silly packumentCache full:https://registry.npmjs.org/for-each cache-miss
3632 http fetch GET 200 https://registry.npmjs.org/is-date-object 78ms (cache miss)
3633 silly packumentCache full:https://registry.npmjs.org/is-date-object set size:undefined disposed:false
3634 silly fetch manifest possible-typed-array-names@^1.0.0
3635 silly packumentCache full:https://registry.npmjs.org/possible-typed-array-names cache-miss
3636 http fetch GET 200 https://registry.npmjs.org/is-symbol 78ms (cache miss)
3637 silly packumentCache full:https://registry.npmjs.org/is-symbol set size:undefined disposed:false
3638 silly fetch manifest reflect.getprototypeof@^1.0.6
3639 silly packumentCache full:https://registry.npmjs.org/reflect.getprototypeof cache-miss
3640 http fetch GET 200 https://registry.npmjs.org/functions-have-names 80ms (cache miss)
3641 silly packumentCache full:https://registry.npmjs.org/functions-have-names set size:undefined disposed:false
3642 silly fetch manifest has-bigints@^1.0.2
3643 silly packumentCache full:https://registry.npmjs.org/has-bigints cache-miss
3644 http fetch GET 200 https://registry.npmjs.org/dunder-proto 73ms (cache miss)
3645 silly packumentCache full:https://registry.npmjs.org/dunder-proto set size:undefined disposed:false
3646 silly fetch manifest which-boxed-primitive@^1.1.1
3647 silly packumentCache full:https://registry.npmjs.org/which-boxed-primitive cache-miss
3648 http fetch GET 200 https://registry.npmjs.org/possible-typed-array-names 83ms (cache miss)
3649 silly packumentCache full:https://registry.npmjs.org/possible-typed-array-names set size:undefined disposed:false
3650 silly fetch manifest for-each@^0.3.5
3651 silly packumentCache full:https://registry.npmjs.org/for-each cache-miss
3652 http fetch GET 200 https://registry.npmjs.org/for-each 44ms (cache miss)
3653 silly packumentCache full:https://registry.npmjs.org/for-each set size:undefined disposed:false
3654 http fetch GET 200 https://registry.npmjs.org/for-each 42ms (cache miss)
3655 silly packumentCache full:https://registry.npmjs.org/for-each set size:undefined disposed:false
3656 http fetch GET 200 https://registry.npmjs.org/reflect.getprototypeof 40ms (cache miss)
3657 silly packumentCache full:https://registry.npmjs.org/reflect.getprototypeof set size:undefined disposed:false
3658 http fetch GET 200 https://registry.npmjs.org/for-each 107ms (cache miss)
3659 silly packumentCache full:https://registry.npmjs.org/for-each set size:undefined disposed:false
3660 http fetch GET 200 https://registry.npmjs.org/possible-typed-array-names 108ms (cache miss)
3661 silly packumentCache full:https://registry.npmjs.org/possible-typed-array-names set size:undefined disposed:false
3662 http fetch GET 200 https://registry.npmjs.org/reflect.getprototypeof 106ms (cache miss)
3663 silly packumentCache full:https://registry.npmjs.org/reflect.getprototypeof set size:undefined disposed:false
3664 http fetch GET 200 https://registry.npmjs.org/for-each 103ms (cache miss)
3665 silly packumentCache full:https://registry.npmjs.org/for-each set size:undefined disposed:false
3666 http fetch GET 200 https://registry.npmjs.org/has-bigints 106ms (cache miss)
3667 silly packumentCache full:https://registry.npmjs.org/has-bigints set size:undefined disposed:false
3668 http fetch GET 200 https://registry.npmjs.org/which-boxed-primitive 106ms (cache miss)
3669 silly packumentCache full:https://registry.npmjs.org/which-boxed-primitive set size:undefined disposed:false
3670 silly placeDep ROOT possible-typed-array-names@1.1.0 OK for: available-typed-arrays@1.0.7 want: ^1.0.0
3671 silly placeDep ROOT iterator.prototype@1.1.5 OK for: es-iterator-helpers@1.2.1 want: ^1.1.4
3672 silly placeDep ROOT has-tostringtag@1.0.2 OK for: es-set-tostringtag@2.1.0 want: ^1.0.2
3673 silly placeDep ROOT is-date-object@1.1.0 OK for: es-to-primitive@1.3.0 want: ^1.0.5
3674 silly placeDep ROOT is-symbol@1.1.1 OK for: es-to-primitive@1.3.0 want: ^1.0.4
3675 silly placeDep ROOT eslint-plugin-react-native-globals@0.1.2 OK for: eslint-plugin-react-native@4.1.0 want: ^0.1.1
3676 silly placeDep ROOT esrecurse@4.3.0 OK for: eslint-scope@5.1.1 want: ^4.3.0
3677 silly placeDep node_modules/eslint-scope estraverse@4.3.0 OK for: eslint-scope@5.1.1 want: ^4.1.1
3678 silly placeDep ROOT acorn@8.15.0 OK for: espree@9.6.1 want: ^8.9.0
3679 silly placeDep ROOT acorn-jsx@5.3.2 OK for: espree@9.6.1 want: ^5.3.2
3680 silly placeDep node_modules/espree eslint-visitor-keys@3.4.3 OK for: espree@9.6.1 want: ^3.4.1
3681 silly placeDep ROOT get-stream@6.0.1 OK for: execa@5.1.1 want: ^6.0.0
3682 silly placeDep ROOT human-signals@2.1.0 OK for: execa@5.1.1 want: ^2.1.0
3683 silly placeDep ROOT is-stream@2.0.1 OK for: execa@5.1.1 want: ^2.0.0
3684 silly placeDep ROOT merge-stream@2.0.0 OK for: execa@5.1.1 want: ^2.0.0
3685 silly placeDep ROOT npm-run-path@4.0.1 OK for: execa@5.1.1 want: ^4.0.1
3686 silly placeDep ROOT onetime@5.1.2 OK for: execa@5.1.1 want: ^5.1.2
3687 silly placeDep ROOT signal-exit@3.0.7 OK for: execa@5.1.1 want: ^3.0.3
3688 silly placeDep ROOT strip-final-newline@2.0.0 OK for: execa@5.1.1 want: ^2.0.0
3689 silly fetch manifest mimic-fn@^2.1.0
3690 silly packumentCache full:https://registry.npmjs.org/mimic-fn cache-miss
3691 http fetch GET 200 https://registry.npmjs.org/mimic-fn 46ms (cache miss)
3692 silly packumentCache full:https://registry.npmjs.org/mimic-fn set size:undefined disposed:false
3693 silly placeDep ROOT @jest/expect-utils@29.7.0 OK for: expect@29.7.0 want: ^29.7.0
3694 silly placeDep ROOT jest-get-type@29.6.3 OK for: expect@29.7.0 want: ^29.6.3
3695 silly placeDep ROOT jest-message-util@29.7.0 OK for: expect@29.7.0 want: ^29.7.0
3696 silly placeDep ROOT jest-util@29.7.0 OK for: expect@29.7.0 want: ^29.7.0
3697 silly fetch manifest micromatch@^4.0.4
3698 silly packumentCache full:https://registry.npmjs.org/micromatch cache-miss
3699 silly fetch manifest stack-utils@^2.0.3
3700 silly packumentCache full:https://registry.npmjs.org/stack-utils cache-miss
3701 silly fetch manifest @types/stack-utils@^2.0.0
3702 silly packumentCache full:https://registry.npmjs.org/@types%2fstack-utils cache-miss
3703 silly fetch manifest ci-info@^3.2.0
3704 silly packumentCache full:https://registry.npmjs.org/ci-info cache-miss
3705 silly fetch manifest picomatch@^2.2.3
3706 silly packumentCache full:https://registry.npmjs.org/picomatch cache-miss
3707 silly fetch manifest @types/node@*
3708 silly packumentCache full:https://registry.npmjs.org/@types%2fnode cache-miss
3709 http cache https://registry.npmjs.org/micromatch 5ms (cache hit)
3710 silly packumentCache full:https://registry.npmjs.org/micromatch set size:240630 disposed:false
3711 http fetch GET 200 https://registry.npmjs.org/stack-utils 44ms (cache miss)
3712 silly packumentCache full:https://registry.npmjs.org/stack-utils set size:undefined disposed:false
3713 http fetch GET 200 https://registry.npmjs.org/ci-info 58ms (cache miss)
3714 silly packumentCache full:https://registry.npmjs.org/ci-info set size:undefined disposed:false
3715 http fetch GET 200 https://registry.npmjs.org/picomatch 63ms (cache miss)
3716 silly packumentCache full:https://registry.npmjs.org/picomatch set size:undefined disposed:false
3717 http fetch GET 200 https://registry.npmjs.org/@types%2fstack-utils 65ms (cache miss)
3718 silly packumentCache full:https://registry.npmjs.org/@types%2fstack-utils set size:undefined disposed:false
3719 http fetch GET 200 https://registry.npmjs.org/@types%2fnode 427ms (cache miss)
3720 silly packumentCache full:https://registry.npmjs.org/@types%2fnode set size:undefined disposed:false
3721 silly placeDep node_modules/fast-glob glob-parent@5.1.2 OK for: fast-glob@3.3.3 want: ^5.1.2
3722 silly placeDep ROOT merge2@1.4.1 OK for: fast-glob@3.3.3 want: ^1.3.0
3723 silly placeDep ROOT micromatch@4.0.8 OK for: fast-glob@3.3.3 want: ^4.0.8
3724 silly fetch manifest braces@^3.0.3
3725 silly packumentCache full:https://registry.npmjs.org/braces cache-miss
3726 silly fetch manifest picomatch@^2.3.1
3727 silly packumentCache full:https://registry.npmjs.org/picomatch cache-miss
3728 http cache https://registry.npmjs.org/picomatch 3ms (cache hit)
3729 silly packumentCache full:https://registry.npmjs.org/picomatch set size:118818 disposed:false
3730 http fetch GET 200 https://registry.npmjs.org/braces 51ms (cache miss)
3731 silly packumentCache full:https://registry.npmjs.org/braces set size:undefined disposed:false
3732 silly placeDep ROOT strnum@1.1.2 OK for: fast-xml-parser@4.5.3 want: ^1.1.1
3733 silly placeDep ROOT reusify@1.1.0 OK for: fastq@1.19.1 want: ^1.0.4
3734 silly placeDep ROOT flat-cache@3.2.0 OK for: file-entry-cache@6.0.1 want: ^3.0.4
3735 silly fetch manifest keyv@^4.5.3
3736 silly packumentCache full:https://registry.npmjs.org/keyv cache-miss
3737 silly fetch manifest rimraf@^3.0.2
3738 silly packumentCache full:https://registry.npmjs.org/rimraf cache-miss
3739 silly fetch manifest flatted@^3.2.9
3740 silly packumentCache full:https://registry.npmjs.org/flatted cache-miss
3741 http fetch GET 200 https://registry.npmjs.org/keyv 72ms (cache miss)
3742 silly packumentCache full:https://registry.npmjs.org/keyv set size:undefined disposed:false
3743 http fetch GET 200 https://registry.npmjs.org/rimraf 74ms (cache miss)
3744 silly packumentCache full:https://registry.npmjs.org/rimraf set size:undefined disposed:false
3745 http fetch GET 200 https://registry.npmjs.org/flatted 75ms (cache miss)
3746 silly packumentCache full:https://registry.npmjs.org/flatted set size:undefined disposed:false
3747 silly placeDep node_modules/finalhandler debug@2.6.9 OK for: finalhandler@1.1.2 want: 2.6.9
3748 silly placeDep ROOT encodeurl@1.0.2 OK for: finalhandler@1.1.2 want: ~1.0.2
3749 silly placeDep node_modules/finalhandler on-finished@2.3.0 OK for: finalhandler@1.1.2 want: ~2.3.0
3750 silly placeDep ROOT statuses@1.5.0 OK for: finalhandler@1.1.2 want: ~1.5.0
3751 silly placeDep ROOT locate-path@6.0.0 OK for: find-up@5.0.0 want: ^6.0.0
3752 silly placeDep ROOT path-exists@4.0.0 OK for: find-up@5.0.0 want: ^4.0.0
3753 silly fetch manifest p-locate@^5.0.0
3754 silly packumentCache full:https://registry.npmjs.org/p-locate cache-miss
3755 http fetch GET 200 https://registry.npmjs.org/p-locate 39ms (cache miss)
3756 silly packumentCache full:https://registry.npmjs.org/p-locate set size:undefined disposed:false
3757 silly placeDep ROOT flatted@3.3.3 OK for: flat-cache@3.2.0 want: ^3.2.9
3758 silly placeDep ROOT keyv@4.5.4 OK for: flat-cache@3.2.0 want: ^4.5.3
3759 silly placeDep ROOT rimraf@3.0.2 OK for: flat-cache@3.2.0 want: ^3.0.2
3760 silly fetch manifest json-buffer@3.0.1
3761 silly packumentCache full:https://registry.npmjs.org/json-buffer cache-miss
3762 http fetch GET 200 https://registry.npmjs.org/json-buffer 60ms (cache miss)
3763 silly packumentCache full:https://registry.npmjs.org/json-buffer set size:undefined disposed:false
3764 silly placeDep ROOT jsonfile@4.0.0 OK for: fs-extra@8.1.0 want: ^4.0.0
3765 silly placeDep ROOT universalify@0.1.2 OK for: fs-extra@8.1.0 want: ^0.1.0
3766 silly placeDep ROOT functions-have-names@1.2.3 OK for: function.prototype.name@1.1.8 want: ^1.2.3
3767 silly placeDep ROOT dunder-proto@1.0.1 OK for: get-proto@1.0.1 want: ^1.0.1
3768 silly placeDep ROOT fs.realpath@1.0.0 OK for: glob@7.2.3 want: ^1.0.0
3769 silly placeDep ROOT inflight@1.0.6 OK for: glob@7.2.3 want: ^1.0.4
3770 silly placeDep ROOT inherits@2.0.4 OK for: glob@7.2.3 want: 2
3771 silly placeDep node_modules/glob minimatch@3.1.2 OK for: glob@7.2.3 want: ^3.1.1
3772 silly placeDep ROOT once@1.4.0 OK for: glob@7.2.3 want: ^1.3.0
3773 silly placeDep ROOT path-is-absolute@1.0.1 OK for: glob@7.2.3 want: ^1.0.0
3774 silly fetch manifest wrappy@1
3775 silly packumentCache full:https://registry.npmjs.org/wrappy cache-miss
3776 silly fetch manifest wrappy@1
3777 silly packumentCache full:https://registry.npmjs.org/wrappy cache-miss
3778 http fetch GET 200 https://registry.npmjs.org/wrappy 35ms (cache miss)
3779 silly packumentCache full:https://registry.npmjs.org/wrappy set size:undefined disposed:false
3780 http fetch GET 200 https://registry.npmjs.org/wrappy 58ms (cache miss)
3781 silly packumentCache full:https://registry.npmjs.org/wrappy set size:undefined disposed:false
3782 silly placeDep ROOT type-fest@0.20.2 OK for: globals@13.24.0 want: ^0.20.2
3783 silly placeDep ROOT array-union@2.1.0 OK for: globby@11.1.0 want: ^2.1.0
3784 silly placeDep ROOT dir-glob@3.0.1 OK for: globby@11.1.0 want: ^3.0.1
3785 silly placeDep ROOT slash@3.0.0 OK for: globby@11.1.0 want: ^3.0.0
3786 silly fetch manifest path-type@^4.0.0
3787 silly packumentCache full:https://registry.npmjs.org/path-type cache-miss
3788 http fetch GET 200 https://registry.npmjs.org/path-type 92ms (cache miss)
3789 silly packumentCache full:https://registry.npmjs.org/path-type set size:undefined disposed:false
3790 silly placeDep ROOT path-type@4.0.0 OK for: dir-glob@3.0.1 want: ^4.0.0
3791 silly placeDep ROOT hermes-estree@0.25.1 OK for: hermes-parser@0.25.1 want: 0.25.1
3792 silly placeDep node_modules/hoist-non-react-statics react-is@16.13.1 OK for: hoist-non-react-statics@3.3.2 want: ^16.7.0
3793 silly placeDep ROOT setprototypeof@1.2.0 OK for: http-errors@2.0.0 want: 1.2.0
3794 silly placeDep node_modules/http-errors statuses@2.0.1 OK for: http-errors@2.0.0 want: 2.0.1
3795 silly placeDep ROOT toidentifier@1.0.1 OK for: http-errors@2.0.0 want: 1.0.1
3796 silly placeDep ROOT agent-base@6.0.2 OK for: https-proxy-agent@5.0.1 want: 6
3797 silly placeDep ROOT safer-buffer@2.1.2 OK for: iconv-lite@0.4.24 want: >= 2.1.2 < 3
3798 silly placeDep ROOT parent-module@1.0.1 OK for: import-fresh@3.3.1 want: ^1.0.0
3799 silly placeDep ROOT resolve-from@4.0.0 OK for: import-fresh@3.3.1 want: ^4.0.0
3800 silly fetch manifest callsites@^3.0.0
3801 silly packumentCache full:https://registry.npmjs.org/callsites cache-miss
3802 http fetch GET 200 https://registry.npmjs.org/callsites 62ms (cache miss)
3803 silly packumentCache full:https://registry.npmjs.org/callsites set size:undefined disposed:false
3804 silly placeDep ROOT wrappy@1.0.2 OK for: inflight@1.0.6 want: 1
3805 silly placeDep ROOT side-channel@1.1.0 OK for: internal-slot@1.1.0 want: ^1.1.0
3806 silly fetch manifest side-channel-list@^1.0.0
3807 silly packumentCache full:https://registry.npmjs.org/side-channel-list cache-miss
3808 silly fetch manifest side-channel-map@^1.0.1
3809 silly packumentCache full:https://registry.npmjs.org/side-channel-map cache-miss
3810 silly fetch manifest side-channel-weakmap@^1.0.2
3811 silly packumentCache full:https://registry.npmjs.org/side-channel-weakmap cache-miss
3812 http fetch GET 200 https://registry.npmjs.org/side-channel-list 42ms (cache miss)
3813 silly packumentCache full:https://registry.npmjs.org/side-channel-list set size:undefined disposed:false
3814 http fetch GET 200 https://registry.npmjs.org/side-channel-map 59ms (cache miss)
3815 silly packumentCache full:https://registry.npmjs.org/side-channel-map set size:undefined disposed:false
3816 http fetch GET 200 https://registry.npmjs.org/side-channel-weakmap 60ms (cache miss)
3817 silly packumentCache full:https://registry.npmjs.org/side-channel-weakmap set size:undefined disposed:false
3818 silly placeDep ROOT loose-envify@1.4.0 OK for: invariant@2.2.4 want: ^1.0.0
3819 silly placeDep ROOT is-extglob@2.1.1 OK for: is-glob@4.0.3 want: ^2.1.1
3820 silly placeDep ROOT set-function-name@2.0.2 OK for: iterator.prototype@1.1.5 want: ^2.0.2
3821 silly placeDep ROOT @jest/core@29.7.0 OK for: jest@29.7.0 want: ^29.7.0
3822 silly placeDep ROOT @jest/types@29.6.3 OK for: jest@29.7.0 want: ^29.6.3
3823 silly placeDep ROOT import-local@3.2.0 OK for: jest@29.7.0 want: ^3.0.2
3824 silly placeDep ROOT jest-cli@29.7.0 OK for: jest@29.7.0 want: ^29.7.0
3825 silly fetch manifest exit@^0.1.2
3826 silly packumentCache full:https://registry.npmjs.org/exit cache-miss
3827 silly fetch manifest jest-config@^29.7.0
3828 silly packumentCache full:https://registry.npmjs.org/jest-config cache-miss
3829 silly fetch manifest jest-runner@^29.7.0
3830 silly packumentCache full:https://registry.npmjs.org/jest-runner cache-miss
3831 silly fetch manifest ansi-escapes@^4.2.1
3832 silly packumentCache full:https://registry.npmjs.org/ansi-escapes cache-miss
3833 silly fetch manifest jest-resolve@^29.7.0
3834 silly packumentCache full:https://registry.npmjs.org/jest-resolve cache-miss
3835 silly fetch manifest jest-runtime@^29.7.0
3836 silly packumentCache full:https://registry.npmjs.org/jest-runtime cache-miss
3837 silly fetch manifest jest-watcher@^29.7.0
3838 silly packumentCache full:https://registry.npmjs.org/jest-watcher cache-miss
3839 silly fetch manifest @jest/console@^29.7.0
3840 silly packumentCache full:https://registry.npmjs.org/@jest%2fconsole cache-miss
3841 silly fetch manifest jest-snapshot@^29.7.0
3842 silly packumentCache full:https://registry.npmjs.org/jest-snapshot cache-miss
3843 http fetch GET 200 https://registry.npmjs.org/ansi-escapes 104ms (cache miss)
3844 silly packumentCache full:https://registry.npmjs.org/ansi-escapes set size:undefined disposed:false
3845 silly fetch manifest jest-haste-map@^29.7.0
3846 silly packumentCache full:https://registry.npmjs.org/jest-haste-map cache-miss
3847 http fetch GET 200 https://registry.npmjs.org/jest-snapshot 106ms (cache miss)
3848 silly packumentCache full:https://registry.npmjs.org/jest-snapshot set size:undefined disposed:false
3849 silly fetch manifest @jest/reporters@^29.7.0
3850 silly packumentCache full:https://registry.npmjs.org/@jest%2freporters cache-miss
3851 http fetch GET 200 https://registry.npmjs.org/jest-resolve 109ms (cache miss)
3852 silly packumentCache full:https://registry.npmjs.org/jest-resolve set size:undefined disposed:false
3853 silly fetch manifest @jest/transform@^29.7.0
3854 silly packumentCache full:https://registry.npmjs.org/@jest%2ftransform cache-miss
3855 http fetch GET 200 https://registry.npmjs.org/exit 116ms (cache miss)
3856 silly packumentCache full:https://registry.npmjs.org/exit set size:undefined disposed:false
3857 silly fetch manifest jest-regex-util@^29.6.3
3858 silly packumentCache full:https://registry.npmjs.org/jest-regex-util cache-miss
3859 http fetch GET 200 https://registry.npmjs.org/jest-runtime 116ms (cache miss)
3860 silly packumentCache full:https://registry.npmjs.org/jest-runtime set size:undefined disposed:false
3861 silly fetch manifest @jest/test-result@^29.7.0
3862 silly packumentCache full:https://registry.npmjs.org/@jest%2ftest-result cache-miss
3863 http fetch GET 200 https://registry.npmjs.org/jest-watcher 121ms (cache miss)
3864 silly packumentCache full:https://registry.npmjs.org/jest-watcher set size:undefined disposed:false
3865 silly fetch manifest jest-changed-files@^29.7.0
3866 silly packumentCache full:https://registry.npmjs.org/jest-changed-files cache-miss
3867 http fetch GET 200 https://registry.npmjs.org/jest-runner 125ms (cache miss)
3868 silly packumentCache full:https://registry.npmjs.org/jest-runner set size:undefined disposed:false
3869 silly fetch manifest jest-resolve-dependencies@^29.7.0
3870 silly packumentCache full:https://registry.npmjs.org/jest-resolve-dependencies cache-miss
3871 http fetch GET 200 https://registry.npmjs.org/@jest%2fconsole 131ms (cache miss)
3872 silly packumentCache full:https://registry.npmjs.org/@jest%2fconsole set size:undefined disposed:false
3873 silly fetch manifest @types/yargs@^17.0.8
3874 silly packumentCache full:https://registry.npmjs.org/@types%2fyargs cache-miss
3875 http fetch GET 200 https://registry.npmjs.org/jest-config 134ms (cache miss)
3876 silly packumentCache full:https://registry.npmjs.org/jest-config set size:undefined disposed:false
3877 silly fetch manifest @types/istanbul-reports@^3.0.0
3878 silly packumentCache full:https://registry.npmjs.org/@types%2fistanbul-reports cache-miss
3879 http fetch GET 200 https://registry.npmjs.org/jest-regex-util 97ms (cache miss)
3880 silly packumentCache full:https://registry.npmjs.org/jest-regex-util set size:undefined disposed:false
3881 silly fetch manifest @types/istanbul-lib-coverage@^2.0.0
3882 silly packumentCache full:https://registry.npmjs.org/@types%2fistanbul-lib-coverage cache-miss
3883 http fetch GET 200 https://registry.npmjs.org/@jest%2ftransform 102ms (cache miss)
3884 silly packumentCache full:https://registry.npmjs.org/@jest%2ftransform set size:undefined disposed:false
3885 silly fetch manifest pkg-dir@^4.2.0
3886 silly packumentCache full:https://registry.npmjs.org/pkg-dir cache-miss
3887 http fetch GET 200 https://registry.npmjs.org/@jest%2freporters 109ms (cache miss)
3888 silly packumentCache full:https://registry.npmjs.org/@jest%2freporters set size:undefined disposed:false
3889 silly fetch manifest resolve-cwd@^3.0.0
3890 silly packumentCache full:https://registry.npmjs.org/resolve-cwd cache-miss
3891 http fetch GET 200 https://registry.npmjs.org/jest-haste-map 119ms (cache miss)
3892 silly packumentCache full:https://registry.npmjs.org/jest-haste-map set size:undefined disposed:false
3893 silly fetch manifest create-jest@^29.7.0
3894 silly packumentCache full:https://registry.npmjs.org/create-jest cache-miss
3895 http fetch GET 200 https://registry.npmjs.org/@types%2fyargs 99ms (cache miss)
3896 silly packumentCache full:https://registry.npmjs.org/@types%2fyargs set size:undefined disposed:false
3897 silly fetch manifest @jest/test-result@^29.7.0
3898 silly packumentCache full:https://registry.npmjs.org/@jest%2ftest-result cache-miss
3899 http fetch GET 200 https://registry.npmjs.org/jest-changed-files 112ms (cache miss)
3900 silly packumentCache full:https://registry.npmjs.org/jest-changed-files set size:undefined disposed:false
3901 http fetch GET 200 https://registry.npmjs.org/@types%2fistanbul-reports 107ms (cache miss)
3902 silly packumentCache full:https://registry.npmjs.org/@types%2fistanbul-reports set size:undefined disposed:false
3903 http fetch GET 200 https://registry.npmjs.org/jest-resolve-dependencies 120ms (cache miss)
3904 silly packumentCache full:https://registry.npmjs.org/jest-resolve-dependencies set size:undefined disposed:false
3905 http fetch GET 200 https://registry.npmjs.org/@jest%2ftest-result 129ms (cache miss)
3906 silly packumentCache full:https://registry.npmjs.org/@jest%2ftest-result set size:undefined disposed:false
3907 http fetch GET 200 https://registry.npmjs.org/pkg-dir 47ms (cache miss)
3908 silly packumentCache full:https://registry.npmjs.org/pkg-dir set size:undefined disposed:false
3909 http fetch GET 200 https://registry.npmjs.org/@types%2fistanbul-lib-coverage 58ms (cache miss)
3910 silly packumentCache full:https://registry.npmjs.org/@types%2fistanbul-lib-coverage set size:undefined disposed:false
3911 http fetch GET 200 https://registry.npmjs.org/resolve-cwd 59ms (cache miss)
3912 silly packumentCache full:https://registry.npmjs.org/resolve-cwd set size:undefined disposed:false
3913 http fetch GET 200 https://registry.npmjs.org/@jest%2ftest-result 88ms (cache miss)
3914 silly packumentCache full:https://registry.npmjs.org/@jest%2ftest-result set size:undefined disposed:false
3915 http fetch GET 200 https://registry.npmjs.org/create-jest 98ms (cache miss)
3916 silly packumentCache full:https://registry.npmjs.org/create-jest set size:undefined disposed:false
3917 silly fetch manifest ts-node@>=9.0.0
3918 silly packumentCache full:https://registry.npmjs.org/ts-node cache-miss
3919 http fetch GET 200 https://registry.npmjs.org/ts-node 56ms (cache miss)
3920 silly packumentCache full:https://registry.npmjs.org/ts-node set size:undefined disposed:false
3921 silly fetch manifest @swc/core@>=1.2.50
3922 silly packumentCache full:https://registry.npmjs.org/@swc%2fcore cache-miss
3923 http fetch GET 200 https://registry.npmjs.org/@swc%2fcore 228ms (cache miss)
3924 silly packumentCache full:https://registry.npmjs.org/@swc%2fcore set size:undefined disposed:false
3925 silly fetch manifest @swc/helpers@>=0.5.17
3926 silly packumentCache full:https://registry.npmjs.org/@swc%2fhelpers cache-miss
3927 http fetch GET 200 https://registry.npmjs.org/@swc%2fhelpers 91ms (cache miss)
3928 silly packumentCache full:https://registry.npmjs.org/@swc%2fhelpers set size:undefined disposed:false
3929 silly fetch manifest @swc/wasm@>=1.2.50
3930 silly packumentCache full:https://registry.npmjs.org/@swc%2fwasm cache-miss
3931 http fetch GET 200 https://registry.npmjs.org/@swc%2fwasm 149ms (cache miss)
3932 silly packumentCache full:https://registry.npmjs.org/@swc%2fwasm set size:undefined disposed:false
3933 silly fetch manifest typescript@>=2.7
3934 silly packumentCache full:https://registry.npmjs.org/typescript cache-miss
3935 http cache https://registry.npmjs.org/typescript 16ms (cache hit)
3936 silly packumentCache full:https://registry.npmjs.org/typescript set size:14590075 disposed:false
3937 silly placeDep ROOT @jest/console@29.7.0 OK for: @jest/core@29.7.0 want: ^29.7.0
3938 silly placeDep ROOT @jest/reporters@29.7.0 OK for: @jest/core@29.7.0 want: ^29.7.0
3939 silly placeDep ROOT @jest/test-result@29.7.0 OK for: @jest/core@29.7.0 want: ^29.7.0
3940 silly placeDep ROOT @jest/transform@29.7.0 OK for: @jest/core@29.7.0 want: ^29.7.0
3941 silly placeDep ROOT @types/node@24.3.0 OK for: @jest/core@29.7.0 want: *
3942 silly placeDep ROOT ansi-escapes@4.3.2 OK for: @jest/core@29.7.0 want: ^4.2.1
3943 silly placeDep ROOT ci-info@3.9.0 OK for: @jest/core@29.7.0 want: ^3.2.0
3944 silly placeDep ROOT exit@0.1.2 OK for: @jest/core@29.7.0 want: ^0.1.2
3945 silly placeDep ROOT jest-changed-files@29.7.0 OK for: @jest/core@29.7.0 want: ^29.7.0
3946 silly placeDep ROOT jest-config@29.7.0 OK for: @jest/core@29.7.0 want: ^29.7.0
3947 silly placeDep ROOT jest-haste-map@29.7.0 OK for: @jest/core@29.7.0 want: ^29.7.0
3948 silly placeDep ROOT jest-regex-util@29.6.3 OK for: @jest/core@29.7.0 want: ^29.6.3
3949 silly placeDep ROOT jest-resolve@29.7.0 OK for: @jest/core@29.7.0 want: ^29.7.0
3950 silly placeDep ROOT jest-resolve-dependencies@29.7.0 OK for: @jest/core@29.7.0 want: ^29.7.0
3951 silly placeDep ROOT jest-runner@29.7.0 OK for: @jest/core@29.7.0 want: ^29.7.0
3952 silly placeDep ROOT jest-runtime@29.7.0 OK for: @jest/core@29.7.0 want: ^29.7.0
3953 silly placeDep ROOT jest-snapshot@29.7.0 OK for: @jest/core@29.7.0 want: ^29.7.0
3954 silly placeDep ROOT jest-validate@29.7.0 OK for: @jest/core@29.7.0 want: ^29.7.0
3955 silly placeDep ROOT jest-watcher@29.7.0 OK for: @jest/core@29.7.0 want: ^29.7.0
3956 silly fetch manifest jest-worker@^29.7.0
3957 silly packumentCache full:https://registry.npmjs.org/jest-worker cache-miss
3958 silly fetch manifest string-length@^4.0.1
3959 silly packumentCache full:https://registry.npmjs.org/string-length cache-miss
3960 silly fetch manifest v8-to-istanbul@^9.0.1
3961 silly packumentCache full:https://registry.npmjs.org/v8-to-istanbul cache-miss
3962 silly fetch manifest istanbul-reports@^3.1.3
3963 silly packumentCache full:https://registry.npmjs.org/istanbul-reports cache-miss
3964 silly fetch manifest @bcoe/v8-coverage@^0.2.3
3965 silly packumentCache full:https://registry.npmjs.org/@bcoe%2fv8-coverage cache-miss
3966 silly fetch manifest collect-v8-coverage@^1.0.0
3967 silly packumentCache full:https://registry.npmjs.org/collect-v8-coverage cache-miss
3968 silly fetch manifest istanbul-lib-report@^3.0.0
3969 silly packumentCache full:https://registry.npmjs.org/istanbul-lib-report cache-miss
3970 silly fetch manifest istanbul-lib-coverage@^3.0.0
3971 silly packumentCache full:https://registry.npmjs.org/istanbul-lib-coverage cache-miss
3972 silly fetch manifest istanbul-lib-instrument@^6.0.0
3973 silly packumentCache full:https://registry.npmjs.org/istanbul-lib-instrument cache-miss
3974 http fetch GET 200 https://registry.npmjs.org/istanbul-reports 60ms (cache miss)
3975 silly packumentCache full:https://registry.npmjs.org/istanbul-reports set size:undefined disposed:false
3976 silly fetch manifest istanbul-lib-source-maps@^4.0.0
3977 silly packumentCache full:https://registry.npmjs.org/istanbul-lib-source-maps cache-miss
3978 http fetch GET 200 https://registry.npmjs.org/istanbul-lib-report 60ms (cache miss)
3979 silly packumentCache full:https://registry.npmjs.org/istanbul-lib-report set size:undefined disposed:false
3980 silly fetch manifest collect-v8-coverage@^1.0.0
3981 silly packumentCache full:https://registry.npmjs.org/collect-v8-coverage cache-miss
3982 http fetch GET 200 https://registry.npmjs.org/v8-to-istanbul 81ms (cache miss)
3983 silly packumentCache full:https://registry.npmjs.org/v8-to-istanbul set size:undefined disposed:false
3984 silly fetch manifest pirates@^4.0.4
3985 silly packumentCache full:https://registry.npmjs.org/pirates cache-miss
3986 http fetch GET 200 https://registry.npmjs.org/string-length 88ms (cache miss)
3987 silly packumentCache full:https://registry.npmjs.org/string-length set size:undefined disposed:false
3988 silly fetch manifest write-file-atomic@^4.0.2
3989 silly packumentCache full:https://registry.npmjs.org/write-file-atomic cache-miss
3990 http fetch GET 200 https://registry.npmjs.org/istanbul-lib-coverage 90ms (cache miss)
3991 silly packumentCache full:https://registry.npmjs.org/istanbul-lib-coverage set size:undefined disposed:false
3992 silly fetch manifest babel-plugin-istanbul@^6.1.1
3993 silly packumentCache full:https://registry.npmjs.org/babel-plugin-istanbul cache-miss
3994 http fetch GET 200 https://registry.npmjs.org/collect-v8-coverage 91ms (cache miss)
3995 silly packumentCache full:https://registry.npmjs.org/collect-v8-coverage set size:undefined disposed:false
3996 silly fetch manifest undici-types@~7.10.0
3997 silly packumentCache full:https://registry.npmjs.org/undici-types cache-miss
3998 http fetch GET 200 https://registry.npmjs.org/istanbul-lib-instrument 92ms (cache miss)
3999 silly packumentCache full:https://registry.npmjs.org/istanbul-lib-instrument set size:undefined disposed:false
4000 silly fetch manifest type-fest@^0.21.3
4001 silly packumentCache full:https://registry.npmjs.org/type-fest cache-miss
4002 http fetch GET 200 https://registry.npmjs.org/@bcoe%2fv8-coverage 97ms (cache miss)
4003 silly packumentCache full:https://registry.npmjs.org/@bcoe%2fv8-coverage set size:undefined disposed:false
4004 silly fetch manifest p-limit@^3.1.0
4005 silly packumentCache full:https://registry.npmjs.org/p-limit cache-miss
4006 http fetch GET 200 https://registry.npmjs.org/jest-worker 103ms (cache miss)
4007 silly packumentCache full:https://registry.npmjs.org/jest-worker set size:undefined disposed:false
4008 silly fetch manifest jest-circus@^29.7.0
4009 silly packumentCache full:https://registry.npmjs.org/jest-circus cache-miss
4010 http cache https://registry.npmjs.org/type-fest 16ms (cache hit)
4011 silly packumentCache full:https://registry.npmjs.org/type-fest set size:526878 disposed:false
4012 silly fetch manifest @jest/test-sequencer@^29.7.0
4013 silly packumentCache full:https://registry.npmjs.org/@jest%2ftest-sequencer cache-miss
4014 http fetch GET 200 https://registry.npmjs.org/collect-v8-coverage 53ms (cache miss)
4015 silly packumentCache full:https://registry.npmjs.org/collect-v8-coverage set size:undefined disposed:false
4016 silly fetch manifest walker@^1.0.8
4017 silly packumentCache full:https://registry.npmjs.org/walker cache-miss
4018 http fetch GET 200 https://registry.npmjs.org/istanbul-lib-source-maps 68ms (cache miss)
4019 silly packumentCache full:https://registry.npmjs.org/istanbul-lib-source-maps set size:undefined disposed:false
4020 silly fetch manifest anymatch@^3.0.3
4021 silly packumentCache full:https://registry.npmjs.org/anymatch cache-miss
4022 http fetch GET 200 https://registry.npmjs.org/pirates 52ms (cache miss)
4023 silly packumentCache full:https://registry.npmjs.org/pirates set size:undefined disposed:false
4024 silly fetch manifest fb-watchman@^2.0.0
4025 silly packumentCache full:https://registry.npmjs.org/fb-watchman cache-miss
4026 http fetch GET 200 https://registry.npmjs.org/babel-plugin-istanbul 55ms (cache miss)
4027 silly packumentCache full:https://registry.npmjs.org/babel-plugin-istanbul set size:undefined disposed:false
4028 silly fetch manifest @types/graceful-fs@^4.1.3
4029 silly packumentCache full:https://registry.npmjs.org/@types%2fgraceful-fs cache-miss
4030 http fetch GET 200 https://registry.npmjs.org/write-file-atomic 61ms (cache miss)
4031 silly packumentCache full:https://registry.npmjs.org/write-file-atomic set size:undefined disposed:false
4032 silly fetch manifest fsevents@^2.3.2
4033 silly packumentCache full:https://registry.npmjs.org/fsevents cache-miss
4034 http fetch GET 200 https://registry.npmjs.org/undici-types 64ms (cache miss)
4035 silly packumentCache full:https://registry.npmjs.org/undici-types set size:undefined disposed:false
4036 silly fetch manifest resolve.exports@^2.0.0
4037 silly packumentCache full:https://registry.npmjs.org/resolve.exports cache-miss
4038 http fetch GET 200 https://registry.npmjs.org/walker 49ms (cache miss)
4039 silly packumentCache full:https://registry.npmjs.org/walker set size:undefined disposed:false
4040 silly fetch manifest jest-pnp-resolver@^1.2.2
4041 silly packumentCache full:https://registry.npmjs.org/jest-pnp-resolver cache-miss
4042 http fetch GET 200 https://registry.npmjs.org/anymatch 42ms (cache miss)
4043 silly packumentCache full:https://registry.npmjs.org/anymatch set size:undefined disposed:false
4044 silly fetch manifest p-limit@^3.1.0
4045 silly packumentCache full:https://registry.npmjs.org/p-limit cache-miss
4046 http fetch GET 200 https://registry.npmjs.org/fb-watchman 47ms (cache miss)
4047 silly packumentCache full:https://registry.npmjs.org/fb-watchman set size:undefined disposed:false
4048 silly fetch manifest emittery@^0.13.1
4049 silly packumentCache full:https://registry.npmjs.org/emittery cache-miss
4050 http fetch GET 200 https://registry.npmjs.org/p-limit 93ms (cache miss)
4051 silly packumentCache full:https://registry.npmjs.org/p-limit set size:undefined disposed:false
4052 silly fetch manifest jest-docblock@^29.7.0
4053 silly packumentCache full:https://registry.npmjs.org/jest-docblock cache-miss
4054 http fetch GET 200 https://registry.npmjs.org/jest-circus 99ms (cache miss)
4055 silly packumentCache full:https://registry.npmjs.org/jest-circus set size:undefined disposed:false
4056 silly fetch manifest @jest/environment@^29.7.0
4057 silly packumentCache full:https://registry.npmjs.org/@jest%2fenvironment cache-miss
4058 http fetch GET 200 https://registry.npmjs.org/@jest%2ftest-sequencer 96ms (cache miss)
4059 silly packumentCache full:https://registry.npmjs.org/@jest%2ftest-sequencer set size:undefined disposed:false
4060 silly fetch manifest jest-leak-detector@^29.7.0
4061 silly packumentCache full:https://registry.npmjs.org/jest-leak-detector cache-miss
4062 http fetch GET 200 https://registry.npmjs.org/@types%2fgraceful-fs 66ms (cache miss)
4063 silly packumentCache full:https://registry.npmjs.org/@types%2fgraceful-fs set size:undefined disposed:false
4064 silly fetch manifest source-map-support@0.5.13
4065 silly packumentCache full:https://registry.npmjs.org/source-map-support cache-miss
4066 http fetch GET 200 https://registry.npmjs.org/jest-pnp-resolver 49ms (cache miss)
4067 silly packumentCache full:https://registry.npmjs.org/jest-pnp-resolver set size:undefined disposed:false
4068 silly fetch manifest jest-mock@^29.7.0
4069 silly packumentCache full:https://registry.npmjs.org/jest-mock cache-miss
4070 http fetch GET 200 https://registry.npmjs.org/p-limit 52ms (cache miss)
4071 silly packumentCache full:https://registry.npmjs.org/p-limit set size:undefined disposed:false
4072 silly fetch manifest strip-bom@^4.0.0
4073 silly packumentCache full:https://registry.npmjs.org/strip-bom cache-miss
4074 http fetch GET 200 https://registry.npmjs.org/fsevents 78ms (cache miss)
4075 silly packumentCache full:https://registry.npmjs.org/fsevents set size:undefined disposed:false
4076 silly fetch manifest @jest/globals@^29.7.0
4077 silly packumentCache full:https://registry.npmjs.org/@jest%2fglobals cache-miss
4078 http fetch GET 200 https://registry.npmjs.org/emittery 48ms (cache miss)
4079 silly packumentCache full:https://registry.npmjs.org/emittery set size:undefined disposed:false
4080 silly fetch manifest @jest/source-map@^29.6.3
4081 silly packumentCache full:https://registry.npmjs.org/@jest%2fsource-map cache-miss
4082 http fetch GET 200 https://registry.npmjs.org/resolve.exports 76ms (cache miss)
4083 silly packumentCache full:https://registry.npmjs.org/resolve.exports set size:undefined disposed:false
4084 silly fetch manifest cjs-module-lexer@^1.0.0
4085 silly packumentCache full:https://registry.npmjs.org/cjs-module-lexer cache-miss
4086 http fetch GET 200 https://registry.npmjs.org/strip-bom 37ms (cache miss)
4087 silly packumentCache full:https://registry.npmjs.org/strip-bom set size:undefined disposed:false
4088 silly fetch manifest @jest/environment@^29.7.0
4089 silly packumentCache full:https://registry.npmjs.org/@jest%2fenvironment cache-miss
4090 http fetch GET 200 https://registry.npmjs.org/jest-docblock 72ms (cache miss)
4091 silly packumentCache full:https://registry.npmjs.org/jest-docblock set size:undefined disposed:false
4092 silly fetch manifest @jest/fake-timers@^29.7.0
4093 silly packumentCache full:https://registry.npmjs.org/@jest%2ffake-timers cache-miss
4094 http fetch GET 200 https://registry.npmjs.org/source-map-support 66ms (cache miss)
4095 silly packumentCache full:https://registry.npmjs.org/source-map-support set size:undefined disposed:false
4096 silly fetch manifest semver@^7.5.3
4097 silly packumentCache full:https://registry.npmjs.org/semver cache-hit
4098 silly fetch manifest babel-preset-current-node-syntax@^1.0.0
4099 silly packumentCache full:https://registry.npmjs.org/babel-preset-current-node-syntax cache-miss
4100 http fetch GET 200 https://registry.npmjs.org/jest-leak-detector 83ms (cache miss)
4101 silly packumentCache full:https://registry.npmjs.org/jest-leak-detector set size:undefined disposed:false
4102 silly fetch manifest leven@^3.1.0
4103 silly packumentCache full:https://registry.npmjs.org/leven cache-miss
4104 http fetch GET 200 https://registry.npmjs.org/cjs-module-lexer 62ms (cache miss)
4105 silly packumentCache full:https://registry.npmjs.org/cjs-module-lexer set size:undefined disposed:false
4106 silly fetch manifest camelcase@^6.2.0
4107 silly packumentCache full:https://registry.npmjs.org/camelcase cache-miss
4108 http fetch GET 200 https://registry.npmjs.org/@jest%2fsource-map 67ms (cache miss)
4109 silly packumentCache full:https://registry.npmjs.org/@jest%2fsource-map set size:undefined disposed:false
4110 http fetch GET 200 https://registry.npmjs.org/jest-mock 86ms (cache miss)
4111 silly packumentCache full:https://registry.npmjs.org/jest-mock set size:undefined disposed:false
4112 http fetch GET 200 https://registry.npmjs.org/@jest%2fenvironment 97ms (cache miss)
4113 silly packumentCache full:https://registry.npmjs.org/@jest%2fenvironment set size:undefined disposed:false
4114 http fetch GET 200 https://registry.npmjs.org/@jest%2fglobals 90ms (cache miss)
4115 silly packumentCache full:https://registry.npmjs.org/@jest%2fglobals set size:undefined disposed:false
4116 http fetch GET 200 https://registry.npmjs.org/babel-preset-current-node-syntax 48ms (cache miss)
4117 silly packumentCache full:https://registry.npmjs.org/babel-preset-current-node-syntax set size:undefined disposed:false
4118 http fetch GET 200 https://registry.npmjs.org/@jest%2ffake-timers 89ms (cache miss)
4119 silly packumentCache full:https://registry.npmjs.org/@jest%2ffake-timers set size:undefined disposed:false
4120 http fetch GET 200 https://registry.npmjs.org/@jest%2fenvironment 93ms (cache miss)
4121 silly packumentCache full:https://registry.npmjs.org/@jest%2fenvironment set size:undefined disposed:false
4122 http fetch GET 200 https://registry.npmjs.org/leven 63ms (cache miss)
4123 silly packumentCache full:https://registry.npmjs.org/leven set size:undefined disposed:false
4124 http fetch GET 200 https://registry.npmjs.org/camelcase 67ms (cache miss)
4125 silly packumentCache full:https://registry.npmjs.org/camelcase set size:undefined disposed:false
4126 silly placeDep ROOT @bcoe/v8-coverage@0.2.3 OK for: @jest/reporters@29.7.0 want: ^0.2.3
4127 silly placeDep ROOT collect-v8-coverage@1.0.2 OK for: @jest/reporters@29.7.0 want: ^1.0.0
4128 silly placeDep ROOT istanbul-lib-coverage@3.2.2 OK for: @jest/reporters@29.7.0 want: ^3.0.0
4129 silly placeDep ROOT istanbul-lib-instrument@6.0.3 OK for: @jest/reporters@29.7.0 want: ^6.0.0
4130 silly placeDep ROOT istanbul-lib-report@3.0.1 OK for: @jest/reporters@29.7.0 want: ^3.0.0
4131 silly placeDep ROOT istanbul-lib-source-maps@4.0.1 OK for: @jest/reporters@29.7.0 want: ^4.0.0
4132 silly placeDep ROOT istanbul-reports@3.2.0 OK for: @jest/reporters@29.7.0 want: ^3.1.3
4133 silly placeDep ROOT jest-worker@29.7.0 OK for: @jest/reporters@29.7.0 want: ^29.7.0
4134 silly placeDep ROOT string-length@4.0.2 OK for: @jest/reporters@29.7.0 want: ^4.0.1
4135 silly placeDep ROOT v8-to-istanbul@9.3.0 OK for: @jest/reporters@29.7.0 want: ^9.0.1
4136 silly fetch manifest @istanbuljs/schema@^0.1.3
4137 silly packumentCache full:https://registry.npmjs.org/@istanbuljs%2fschema cache-miss
4138 silly fetch manifest semver@^7.5.4
4139 silly packumentCache full:https://registry.npmjs.org/semver cache-hit
4140 silly fetch manifest make-dir@^4.0.0
4141 silly packumentCache full:https://registry.npmjs.org/make-dir cache-miss
4142 silly fetch manifest source-map@^0.6.1
4143 silly packumentCache full:https://registry.npmjs.org/source-map cache-miss
4144 silly fetch manifest html-escaper@^2.0.0
4145 silly packumentCache full:https://registry.npmjs.org/html-escaper cache-miss
4146 silly fetch manifest supports-color@^8.0.0
4147 silly packumentCache full:https://registry.npmjs.org/supports-color cache-miss
4148 silly fetch manifest char-regex@^1.0.2
4149 silly packumentCache full:https://registry.npmjs.org/char-regex cache-miss
4150 silly fetch manifest @types/istanbul-lib-coverage@^2.0.1
4151 silly packumentCache full:https://registry.npmjs.org/@types%2fistanbul-lib-coverage cache-miss
4152 http cache https://registry.npmjs.org/@types%2fistanbul-lib-coverage 3ms (cache hit)
4153 silly packumentCache full:https://registry.npmjs.org/@types%2fistanbul-lib-coverage set size:18110 disposed:false
4154 http cache https://registry.npmjs.org/supports-color 4ms (cache hit)
4155 silly packumentCache full:https://registry.npmjs.org/supports-color set size:119534 disposed:false
4156 http fetch GET 200 https://registry.npmjs.org/make-dir 42ms (cache miss)
4157 silly packumentCache full:https://registry.npmjs.org/make-dir set size:undefined disposed:false
4158 http fetch GET 200 https://registry.npmjs.org/char-regex 58ms (cache miss)
4159 silly packumentCache full:https://registry.npmjs.org/char-regex set size:undefined disposed:false
4160 http fetch GET 200 https://registry.npmjs.org/html-escaper 59ms (cache miss)
4161 silly packumentCache full:https://registry.npmjs.org/html-escaper set size:undefined disposed:false
4162 http fetch GET 200 https://registry.npmjs.org/source-map 60ms (cache miss)
4163 silly packumentCache full:https://registry.npmjs.org/source-map set size:undefined disposed:false
4164 http fetch GET 200 https://registry.npmjs.org/@istanbuljs%2fschema 69ms (cache miss)
4165 silly packumentCache full:https://registry.npmjs.org/@istanbuljs%2fschema set size:undefined disposed:false
4166 silly placeDep ROOT @types/istanbul-lib-coverage@2.0.6 OK for: @jest/test-result@29.7.0 want: ^2.0.0
4167 silly placeDep ROOT babel-plugin-istanbul@6.1.1 OK for: @jest/transform@29.7.0 want: ^6.1.1
4168 silly placeDep ROOT pirates@4.0.7 OK for: @jest/transform@29.7.0 want: ^4.0.4
4169 silly placeDep ROOT write-file-atomic@4.0.2 OK for: @jest/transform@29.7.0 want: ^4.0.2
4170 silly fetch manifest test-exclude@^6.0.0
4171 silly packumentCache full:https://registry.npmjs.org/test-exclude cache-miss
4172 silly fetch manifest @istanbuljs/schema@^0.1.2
4173 silly packumentCache full:https://registry.npmjs.org/@istanbuljs%2fschema cache-miss
4174 silly fetch manifest istanbul-lib-instrument@^5.0.4
4175 silly packumentCache full:https://registry.npmjs.org/istanbul-lib-instrument cache-miss
4176 silly fetch manifest @istanbuljs/load-nyc-config@^1.0.0
4177 silly packumentCache full:https://registry.npmjs.org/@istanbuljs%2fload-nyc-config cache-miss
4178 http cache https://registry.npmjs.org/istanbul-lib-instrument 3ms (cache hit)
4179 silly packumentCache full:https://registry.npmjs.org/istanbul-lib-instrument set size:219175 disposed:false
4180 http cache https://registry.npmjs.org/@istanbuljs%2fschema 4ms (cache hit)
4181 silly packumentCache full:https://registry.npmjs.org/@istanbuljs%2fschema set size:12737 disposed:false
4182 http fetch GET 200 https://registry.npmjs.org/test-exclude 37ms (cache miss)
4183 silly packumentCache full:https://registry.npmjs.org/test-exclude set size:undefined disposed:false
4184 http fetch GET 200 https://registry.npmjs.org/@istanbuljs%2fload-nyc-config 145ms (cache miss)
4185 silly packumentCache full:https://registry.npmjs.org/@istanbuljs%2fload-nyc-config set size:undefined disposed:false
4186 silly placeDep ROOT @jest/schemas@29.6.3 OK for: @jest/types@29.6.3 want: ^29.6.3
4187 silly placeDep ROOT @types/istanbul-reports@3.0.4 OK for: @jest/types@29.6.3 want: ^3.0.0
4188 silly placeDep ROOT @types/yargs@17.0.33 OK for: @jest/types@29.6.3 want: ^17.0.8
4189 silly fetch manifest @sinclair/typebox@^0.27.8
4190 silly packumentCache full:https://registry.npmjs.org/@sinclair%2ftypebox cache-miss
4191 silly fetch manifest @types/istanbul-lib-report@*
4192 silly packumentCache full:https://registry.npmjs.org/@types%2fistanbul-lib-report cache-miss
4193 silly fetch manifest @types/yargs-parser@*
4194 silly packumentCache full:https://registry.npmjs.org/@types%2fyargs-parser cache-miss
4195 http fetch GET 200 https://registry.npmjs.org/@types%2fyargs-parser 55ms (cache miss)
4196 silly packumentCache full:https://registry.npmjs.org/@types%2fyargs-parser set size:undefined disposed:false
4197 http fetch GET 200 https://registry.npmjs.org/@types%2fistanbul-lib-report 63ms (cache miss)
4198 silly packumentCache full:https://registry.npmjs.org/@types%2fistanbul-lib-report set size:undefined disposed:false
4199 http fetch GET 200 https://registry.npmjs.org/@sinclair%2ftypebox 114ms (cache miss)
4200 silly packumentCache full:https://registry.npmjs.org/@sinclair%2ftypebox set size:undefined disposed:false
4201 silly placeDep ROOT @sinclair/typebox@0.27.8 OK for: @jest/schemas@29.6.3 want: ^0.27.8
4202 silly placeDep ROOT @types/istanbul-lib-report@3.0.3 OK for: @types/istanbul-reports@3.0.4 want: *
4203 silly placeDep ROOT undici-types@7.10.0 OK for: @types/node@24.3.0 want: ~7.10.0
4204 silly placeDep ROOT @types/yargs-parser@21.0.3 OK for: @types/yargs@17.0.33 want: *
4205 silly placeDep node_modules/ansi-escapes type-fest@0.21.3 OK for: ansi-escapes@4.3.2 want: ^0.21.3
4206 silly placeDep ROOT @istanbuljs/load-nyc-config@1.1.0 OK for: babel-plugin-istanbul@6.1.1 want: ^1.0.0
4207 silly placeDep ROOT @istanbuljs/schema@0.1.3 OK for: babel-plugin-istanbul@6.1.1 want: ^0.1.2
4208 silly placeDep node_modules/babel-plugin-istanbul istanbul-lib-instrument@5.2.1 OK for: babel-plugin-istanbul@6.1.1 want: ^5.0.4
4209 silly placeDep ROOT test-exclude@6.0.0 OK for: babel-plugin-istanbul@6.1.1 want: ^6.0.0
4210 silly fetch manifest camelcase@^5.3.1
4211 silly packumentCache full:https://registry.npmjs.org/camelcase cache-miss
4212 silly fetch manifest find-up@^4.1.0
4213 silly packumentCache full:https://registry.npmjs.org/find-up cache-miss
4214 silly fetch manifest get-package-type@^0.1.0
4215 silly packumentCache full:https://registry.npmjs.org/get-package-type cache-miss
4216 silly fetch manifest js-yaml@^3.13.1
4217 silly packumentCache full:https://registry.npmjs.org/js-yaml cache-miss
4218 silly fetch manifest resolve-from@^5.0.0
4219 silly packumentCache full:https://registry.npmjs.org/resolve-from cache-miss
4220 silly fetch manifest minimatch@^3.0.4
4221 silly packumentCache full:https://registry.npmjs.org/minimatch cache-hit
4222 http cache https://registry.npmjs.org/js-yaml 6ms (cache hit)
4223 silly packumentCache full:https://registry.npmjs.org/js-yaml set size:145975 disposed:false
4224 http cache https://registry.npmjs.org/find-up 8ms (cache hit)
4225 silly packumentCache full:https://registry.npmjs.org/find-up set size:38503 disposed:false
4226 http cache https://registry.npmjs.org/resolve-from 8ms (cache hit)
4227 silly packumentCache full:https://registry.npmjs.org/resolve-from set size:12911 disposed:false
4228 http cache https://registry.npmjs.org/camelcase 9ms (cache hit)
4229 silly packumentCache full:https://registry.npmjs.org/camelcase set size:57059 disposed:false
4230 http fetch GET 200 https://registry.npmjs.org/get-package-type 56ms (cache miss)
4231 silly packumentCache full:https://registry.npmjs.org/get-package-type set size:undefined disposed:false
4232 silly placeDep ROOT camelcase@5.3.1 OK for: @istanbuljs/load-nyc-config@1.1.0 want: ^5.3.1
4233 silly placeDep node_modules/@istanbuljs/load-nyc-config find-up@4.1.0 OK for: @istanbuljs/load-nyc-config@1.1.0 want: ^4.1.0
4234 silly placeDep ROOT get-package-type@0.1.0 OK for: @istanbuljs/load-nyc-config@1.1.0 want: ^0.1.0
4235 silly placeDep node_modules/@istanbuljs/load-nyc-config js-yaml@3.14.1 OK for: @istanbuljs/load-nyc-config@1.1.0 want: ^3.13.1
4236 silly placeDep node_modules/@istanbuljs/load-nyc-config resolve-from@5.0.0 OK for: @istanbuljs/load-nyc-config@1.1.0 want: ^5.0.0
4237 silly fetch manifest locate-path@^5.0.0
4238 silly packumentCache full:https://registry.npmjs.org/locate-path cache-miss
4239 silly fetch manifest argparse@^1.0.7
4240 silly packumentCache full:https://registry.npmjs.org/argparse cache-miss
4241 silly fetch manifest esprima@^4.0.0
4242 silly packumentCache full:https://registry.npmjs.org/esprima cache-miss
4243 http cache https://registry.npmjs.org/argparse 8ms (cache hit)
4244 silly packumentCache full:https://registry.npmjs.org/argparse set size:49266 disposed:false
4245 http cache https://registry.npmjs.org/locate-path 8ms (cache hit)
4246 silly packumentCache full:https://registry.npmjs.org/locate-path set size:29792 disposed:false
4247 http fetch GET 200 https://registry.npmjs.org/esprima 48ms (cache miss)
4248 silly packumentCache full:https://registry.npmjs.org/esprima set size:undefined disposed:false
4249 silly placeDep ROOT pkg-dir@4.2.0 OK for: import-local@3.2.0 want: ^4.2.0
4250 silly placeDep ROOT resolve-cwd@3.0.0 OK for: import-local@3.2.0 want: ^3.0.0
4251 silly fetch manifest find-up@^4.0.0
4252 silly packumentCache full:https://registry.npmjs.org/find-up cache-hit
4253 silly placeDep node_modules/istanbul-lib-instrument semver@7.7.2 OK for: istanbul-lib-instrument@6.0.3 want: ^7.5.4
4254 silly placeDep ROOT make-dir@4.0.0 OK for: istanbul-lib-report@3.0.1 want: ^4.0.0
4255 silly placeDep ROOT source-map@0.6.1 OK for: istanbul-lib-source-maps@4.0.1 want: ^0.6.1
4256 silly placeDep ROOT html-escaper@2.0.2 OK for: istanbul-reports@3.2.0 want: ^2.0.0
4257 silly placeDep ROOT p-limit@3.1.0 OK for: jest-changed-files@29.7.0 want: ^3.1.0
4258 silly fetch manifest yocto-queue@^0.1.0
4259 silly packumentCache full:https://registry.npmjs.org/yocto-queue cache-miss
4260 http fetch GET 200 https://registry.npmjs.org/yocto-queue 47ms (cache miss)
4261 silly packumentCache full:https://registry.npmjs.org/yocto-queue set size:undefined disposed:false
4262 silly placeDep ROOT create-jest@29.7.0 OK for: jest-cli@29.7.0 want: ^29.7.0
4263 silly fetch manifest @babel/core@^7.11.6
4264 silly packumentCache full:https://registry.npmjs.org/@babel%2fcore cache-hit
4265 silly placeDep ROOT @jest/test-sequencer@29.7.0 OK for: jest-config@29.7.0 want: ^29.7.0
4266 silly placeDep ROOT babel-jest@29.7.0 OK for: jest-config@29.7.0 want: ^29.7.0
4267 silly placeDep ROOT jest-circus@29.7.0 OK for: jest-config@29.7.0 want: ^29.7.0
4268 silly placeDep ROOT jest-environment-node@29.7.0 OK for: jest-config@29.7.0 want: ^29.7.0
4269 silly fetch manifest babel-preset-jest@^29.6.3
4270 silly packumentCache full:https://registry.npmjs.org/babel-preset-jest cache-miss
4271 silly fetch manifest @types/babel__core@^7.1.14
4272 silly packumentCache full:https://registry.npmjs.org/@types%2fbabel__core cache-miss
4273 silly fetch manifest co@^4.6.0
4274 silly packumentCache full:https://registry.npmjs.org/co cache-miss
4275 silly fetch manifest dedent@^1.0.0
4276 silly packumentCache full:https://registry.npmjs.org/dedent cache-miss
4277 silly fetch manifest jest-each@^29.7.0
4278 silly packumentCache full:https://registry.npmjs.org/jest-each cache-miss
4279 silly fetch manifest pure-rand@^6.0.0
4280 silly packumentCache full:https://registry.npmjs.org/pure-rand cache-miss
4281 silly fetch manifest @jest/expect@^29.7.0
4282 silly packumentCache full:https://registry.npmjs.org/@jest%2fexpect cache-miss
4283 silly fetch manifest is-generator-fn@^2.0.0
4284 silly packumentCache full:https://registry.npmjs.org/is-generator-fn cache-miss
4285 http fetch GET 200 https://registry.npmjs.org/is-generator-fn 44ms (cache miss)
4286 silly packumentCache full:https://registry.npmjs.org/is-generator-fn set size:undefined disposed:false
4287 http fetch GET 200 https://registry.npmjs.org/babel-preset-jest 67ms (cache miss)
4288 silly packumentCache full:https://registry.npmjs.org/babel-preset-jest set size:undefined disposed:false
4289 http fetch GET 200 https://registry.npmjs.org/pure-rand 68ms (cache miss)
4290 silly packumentCache full:https://registry.npmjs.org/pure-rand set size:undefined disposed:false
4291 http fetch GET 200 https://registry.npmjs.org/@types%2fbabel__core 70ms (cache miss)
4292 silly packumentCache full:https://registry.npmjs.org/@types%2fbabel__core set size:undefined disposed:false
4293 http fetch GET 200 https://registry.npmjs.org/co 70ms (cache miss)
4294 silly packumentCache full:https://registry.npmjs.org/co set size:undefined disposed:false
4295 http fetch GET 200 https://registry.npmjs.org/jest-each 98ms (cache miss)
4296 silly packumentCache full:https://registry.npmjs.org/jest-each set size:undefined disposed:false
4297 http fetch GET 200 https://registry.npmjs.org/@jest%2fexpect 101ms (cache miss)
4298 silly packumentCache full:https://registry.npmjs.org/@jest%2fexpect set size:undefined disposed:false
4299 http fetch GET 200 https://registry.npmjs.org/dedent 102ms (cache miss)
4300 silly packumentCache full:https://registry.npmjs.org/dedent set size:undefined disposed:false
4301 silly fetch manifest @babel/core@^7.8.0
4302 silly packumentCache full:https://registry.npmjs.org/@babel%2fcore cache-hit
4303 silly placeDep ROOT @types/babel__core@7.20.5 OK for: babel-jest@29.7.0 want: ^7.1.14
4304 silly placeDep ROOT babel-preset-jest@29.6.3 OK for: babel-jest@29.7.0 want: ^29.6.3
4305 silly fetch manifest @types/babel__template@*
4306 silly packumentCache full:https://registry.npmjs.org/@types%2fbabel__template cache-miss
4307 silly fetch manifest @types/babel__traverse@*
4308 silly packumentCache full:https://registry.npmjs.org/@types%2fbabel__traverse cache-miss
4309 silly fetch manifest @types/babel__generator@*
4310 silly packumentCache full:https://registry.npmjs.org/@types%2fbabel__generator cache-miss
4311 silly fetch manifest babel-plugin-jest-hoist@^29.6.3
4312 silly packumentCache full:https://registry.npmjs.org/babel-plugin-jest-hoist cache-miss
4313 http fetch GET 200 https://registry.npmjs.org/@types%2fbabel__generator 52ms (cache miss)
4314 silly packumentCache full:https://registry.npmjs.org/@types%2fbabel__generator set size:undefined disposed:false
4315 http fetch GET 200 https://registry.npmjs.org/babel-plugin-jest-hoist 56ms (cache miss)
4316 silly packumentCache full:https://registry.npmjs.org/babel-plugin-jest-hoist set size:undefined disposed:false
4317 http fetch GET 200 https://registry.npmjs.org/@types%2fbabel__traverse 60ms (cache miss)
4318 silly packumentCache full:https://registry.npmjs.org/@types%2fbabel__traverse set size:undefined disposed:false
4319 http fetch GET 200 https://registry.npmjs.org/@types%2fbabel__template 65ms (cache miss)
4320 silly packumentCache full:https://registry.npmjs.org/@types%2fbabel__template set size:undefined disposed:false
4321 silly placeDep ROOT @types/babel__generator@7.27.0 OK for: @types/babel__core@7.20.5 want: *
4322 silly placeDep ROOT @types/babel__template@7.4.4 OK for: @types/babel__core@7.20.5 want: *
4323 silly placeDep ROOT @types/babel__traverse@7.28.0 OK for: @types/babel__core@7.20.5 want: *
4324 silly placeDep ROOT babel-plugin-jest-hoist@29.6.3 OK for: babel-preset-jest@29.6.3 want: ^29.6.3
4325 silly placeDep ROOT babel-preset-current-node-syntax@1.2.0 OK for: babel-preset-jest@29.6.3 want: ^1.0.0
4326 silly fetch manifest @babel/plugin-syntax-async-generators@^7.8.4
4327 silly packumentCache full:https://registry.npmjs.org/@babel%2fplugin-syntax-async-generators cache-miss
4328 silly fetch manifest @babel/plugin-syntax-bigint@^7.8.3
4329 silly packumentCache full:https://registry.npmjs.org/@babel%2fplugin-syntax-bigint cache-miss
4330 silly fetch manifest @babel/plugin-syntax-class-properties@^7.12.13
4331 silly packumentCache full:https://registry.npmjs.org/@babel%2fplugin-syntax-class-properties cache-miss
4332 silly fetch manifest @babel/plugin-syntax-class-static-block@^7.14.5
4333 silly packumentCache full:https://registry.npmjs.org/@babel%2fplugin-syntax-class-static-block cache-miss
4334 silly fetch manifest @babel/plugin-syntax-import-meta@^7.10.4
4335 silly packumentCache full:https://registry.npmjs.org/@babel%2fplugin-syntax-import-meta cache-miss
4336 silly fetch manifest @babel/plugin-syntax-json-strings@^7.8.3
4337 silly packumentCache full:https://registry.npmjs.org/@babel%2fplugin-syntax-json-strings cache-miss
4338 silly fetch manifest @babel/plugin-syntax-logical-assignment-operators@^7.10.4
4339 silly packumentCache full:https://registry.npmjs.org/@babel%2fplugin-syntax-logical-assignment-operators cache-miss
4340 silly fetch manifest @babel/plugin-syntax-numeric-separator@^7.10.4
4341 silly packumentCache full:https://registry.npmjs.org/@babel%2fplugin-syntax-numeric-separator cache-miss
4342 silly fetch manifest @babel/plugin-syntax-object-rest-spread@^7.8.3
4343 silly packumentCache full:https://registry.npmjs.org/@babel%2fplugin-syntax-object-rest-spread cache-miss
4344 http fetch GET 200 https://registry.npmjs.org/@babel%2fplugin-syntax-import-meta 65ms (cache miss)
4345 silly packumentCache full:https://registry.npmjs.org/@babel%2fplugin-syntax-import-meta set size:undefined disposed:false
4346 silly fetch manifest @babel/plugin-syntax-optional-catch-binding@^7.8.3
4347 silly packumentCache full:https://registry.npmjs.org/@babel%2fplugin-syntax-optional-catch-binding cache-miss
4348 http fetch GET 200 https://registry.npmjs.org/@babel%2fplugin-syntax-json-strings 66ms (cache miss)
4349 silly packumentCache full:https://registry.npmjs.org/@babel%2fplugin-syntax-json-strings set size:undefined disposed:false
4350 silly fetch manifest @babel/plugin-syntax-private-property-in-object@^7.14.5
4351 silly packumentCache full:https://registry.npmjs.org/@babel%2fplugin-syntax-private-property-in-object cache-miss
4352 http fetch GET 200 https://registry.npmjs.org/@babel%2fplugin-syntax-bigint 67ms (cache miss)
4353 silly packumentCache full:https://registry.npmjs.org/@babel%2fplugin-syntax-bigint set size:undefined disposed:false
4354 silly fetch manifest @babel/plugin-syntax-top-level-await@^7.14.5
4355 silly packumentCache full:https://registry.npmjs.org/@babel%2fplugin-syntax-top-level-await cache-miss
4356 http fetch GET 200 https://registry.npmjs.org/@babel%2fplugin-syntax-numeric-separator 68ms (cache miss)
4357 silly packumentCache full:https://registry.npmjs.org/@babel%2fplugin-syntax-numeric-separator set size:undefined disposed:false
4358 http fetch GET 200 https://registry.npmjs.org/@babel%2fplugin-syntax-class-static-block 74ms (cache miss)
4359 silly packumentCache full:https://registry.npmjs.org/@babel%2fplugin-syntax-class-static-block set size:undefined disposed:false
4360 http fetch GET 200 https://registry.npmjs.org/@babel%2fplugin-syntax-async-generators 77ms (cache miss)
4361 silly packumentCache full:https://registry.npmjs.org/@babel%2fplugin-syntax-async-generators set size:undefined disposed:false
4362 http fetch GET 200 https://registry.npmjs.org/@babel%2fplugin-syntax-class-properties 76ms (cache miss)
4363 silly packumentCache full:https://registry.npmjs.org/@babel%2fplugin-syntax-class-properties set size:undefined disposed:false
4364 http fetch GET 200 https://registry.npmjs.org/@babel%2fplugin-syntax-object-rest-spread 77ms (cache miss)
4365 silly packumentCache full:https://registry.npmjs.org/@babel%2fplugin-syntax-object-rest-spread set size:undefined disposed:false
4366 http fetch GET 200 https://registry.npmjs.org/@babel%2fplugin-syntax-logical-assignment-operators 78ms (cache miss)
4367 silly packumentCache full:https://registry.npmjs.org/@babel%2fplugin-syntax-logical-assignment-operators set size:undefined disposed:false
4368 http fetch GET 200 https://registry.npmjs.org/@babel%2fplugin-syntax-optional-catch-binding 54ms (cache miss)
4369 silly packumentCache full:https://registry.npmjs.org/@babel%2fplugin-syntax-optional-catch-binding set size:undefined disposed:false
4370 http fetch GET 200 https://registry.npmjs.org/@babel%2fplugin-syntax-top-level-await 66ms (cache miss)
4371 silly packumentCache full:https://registry.npmjs.org/@babel%2fplugin-syntax-top-level-await set size:undefined disposed:false
4372 http fetch GET 200 https://registry.npmjs.org/@babel%2fplugin-syntax-private-property-in-object 70ms (cache miss)
4373 silly packumentCache full:https://registry.npmjs.org/@babel%2fplugin-syntax-private-property-in-object set size:undefined disposed:false
4374 silly fetch manifest @babel/core@^7.0.0 || ^8.0.0-0
4375 silly packumentCache full:https://registry.npmjs.org/@babel%2fcore cache-hit
4376 silly placeDep ROOT @babel/plugin-syntax-async-generators@7.8.4 OK for: babel-preset-current-node-syntax@1.2.0 want: ^7.8.4
4377 silly placeDep ROOT @babel/plugin-syntax-bigint@7.8.3 OK for: babel-preset-current-node-syntax@1.2.0 want: ^7.8.3
4378 silly placeDep ROOT @babel/plugin-syntax-class-properties@7.12.13 OK for: babel-preset-current-node-syntax@1.2.0 want: ^7.12.13
4379 silly placeDep ROOT @babel/plugin-syntax-class-static-block@7.14.5 OK for: babel-preset-current-node-syntax@1.2.0 want: ^7.14.5
4380 silly placeDep ROOT @babel/plugin-syntax-import-meta@7.10.4 OK for: babel-preset-current-node-syntax@1.2.0 want: ^7.10.4
4381 silly placeDep ROOT @babel/plugin-syntax-json-strings@7.8.3 OK for: babel-preset-current-node-syntax@1.2.0 want: ^7.8.3
4382 silly placeDep ROOT @babel/plugin-syntax-logical-assignment-operators@7.10.4 OK for: babel-preset-current-node-syntax@1.2.0 want: ^7.10.4
4383 silly placeDep ROOT @babel/plugin-syntax-numeric-separator@7.10.4 OK for: babel-preset-current-node-syntax@1.2.0 want: ^7.10.4
4384 silly placeDep ROOT @babel/plugin-syntax-object-rest-spread@7.8.3 OK for: babel-preset-current-node-syntax@1.2.0 want: ^7.8.3
4385 silly placeDep ROOT @babel/plugin-syntax-optional-catch-binding@7.8.3 OK for: babel-preset-current-node-syntax@1.2.0 want: ^7.8.3
4386 silly placeDep ROOT @babel/plugin-syntax-private-property-in-object@7.14.5 OK for: babel-preset-current-node-syntax@1.2.0 want: ^7.14.5
4387 silly placeDep ROOT @babel/plugin-syntax-top-level-await@7.14.5 OK for: babel-preset-current-node-syntax@1.2.0 want: ^7.14.5
4388 silly fetch manifest babel-plugin-macros@^3.1.0
4389 silly packumentCache full:https://registry.npmjs.org/babel-plugin-macros cache-miss
4390 http fetch GET 200 https://registry.npmjs.org/babel-plugin-macros 45ms (cache miss)
4391 silly packumentCache full:https://registry.npmjs.org/babel-plugin-macros set size:undefined disposed:false
4392 silly placeDep ROOT @jest/environment@29.7.0 OK for: jest-circus@29.7.0 want: ^29.7.0
4393 silly placeDep ROOT @jest/expect@29.7.0 OK for: jest-circus@29.7.0 want: ^29.7.0
4394 silly placeDep ROOT co@4.6.0 OK for: jest-circus@29.7.0 want: ^4.6.0
4395 silly placeDep ROOT dedent@1.6.0 OK for: jest-circus@29.7.0 want: ^1.0.0
4396 silly placeDep ROOT is-generator-fn@2.1.0 OK for: jest-circus@29.7.0 want: ^2.0.0
4397 silly placeDep ROOT jest-each@29.7.0 OK for: jest-circus@29.7.0 want: ^29.7.0
4398 silly placeDep ROOT pure-rand@6.1.0 OK for: jest-circus@29.7.0 want: ^6.0.0
4399 silly placeDep ROOT stack-utils@2.0.6 OK for: jest-circus@29.7.0 want: ^2.0.3
4400 silly fetch manifest escape-string-regexp@^2.0.0
4401 silly packumentCache full:https://registry.npmjs.org/escape-string-regexp cache-hit
4402 silly placeDep ROOT @jest/fake-timers@29.7.0 OK for: @jest/environment@29.7.0 want: ^29.7.0
4403 silly placeDep ROOT jest-mock@29.7.0 OK for: @jest/environment@29.7.0 want: ^29.7.0
4404 silly fetch manifest @sinonjs/fake-timers@^10.0.2
4405 silly packumentCache full:https://registry.npmjs.org/@sinonjs%2ffake-timers cache-miss
4406 http fetch GET 200 https://registry.npmjs.org/@sinonjs%2ffake-timers 102ms (cache miss)
4407 silly packumentCache full:https://registry.npmjs.org/@sinonjs%2ffake-timers set size:undefined disposed:false
4408 silly placeDep ROOT @sinonjs/fake-timers@10.3.0 OK for: @jest/fake-timers@29.7.0 want: ^10.0.2
4409 silly fetch manifest @sinonjs/commons@^3.0.0
4410 silly packumentCache full:https://registry.npmjs.org/@sinonjs%2fcommons cache-miss
4411 http fetch GET 200 https://registry.npmjs.org/@sinonjs%2fcommons 71ms (cache miss)
4412 silly packumentCache full:https://registry.npmjs.org/@sinonjs%2fcommons set size:undefined disposed:false
4413 silly placeDep ROOT @sinonjs/commons@3.0.1 OK for: @sinonjs/fake-timers@10.3.0 want: ^3.0.0
4414 silly fetch manifest type-detect@4.0.8
4415 silly packumentCache full:https://registry.npmjs.org/type-detect cache-miss
4416 http fetch GET 200 https://registry.npmjs.org/type-detect 51ms (cache miss)
4417 silly packumentCache full:https://registry.npmjs.org/type-detect set size:undefined disposed:false
4418 silly placeDep ROOT type-detect@4.0.8 OK for: @sinonjs/commons@3.0.1 want: 4.0.8
4419 silly placeDep ROOT diff-sequences@29.6.3 OK for: jest-diff@29.7.0 want: ^29.6.3
4420 silly placeDep ROOT @types/graceful-fs@4.1.9 OK for: jest-haste-map@29.7.0 want: ^4.1.3
4421 silly placeDep ROOT anymatch@3.1.3 OK for: jest-haste-map@29.7.0 want: ^3.0.3
4422 silly placeDep ROOT fb-watchman@2.0.2 OK for: jest-haste-map@29.7.0 want: ^2.0.0
4423 silly placeDep ROOT fsevents@2.3.3 OK for: jest-haste-map@29.7.0 want: ^2.3.2
4424 silly placeDep ROOT walker@1.0.8 OK for: jest-haste-map@29.7.0 want: ^1.0.8
4425 silly fetch manifest picomatch@^2.0.4
4426 silly packumentCache full:https://registry.npmjs.org/picomatch cache-hit
4427 silly fetch manifest normalize-path@^3.0.0
4428 silly packumentCache full:https://registry.npmjs.org/normalize-path cache-miss
4429 silly fetch manifest bser@2.1.1
4430 silly packumentCache full:https://registry.npmjs.org/bser cache-miss
4431 silly fetch manifest makeerror@1.0.12
4432 silly packumentCache full:https://registry.npmjs.org/makeerror cache-miss
4433 http fetch GET 200 https://registry.npmjs.org/makeerror 37ms (cache miss)
4434 silly packumentCache full:https://registry.npmjs.org/makeerror set size:undefined disposed:false
4435 http fetch GET 200 https://registry.npmjs.org/bser 45ms (cache miss)
4436 silly packumentCache full:https://registry.npmjs.org/bser set size:undefined disposed:false
4437 http fetch GET 200 https://registry.npmjs.org/normalize-path 50ms (cache miss)
4438 silly packumentCache full:https://registry.npmjs.org/normalize-path set size:undefined disposed:false
4439 silly placeDep ROOT normalize-path@3.0.0 OK for: anymatch@3.1.3 want: ^3.0.0
4440 silly placeDep ROOT picomatch@2.3.1 OK for: anymatch@3.1.3 want: ^2.0.4
4441 silly placeDep ROOT bser@2.1.1 OK for: fb-watchman@2.0.2 want: 2.1.1
4442 silly fetch manifest node-int64@^0.4.0
4443 silly packumentCache full:https://registry.npmjs.org/node-int64 cache-miss
4444 http fetch GET 200 https://registry.npmjs.org/node-int64 34ms (cache miss)
4445 silly packumentCache full:https://registry.npmjs.org/node-int64 set size:undefined disposed:false
4446 silly placeDep ROOT node-int64@0.4.0 OK for: bser@2.1.1 want: ^0.4.0
4447 silly placeDep ROOT @types/stack-utils@2.0.3 OK for: jest-message-util@29.7.0 want: ^2.0.0
4448 silly fetch manifest jest-resolve@*
4449 silly packumentCache full:https://registry.npmjs.org/jest-resolve cache-miss
4450 http cache https://registry.npmjs.org/jest-resolve 3ms (cache hit)
4451 silly packumentCache full:https://registry.npmjs.org/jest-resolve set size:648243 disposed:false
4452 silly placeDep ROOT jest-pnp-resolver@1.2.3 OK for: jest-resolve@29.7.0 want: ^1.2.2
4453 silly placeDep ROOT resolve.exports@2.0.3 OK for: jest-resolve@29.7.0 want: ^2.0.0
4454 silly placeDep ROOT emittery@0.13.1 OK for: jest-runner@29.7.0 want: ^0.13.1
4455 silly placeDep ROOT jest-docblock@29.7.0 OK for: jest-runner@29.7.0 want: ^29.7.0
4456 silly placeDep ROOT jest-leak-detector@29.7.0 OK for: jest-runner@29.7.0 want: ^29.7.0
4457 silly placeDep ROOT source-map-support@0.5.13 OK for: jest-runner@29.7.0 want: 0.5.13
4458 silly fetch manifest detect-newline@^3.0.0
4459 silly packumentCache full:https://registry.npmjs.org/detect-newline cache-miss
4460 silly fetch manifest buffer-from@^1.0.0
4461 silly packumentCache full:https://registry.npmjs.org/buffer-from cache-miss
4462 http fetch GET 200 https://registry.npmjs.org/detect-newline 42ms (cache miss)
4463 silly packumentCache full:https://registry.npmjs.org/detect-newline set size:undefined disposed:false
4464 http fetch GET 200 https://registry.npmjs.org/buffer-from 47ms (cache miss)
4465 silly packumentCache full:https://registry.npmjs.org/buffer-from set size:undefined disposed:false
4466 silly placeDep ROOT detect-newline@3.1.0 OK for: jest-docblock@29.7.0 want: ^3.0.0
4467 silly placeDep ROOT @jest/globals@29.7.0 OK for: jest-runtime@29.7.0 want: ^29.7.0
4468 silly placeDep ROOT @jest/source-map@29.6.3 OK for: jest-runtime@29.7.0 want: ^29.6.3
4469 silly placeDep ROOT cjs-module-lexer@1.4.3 OK for: jest-runtime@29.7.0 want: ^1.0.0
4470 silly placeDep ROOT strip-bom@4.0.0 OK for: jest-runtime@29.7.0 want: ^4.0.0
4471 silly placeDep ROOT callsites@3.1.0 OK for: @jest/source-map@29.6.3 want: ^3.0.0
4472 silly placeDep node_modules/jest-snapshot semver@7.7.2 OK for: jest-snapshot@29.7.0 want: ^7.5.3
4473 silly placeDep node_modules/jest-validate camelcase@6.3.0 OK for: jest-validate@29.7.0 want: ^6.2.0
4474 silly placeDep ROOT leven@3.1.0 OK for: jest-validate@29.7.0 want: ^3.1.0
4475 silly placeDep node_modules/jest-worker supports-color@8.1.1 OK for: jest-worker@29.7.0 want: ^8.0.0
4476 silly placeDep ROOT @hapi/hoek@9.3.0 OK for: joi@17.13.3 want: ^9.3.0
4477 silly placeDep ROOT @hapi/topo@5.1.0 OK for: joi@17.13.3 want: ^5.1.0
4478 silly placeDep ROOT @sideway/address@4.1.5 OK for: joi@17.13.3 want: ^4.1.5
4479 silly placeDep ROOT @sideway/formula@3.0.1 OK for: joi@17.13.3 want: ^3.0.1
4480 silly placeDep ROOT @sideway/pinpoint@2.0.0 OK for: joi@17.13.3 want: ^2.0.0
4481 silly placeDep ROOT argparse@2.0.1 OK for: js-yaml@4.1.0 want: ^2.0.1
4482 silly placeDep ROOT array.prototype.flat@1.3.3 OK for: jsx-ast-utils@3.3.5 want: ^1.3.1
4483 silly placeDep ROOT json-buffer@3.0.1 OK for: keyv@4.5.4 want: 3.0.1
4484 silly placeDep ROOT shell-quote@1.8.3 OK for: launch-editor@2.11.1 want: ^1.8.3
4485 silly placeDep ROOT prelude-ls@1.2.1 OK for: levn@0.4.1 want: ^1.2.1
4486 silly placeDep ROOT type-check@0.4.0 OK for: levn@0.4.1 want: ~0.4.0
4487 silly placeDep ROOT p-locate@5.0.0 OK for: locate-path@6.0.0 want: ^5.0.0
4488 silly placeDep ROOT ansi-fragments@0.2.1 OK for: logkitty@0.7.1 want: ^0.2.1
4489 silly placeDep ROOT dayjs@1.11.13 OK for: logkitty@0.7.1 want: ^1.8.15
4490 silly placeDep node_modules/logkitty yargs@15.4.1 OK for: logkitty@0.7.1 want: ^15.1.0
4491 silly fetch manifest colorette@^1.0.7
4492 silly packumentCache full:https://registry.npmjs.org/colorette cache-miss
4493 silly fetch manifest slice-ansi@^2.0.0
4494 silly packumentCache full:https://registry.npmjs.org/slice-ansi cache-miss
4495 silly fetch manifest strip-ansi@^5.0.0
4496 silly packumentCache full:https://registry.npmjs.org/strip-ansi cache-hit
4497 silly fetch manifest y18n@^4.0.0
4498 silly packumentCache full:https://registry.npmjs.org/y18n cache-miss
4499 silly fetch manifest cliui@^6.0.0
4500 silly packumentCache full:https://registry.npmjs.org/cliui cache-miss
4501 silly fetch manifest decamelize@^1.2.0
4502 silly packumentCache full:https://registry.npmjs.org/decamelize cache-miss
4503 silly fetch manifest set-blocking@^2.0.0
4504 silly packumentCache full:https://registry.npmjs.org/set-blocking cache-miss
4505 silly fetch manifest string-width@^4.2.0
4506 silly packumentCache full:https://registry.npmjs.org/string-width cache-miss
4507 silly fetch manifest which-module@^2.0.0
4508 silly packumentCache full:https://registry.npmjs.org/which-module cache-miss
4509 silly fetch manifest yargs-parser@^18.1.2
4510 silly packumentCache full:https://registry.npmjs.org/yargs-parser cache-miss
4511 http cache https://registry.npmjs.org/string-width 8ms (cache hit)
4512 silly packumentCache full:https://registry.npmjs.org/string-width set size:62083 disposed:false
4513 silly fetch manifest get-caller-file@^2.0.1
4514 silly packumentCache full:https://registry.npmjs.org/get-caller-file cache-miss
4515 http cache https://registry.npmjs.org/y18n 9ms (cache hit)
4516 silly packumentCache full:https://registry.npmjs.org/y18n set size:76155 disposed:false
4517 silly fetch manifest require-main-filename@^2.0.0
4518 silly packumentCache full:https://registry.npmjs.org/require-main-filename cache-miss
4519 http cache https://registry.npmjs.org/cliui 10ms (cache hit)
4520 silly packumentCache full:https://registry.npmjs.org/cliui set size:69089 disposed:false
4521 http cache https://registry.npmjs.org/yargs-parser 10ms (cache hit)
4522 silly packumentCache full:https://registry.npmjs.org/yargs-parser set size:238630 disposed:false
4523 http cache https://registry.npmjs.org/get-caller-file 6ms (cache hit)
4524 silly packumentCache full:https://registry.npmjs.org/get-caller-file set size:26456 disposed:false
4525 http fetch GET 200 https://registry.npmjs.org/slice-ansi 52ms (cache miss)
4526 silly packumentCache full:https://registry.npmjs.org/slice-ansi set size:undefined disposed:false
4527 http fetch GET 200 https://registry.npmjs.org/set-blocking 53ms (cache miss)
4528 silly packumentCache full:https://registry.npmjs.org/set-blocking set size:undefined disposed:false
4529 http fetch GET 200 https://registry.npmjs.org/decamelize 63ms (cache miss)
4530 silly packumentCache full:https://registry.npmjs.org/decamelize set size:undefined disposed:false
4531 http fetch GET 200 https://registry.npmjs.org/require-main-filename 65ms (cache miss)
4532 silly packumentCache full:https://registry.npmjs.org/require-main-filename set size:undefined disposed:false
4533 http fetch GET 200 https://registry.npmjs.org/which-module 75ms (cache miss)
4534 silly packumentCache full:https://registry.npmjs.org/which-module set size:undefined disposed:false
4535 http fetch GET 200 https://registry.npmjs.org/colorette 78ms (cache miss)
4536 silly packumentCache full:https://registry.npmjs.org/colorette set size:undefined disposed:false
4537 silly placeDep ROOT colorette@1.4.0 OK for: ansi-fragments@0.2.1 want: ^1.0.7
4538 silly placeDep ROOT slice-ansi@2.1.0 OK for: ansi-fragments@0.2.1 want: ^2.0.0
4539 silly placeDep node_modules/ansi-fragments strip-ansi@5.2.0 OK for: ansi-fragments@0.2.1 want: ^5.0.0
4540 silly fetch manifest ansi-styles@^3.2.0
4541 silly packumentCache full:https://registry.npmjs.org/ansi-styles cache-hit
4542 silly fetch manifest astral-regex@^1.0.0
4543 silly packumentCache full:https://registry.npmjs.org/astral-regex cache-miss
4544 silly fetch manifest is-fullwidth-code-point@^2.0.0
4545 silly packumentCache full:https://registry.npmjs.org/is-fullwidth-code-point cache-miss
4546 silly fetch manifest ansi-regex@^4.1.0
4547 silly packumentCache full:https://registry.npmjs.org/ansi-regex cache-hit
4548 http fetch GET 200 https://registry.npmjs.org/astral-regex 38ms (cache miss)
4549 silly packumentCache full:https://registry.npmjs.org/astral-regex set size:undefined disposed:false
4550 http fetch GET 200 https://registry.npmjs.org/is-fullwidth-code-point 45ms (cache miss)
4551 silly packumentCache full:https://registry.npmjs.org/is-fullwidth-code-point set size:undefined disposed:false
4552 silly placeDep ROOT yallist@3.1.1 OK for: lru-cache@5.1.1 want: ^3.0.2
4553 silly placeDep node_modules/make-dir semver@7.7.2 OK for: make-dir@4.0.0 want: ^7.5.3
4554 silly placeDep ROOT is-plain-obj@2.1.0 OK for: merge-options@3.0.4 want: ^2.1.0
4555 silly placeDep node_modules/metro-config cosmiconfig@5.2.1 OK for: metro-config@0.82.5 want: ^5.0.5
4556 silly placeDep ROOT flow-enums-runtime@0.0.6 OK for: metro-config@0.82.5 want: ^0.0.6
4557 silly placeDep ROOT metro@0.82.5 OK for: metro-config@0.82.5 want: 0.82.5
4558 silly placeDep ROOT metro-cache@0.82.5 OK for: metro-config@0.82.5 want: 0.82.5
4559 silly placeDep ROOT metro-core@0.82.5 OK for: metro-config@0.82.5 want: 0.82.5
4560 silly fetch manifest import-fresh@^2.0.0
4561 silly packumentCache full:https://registry.npmjs.org/import-fresh cache-miss
4562 silly fetch manifest is-directory@^0.3.1
4563 silly packumentCache full:https://registry.npmjs.org/is-directory cache-miss
4564 silly fetch manifest parse-json@^4.0.0
4565 silly packumentCache full:https://registry.npmjs.org/parse-json cache-miss
4566 silly fetch manifest ws@^7.5.10
4567 silly packumentCache full:https://registry.npmjs.org/ws cache-miss
4568 silly fetch manifest throat@^5.0.0
4569 silly packumentCache full:https://registry.npmjs.org/throat cache-miss
4570 silly fetch manifest ci-info@^2.0.0
4571 silly packumentCache full:https://registry.npmjs.org/ci-info cache-miss
4572 silly fetch manifest image-size@^1.0.2
4573 silly packumentCache full:https://registry.npmjs.org/image-size cache-miss
4574 silly fetch manifest source-map@^0.5.6
4575 silly packumentCache full:https://registry.npmjs.org/source-map cache-miss
4576 silly fetch manifest jsc-safe-url@^0.2.2
4577 silly packumentCache full:https://registry.npmjs.org/jsc-safe-url cache-miss
4578 http cache https://registry.npmjs.org/import-fresh 9ms (cache hit)
4579 silly packumentCache full:https://registry.npmjs.org/import-fresh set size:21461 disposed:false
4580 silly fetch manifest hermes-parser@0.29.1
4581 silly packumentCache full:https://registry.npmjs.org/hermes-parser cache-miss
4582 http cache https://registry.npmjs.org/ci-info 9ms (cache hit)
4583 silly packumentCache full:https://registry.npmjs.org/ci-info set size:86659 disposed:false
4584 silly fetch manifest metro-file-map@0.82.5
4585 silly packumentCache full:https://registry.npmjs.org/metro-file-map cache-miss
4586 http cache https://registry.npmjs.org/ws 11ms (cache hit)
4587 silly packumentCache full:https://registry.npmjs.org/ws set size:410885 disposed:false
4588 silly fetch manifest metro-resolver@0.82.5
4589 silly packumentCache full:https://registry.npmjs.org/metro-resolver cache-miss
4590 http cache https://registry.npmjs.org/parse-json 13ms (cache hit)
4591 silly packumentCache full:https://registry.npmjs.org/parse-json set size:48198 disposed:false
4592 silly fetch manifest lodash.throttle@^4.1.1
4593 silly packumentCache full:https://registry.npmjs.org/lodash.throttle cache-miss
4594 http cache https://registry.npmjs.org/source-map 14ms (cache hit)
4595 silly packumentCache full:https://registry.npmjs.org/source-map set size:226090 disposed:false
4596 silly fetch manifest metro-cache-key@0.82.5
4597 silly packumentCache full:https://registry.npmjs.org/metro-cache-key cache-miss
4598 http cache https://registry.npmjs.org/hermes-parser 11ms (cache hit)
4599 silly packumentCache full:https://registry.npmjs.org/hermes-parser set size:147380 disposed:false
4600 silly fetch manifest serialize-error@^2.1.0
4601 silly packumentCache full:https://registry.npmjs.org/serialize-error cache-miss
4602 http fetch GET 200 https://registry.npmjs.org/throat 48ms (cache miss)
4603 silly packumentCache full:https://registry.npmjs.org/throat set size:undefined disposed:false
4604 silly fetch manifest metro-source-map@0.82.5
4605 silly packumentCache full:https://registry.npmjs.org/metro-source-map cache-miss
4606 http fetch GET 200 https://registry.npmjs.org/image-size 52ms (cache miss)
4607 silly packumentCache full:https://registry.npmjs.org/image-size set size:undefined disposed:false
4608 silly fetch manifest metro-symbolicate@0.82.5
4609 silly packumentCache full:https://registry.npmjs.org/metro-symbolicate cache-miss
4610 http cache https://registry.npmjs.org/metro-source-map 16ms (cache hit)
4611 silly packumentCache full:https://registry.npmjs.org/metro-source-map set size:399852 disposed:false
4612 silly fetch manifest error-stack-parser@^2.0.6
4613 silly packumentCache full:https://registry.npmjs.org/error-stack-parser cache-miss
4614 http fetch GET 200 https://registry.npmjs.org/serialize-error 56ms (cache miss)
4615 silly packumentCache full:https://registry.npmjs.org/serialize-error set size:undefined disposed:false
4616 silly fetch manifest metro-transform-worker@0.82.5
4617 silly packumentCache full:https://registry.npmjs.org/metro-transform-worker cache-miss
4618 http fetch GET 200 https://registry.npmjs.org/is-directory 79ms (cache miss)
4619 silly packumentCache full:https://registry.npmjs.org/is-directory set size:undefined disposed:false
4620 silly fetch manifest metro-babel-transformer@0.82.5
4621 silly packumentCache full:https://registry.npmjs.org/metro-babel-transformer cache-miss
4622 http fetch GET 200 https://registry.npmjs.org/metro-cache-key 64ms (cache miss)
4623 silly packumentCache full:https://registry.npmjs.org/metro-cache-key set size:undefined disposed:false
4624 silly fetch manifest metro-transform-plugins@0.82.5
4625 silly packumentCache full:https://registry.npmjs.org/metro-transform-plugins cache-miss
4626 http fetch GET 200 https://registry.npmjs.org/jsc-safe-url 80ms (cache miss)
4627 silly packumentCache full:https://registry.npmjs.org/jsc-safe-url set size:undefined disposed:false
4628 silly fetch manifest https-proxy-agent@^7.0.5
4629 silly packumentCache full:https://registry.npmjs.org/https-proxy-agent cache-miss
4630 http fetch GET 200 https://registry.npmjs.org/metro-resolver 70ms (cache miss)
4631 silly packumentCache full:https://registry.npmjs.org/metro-resolver set size:undefined disposed:false
4632 silly fetch manifest exponential-backoff@^3.1.1
4633 silly packumentCache full:https://registry.npmjs.org/exponential-backoff cache-miss
4634 http cache https://registry.npmjs.org/https-proxy-agent 6ms (cache hit)
4635 silly packumentCache full:https://registry.npmjs.org/https-proxy-agent set size:76222 disposed:false
4636 silly fetch manifest lodash.throttle@^4.1.1
4637 silly packumentCache full:https://registry.npmjs.org/lodash.throttle cache-miss
4638 http fetch GET 200 https://registry.npmjs.org/metro-file-map 78ms (cache miss)
4639 silly packumentCache full:https://registry.npmjs.org/metro-file-map set size:undefined disposed:false
4640 http fetch GET 200 https://registry.npmjs.org/metro-symbolicate 53ms (cache miss)
4641 silly packumentCache full:https://registry.npmjs.org/metro-symbolicate set size:undefined disposed:false
4642 http fetch GET 200 https://registry.npmjs.org/error-stack-parser 53ms (cache miss)
4643 silly packumentCache full:https://registry.npmjs.org/error-stack-parser set size:undefined disposed:false
4644 http fetch GET 200 https://registry.npmjs.org/metro-babel-transformer 72ms (cache miss)
4645 silly packumentCache full:https://registry.npmjs.org/metro-babel-transformer set size:undefined disposed:false
4646 http fetch GET 200 https://registry.npmjs.org/exponential-backoff 69ms (cache miss)
4647 silly packumentCache full:https://registry.npmjs.org/exponential-backoff set size:undefined disposed:false
4648 http fetch GET 200 https://registry.npmjs.org/metro-transform-worker 76ms (cache miss)
4649 silly packumentCache full:https://registry.npmjs.org/metro-transform-worker set size:undefined disposed:false
4650 http fetch GET 200 https://registry.npmjs.org/metro-transform-plugins 75ms (cache miss)
4651 silly packumentCache full:https://registry.npmjs.org/metro-transform-plugins set size:undefined disposed:false
4652 http fetch GET 200 https://registry.npmjs.org/lodash.throttle 143ms (cache miss)
4653 silly packumentCache full:https://registry.npmjs.org/lodash.throttle set size:undefined disposed:false
4654 http fetch GET 200 https://registry.npmjs.org/lodash.throttle 69ms (cache miss)
4655 silly packumentCache full:https://registry.npmjs.org/lodash.throttle set size:undefined disposed:false
4656 silly fetch manifest bufferutil@^4.0.1
4657 silly packumentCache full:https://registry.npmjs.org/bufferutil cache-miss
4658 http fetch GET 200 https://registry.npmjs.org/bufferutil 51ms (cache miss)
4659 silly packumentCache full:https://registry.npmjs.org/bufferutil set size:undefined disposed:false
4660 silly fetch manifest utf-8-validate@^5.0.2
4661 silly packumentCache full:https://registry.npmjs.org/utf-8-validate cache-miss
4662 http fetch GET 200 https://registry.npmjs.org/utf-8-validate 41ms (cache miss)
4663 silly packumentCache full:https://registry.npmjs.org/utf-8-validate set size:undefined disposed:false
4664 silly placeDep node_modules/metro ci-info@2.0.0 OK for: metro@0.82.5 want: ^2.0.0
4665 silly placeDep ROOT error-stack-parser@2.1.4 OK for: metro@0.82.5 want: ^2.0.6
4666 silly placeDep node_modules/metro hermes-parser@0.29.1 OK for: metro@0.82.5 want: 0.29.1
4667 silly placeDep ROOT image-size@1.2.1 OK for: metro@0.82.5 want: ^1.0.2
4668 silly placeDep ROOT jsc-safe-url@0.2.4 OK for: metro@0.82.5 want: ^0.2.2
4669 silly placeDep ROOT lodash.throttle@4.1.1 OK for: metro@0.82.5 want: ^4.1.1
4670 silly placeDep ROOT metro-babel-transformer@0.82.5 OK for: metro@0.82.5 want: 0.82.5
4671 silly placeDep ROOT metro-cache-key@0.82.5 OK for: metro@0.82.5 want: 0.82.5
4672 silly placeDep ROOT metro-file-map@0.82.5 OK for: metro@0.82.5 want: 0.82.5
4673 silly placeDep ROOT metro-resolver@0.82.5 OK for: metro@0.82.5 want: 0.82.5
4674 silly placeDep ROOT metro-source-map@0.82.5 OK for: metro@0.82.5 want: 0.82.5
4675 silly placeDep ROOT metro-symbolicate@0.82.5 OK for: metro@0.82.5 want: 0.82.5
4676 silly placeDep ROOT metro-transform-plugins@0.82.5 OK for: metro@0.82.5 want: 0.82.5
4677 silly placeDep ROOT metro-transform-worker@0.82.5 OK for: metro@0.82.5 want: 0.82.5
4678 silly placeDep ROOT serialize-error@2.1.0 OK for: metro@0.82.5 want: ^2.1.0
4679 silly placeDep node_modules/metro source-map@0.5.7 OK for: metro@0.82.5 want: ^0.5.6
4680 silly placeDep ROOT throat@5.0.0 OK for: metro@0.82.5 want: ^5.0.0
4681 silly placeDep node_modules/metro ws@7.5.10 OK for: metro@0.82.5 want: ^7.5.10
4682 silly fetch manifest stackframe@^1.3.4
4683 silly packumentCache full:https://registry.npmjs.org/stackframe cache-miss
4684 silly fetch manifest hermes-estree@0.29.1
4685 silly packumentCache full:https://registry.npmjs.org/hermes-estree cache-miss
4686 silly fetch manifest queue@6.0.2
4687 silly packumentCache full:https://registry.npmjs.org/queue cache-miss
4688 silly fetch manifest ob1@0.82.5
4689 silly packumentCache full:https://registry.npmjs.org/ob1 cache-miss
4690 silly fetch manifest vlq@^1.0.0
4691 silly packumentCache full:https://registry.npmjs.org/vlq cache-miss
4692 silly fetch manifest @babel/traverse--for-generate-function-map@npm:@babel/traverse@^7.25.3
4693 silly packumentCache full:https://registry.npmjs.org/@babel%2ftraverse cache-miss
4694 silly fetch manifest vlq@^1.0.0
4695 silly packumentCache full:https://registry.npmjs.org/vlq cache-miss
4696 silly fetch manifest metro-minify-terser@0.82.5
4697 silly packumentCache full:https://registry.npmjs.org/metro-minify-terser cache-miss
4698 http cache https://registry.npmjs.org/hermes-estree 6ms (cache hit)
4699 silly packumentCache full:https://registry.npmjs.org/hermes-estree set size:109979 disposed:false
4700 http cache https://registry.npmjs.org/@babel%2ftraverse 7ms (cache hit)
4701 silly packumentCache full:https://registry.npmjs.org/@babel%2ftraverse set size:527294 disposed:false
4702 http fetch GET 200 https://registry.npmjs.org/queue 98ms (cache miss)
4703 silly packumentCache full:https://registry.npmjs.org/queue set size:undefined disposed:false
4704 http fetch GET 200 https://registry.npmjs.org/ob1 99ms (cache miss)
4705 silly packumentCache full:https://registry.npmjs.org/ob1 set size:undefined disposed:false
4706 http fetch GET 200 https://registry.npmjs.org/stackframe 102ms (cache miss)
4707 silly packumentCache full:https://registry.npmjs.org/stackframe set size:undefined disposed:false
4708 http fetch GET 200 https://registry.npmjs.org/vlq 101ms (cache miss)
4709 silly packumentCache full:https://registry.npmjs.org/vlq set size:undefined disposed:false
4710 http fetch GET 200 https://registry.npmjs.org/vlq 107ms (cache miss)
4711 silly packumentCache full:https://registry.npmjs.org/vlq set size:undefined disposed:false
4712 http fetch GET 200 https://registry.npmjs.org/metro-minify-terser 107ms (cache miss)
4713 silly packumentCache full:https://registry.npmjs.org/metro-minify-terser set size:undefined disposed:false
4714 silly placeDep ROOT stackframe@1.3.4 OK for: error-stack-parser@2.1.4 want: ^1.3.4
4715 silly placeDep ROOT queue@6.0.2 OK for: image-size@1.2.1 want: 6.0.2
4716 silly placeDep node_modules/metro-babel-transformer hermes-parser@0.29.1 OK for: metro-babel-transformer@0.82.5 want: 0.29.1
4717 silly placeDep ROOT exponential-backoff@3.1.2 OK for: metro-cache@0.82.5 want: ^3.1.1
4718 silly placeDep node_modules/metro-cache https-proxy-agent@7.0.6 OK for: metro-cache@0.82.5 want: ^7.0.5
4719 silly fetch manifest agent-base@^7.1.2
4720 silly packumentCache full:https://registry.npmjs.org/agent-base cache-miss
4721 http cache https://registry.npmjs.org/agent-base 4ms (cache hit)
4722 silly packumentCache full:https://registry.npmjs.org/agent-base set size:67460 disposed:false
4723 silly placeDep ROOT @babel/traverse--for-generate-function-map@7.28.3 OK for: metro-source-map@0.82.5 want: npm:@babel/traverse@^7.25.3
4724 silly placeDep ROOT ob1@0.82.5 OK for: metro-source-map@0.82.5 want: 0.82.5
4725 silly placeDep node_modules/metro-source-map source-map@0.5.7 OK for: metro-source-map@0.82.5 want: ^0.5.6
4726 silly placeDep ROOT vlq@1.0.1 OK for: metro-source-map@0.82.5 want: ^1.0.0
4727 silly placeDep node_modules/metro-symbolicate source-map@0.5.7 OK for: metro-symbolicate@0.82.5 want: ^0.5.6
4728 silly placeDep ROOT metro-minify-terser@0.82.5 OK for: metro-transform-worker@0.82.5 want: 0.82.5
4729 silly fetch manifest terser@^5.15.0
4730 silly packumentCache full:https://registry.npmjs.org/terser cache-miss
4731 http fetch GET 200 https://registry.npmjs.org/terser 80ms (cache miss)
4732 silly packumentCache full:https://registry.npmjs.org/terser set size:undefined disposed:false
4733 silly placeDep ROOT terser@5.43.1 OK for: metro-minify-terser@0.82.5 want: ^5.15.0
4734 silly fetch manifest @jridgewell/source-map@^0.3.3
4735 silly packumentCache full:https://registry.npmjs.org/@jridgewell%2fsource-map cache-miss
4736 silly fetch manifest commander@^2.20.0
4737 silly packumentCache full:https://registry.npmjs.org/commander cache-hit
4738 silly fetch manifest source-map-support@~0.5.20
4739 silly packumentCache full:https://registry.npmjs.org/source-map-support cache-miss
4740 http cache https://registry.npmjs.org/source-map-support 4ms (cache hit)
4741 silly packumentCache full:https://registry.npmjs.org/source-map-support set size:125488 disposed:false
4742 http fetch GET 200 https://registry.npmjs.org/@jridgewell%2fsource-map 85ms (cache miss)
4743 silly packumentCache full:https://registry.npmjs.org/@jridgewell%2fsource-map set size:undefined disposed:false
4744 silly placeDep ROOT braces@3.0.3 OK for: micromatch@4.0.8 want: ^3.0.3
4745 silly fetch manifest fill-range@^7.1.1
4746 silly packumentCache full:https://registry.npmjs.org/fill-range cache-miss
4747 http fetch GET 200 https://registry.npmjs.org/fill-range 41ms (cache miss)
4748 silly packumentCache full:https://registry.npmjs.org/fill-range set size:undefined disposed:false
4749 silly placeDep ROOT fill-range@7.1.1 OK for: braces@3.0.3 want: ^7.1.1
4750 silly fetch manifest to-regex-range@^5.0.1
4751 silly packumentCache full:https://registry.npmjs.org/to-regex-range cache-miss
4752 http fetch GET 200 https://registry.npmjs.org/to-regex-range 40ms (cache miss)
4753 silly packumentCache full:https://registry.npmjs.org/to-regex-range set size:undefined disposed:false
4754 silly placeDep ROOT to-regex-range@5.0.1 OK for: fill-range@7.1.1 want: ^5.0.1
4755 silly fetch manifest is-number@^7.0.0
4756 silly packumentCache full:https://registry.npmjs.org/is-number cache-miss
4757 http fetch GET 200 https://registry.npmjs.org/is-number 40ms (cache miss)
4758 silly packumentCache full:https://registry.npmjs.org/is-number set size:undefined disposed:false
4759 silly placeDep node_modules/mime-types mime-db@1.52.0 OK for: mime-types@2.1.35 want: 1.52.0
4760 silly placeDep ROOT brace-expansion@2.0.2 OK for: minimatch@9.0.5 want: ^2.0.1
4761 silly fetch manifest balanced-match@^1.0.0
4762 silly packumentCache full:https://registry.npmjs.org/balanced-match cache-miss
4763 http fetch GET 200 https://registry.npmjs.org/balanced-match 53ms (cache miss)
4764 silly packumentCache full:https://registry.npmjs.org/balanced-match set size:undefined disposed:false
4765 silly placeDep ROOT balanced-match@1.0.2 OK for: brace-expansion@2.0.2 want: ^1.0.0
4766 silly placeDep ROOT whatwg-url@5.0.0 OK for: node-fetch@2.7.0 want: ^5.0.0
4767 silly fetch manifest tr46@~0.0.3
4768 silly packumentCache full:https://registry.npmjs.org/tr46 cache-miss
4769 silly fetch manifest webidl-conversions@^3.0.0
4770 silly packumentCache full:https://registry.npmjs.org/webidl-conversions cache-miss
4771 http fetch GET 200 https://registry.npmjs.org/tr46 46ms (cache miss)
4772 silly packumentCache full:https://registry.npmjs.org/tr46 set size:undefined disposed:false
4773 http fetch GET 200 https://registry.npmjs.org/webidl-conversions 51ms (cache miss)
4774 silly packumentCache full:https://registry.npmjs.org/webidl-conversions set size:undefined disposed:false
4775 silly placeDep ROOT ee-first@1.1.1 OK for: on-finished@2.4.1 want: 1.1.1
4776 silly placeDep ROOT mimic-fn@2.1.0 OK for: onetime@5.1.2 want: ^2.1.0
4777 silly placeDep ROOT is-wsl@1.1.0 OK for: open@6.4.0 want: ^1.1.0
4778 silly placeDep ROOT deep-is@0.1.4 OK for: optionator@0.9.4 want: ^0.1.3
4779 silly placeDep ROOT fast-levenshtein@2.0.6 OK for: optionator@0.9.4 want: ^2.0.6
4780 silly placeDep ROOT word-wrap@1.2.5 OK for: optionator@0.9.4 want: ^1.2.5
4781 silly placeDep ROOT bl@4.1.0 OK for: ora@5.4.1 want: ^4.1.0
4782 silly placeDep ROOT cli-cursor@3.1.0 OK for: ora@5.4.1 want: ^3.1.0
4783 silly placeDep ROOT cli-spinners@2.9.2 OK for: ora@5.4.1 want: ^2.5.0
4784 silly placeDep ROOT is-interactive@1.0.0 OK for: ora@5.4.1 want: ^1.0.0
4785 silly placeDep ROOT is-unicode-supported@0.1.0 OK for: ora@5.4.1 want: ^0.1.0
4786 silly placeDep ROOT log-symbols@4.1.0 OK for: ora@5.4.1 want: ^4.1.0
4787 silly fetch manifest buffer@^5.5.0
4788 silly packumentCache full:https://registry.npmjs.org/buffer cache-miss
4789 silly fetch manifest readable-stream@^3.4.0
4790 silly packumentCache full:https://registry.npmjs.org/readable-stream cache-miss
4791 silly fetch manifest restore-cursor@^3.1.0
4792 silly packumentCache full:https://registry.npmjs.org/restore-cursor cache-miss
4793 http fetch GET 200 https://registry.npmjs.org/buffer 53ms (cache miss)
4794 silly packumentCache full:https://registry.npmjs.org/buffer set size:undefined disposed:false
4795 http fetch GET 200 https://registry.npmjs.org/restore-cursor 70ms (cache miss)
4796 silly packumentCache full:https://registry.npmjs.org/restore-cursor set size:undefined disposed:false
4797 http fetch GET 200 https://registry.npmjs.org/readable-stream 76ms (cache miss)
4798 silly packumentCache full:https://registry.npmjs.org/readable-stream set size:undefined disposed:false
4799 silly placeDep ROOT buffer@5.7.1 OK for: bl@4.1.0 want: ^5.5.0
4800 silly placeDep ROOT readable-stream@3.6.2 OK for: bl@4.1.0 want: ^3.4.0
4801 silly fetch manifest base64-js@^1.3.1
4802 silly packumentCache full:https://registry.npmjs.org/base64-js cache-miss
4803 silly fetch manifest ieee754@^1.1.13
4804 silly packumentCache full:https://registry.npmjs.org/ieee754 cache-miss
4805 silly fetch manifest string_decoder@^1.1.1
4806 silly packumentCache full:https://registry.npmjs.org/string_decoder cache-miss
4807 silly fetch manifest util-deprecate@^1.0.1
4808 silly packumentCache full:https://registry.npmjs.org/util-deprecate cache-miss
4809 http cache https://registry.npmjs.org/base64-js 5ms (cache hit)
4810 silly packumentCache full:https://registry.npmjs.org/base64-js set size:41270 disposed:false
4811 http fetch GET 200 https://registry.npmjs.org/util-deprecate 48ms (cache miss)
4812 silly packumentCache full:https://registry.npmjs.org/util-deprecate set size:undefined disposed:false
4813 http fetch GET 200 https://registry.npmjs.org/string_decoder 54ms (cache miss)
4814 silly packumentCache full:https://registry.npmjs.org/string_decoder set size:undefined disposed:false
4815 http fetch GET 200 https://registry.npmjs.org/ieee754 56ms (cache miss)
4816 silly packumentCache full:https://registry.npmjs.org/ieee754 set size:undefined disposed:false
4817 silly placeDep ROOT base64-js@1.5.1 OK for: buffer@5.7.1 want: ^1.3.1
4818 silly placeDep ROOT ieee754@1.2.1 OK for: buffer@5.7.1 want: ^1.1.13
4819 silly placeDep ROOT restore-cursor@3.1.0 OK for: cli-cursor@3.1.0 want: ^3.1.0
4820 silly placeDep ROOT yocto-queue@0.1.0 OK for: p-limit@3.1.0 want: ^0.1.0
4821 silly placeDep ROOT error-ex@1.3.2 OK for: parse-json@5.2.0 want: ^1.3.1
4822 silly placeDep ROOT json-parse-even-better-errors@2.3.1 OK for: parse-json@5.2.0 want: ^2.3.0
4823 silly placeDep ROOT lines-and-columns@1.2.4 OK for: parse-json@5.2.0 want: ^1.1.6
4824 silly fetch manifest is-arrayish@^0.2.1
4825 silly packumentCache full:https://registry.npmjs.org/is-arrayish cache-miss
4826 http cache https://registry.npmjs.org/is-arrayish 3ms (cache hit)
4827 silly packumentCache full:https://registry.npmjs.org/is-arrayish set size:13422 disposed:false
4828 silly placeDep ROOT is-arrayish@0.2.1 OK for: error-ex@1.3.2 want: ^0.2.1
4829 silly placeDep node_modules/pkg-dir find-up@4.1.0 OK for: pkg-dir@4.2.0 want: ^4.0.0
4830 silly placeDep node_modules/pretty-format ansi-styles@5.2.0 OK for: pretty-format@29.7.0 want: ^5.0.0
4831 silly placeDep node_modules/pretty-format react-is@18.3.1 OK for: pretty-format@29.7.0 want: ^18.0.0
4832 silly placeDep ROOT kleur@3.0.3 OK for: prompts@2.4.2 want: ^3.0.3
4833 silly placeDep ROOT sisteransi@1.0.5 OK for: prompts@2.4.2 want: ^1.0.5
4834 silly placeDep ROOT object-assign@4.1.1 OK for: prop-types@15.8.1 want: ^4.1.1
4835 silly placeDep node_modules/prop-types react-is@16.13.1 OK for: prop-types@15.8.1 want: ^16.13.1
4836 silly placeDep ROOT decode-uri-component@0.2.2 OK for: query-string@7.1.3 want: ^0.2.2
4837 silly placeDep ROOT filter-obj@1.1.0 OK for: query-string@7.1.3 want: ^1.1.0
4838 silly placeDep ROOT split-on-first@1.1.0 OK for: query-string@7.1.3 want: ^1.0.0
4839 silly placeDep ROOT strict-uri-encode@2.0.0 OK for: query-string@7.1.3 want: ^2.0.0
4840 silly fetch manifest react@^19.1.0
4841 silly packumentCache full:https://registry.npmjs.org/react cache-miss
4842 http cache https://registry.npmjs.org/react 8ms (cache hit)
4843 silly packumentCache full:https://registry.npmjs.org/react set size:5973996 disposed:false
4844 silly fetch manifest @react-native-community/cli@*
4845 silly packumentCache full:https://registry.npmjs.org/@react-native-community%2fcli cache-miss
4846 http cache https://registry.npmjs.org/@react-native-community%2fcli 6ms (cache hit)
4847 silly packumentCache full:https://registry.npmjs.org/@react-native-community%2fcli set size:1013652 disposed:false
4848 silly placeDep ROOT @jest/create-cache-key-function@29.7.0 OK for: react-native@0.80.0 want: ^29.7.0
4849 silly placeDep ROOT @react-native/assets-registry@0.80.0 OK for: react-native@0.80.0 want: 0.80.0
4850 silly placeDep node_modules/react-native @react-native/codegen@0.80.0 OK for: react-native@0.80.0 want: 0.80.0
4851 silly placeDep ROOT @react-native/community-cli-plugin@0.80.0 OK for: react-native@0.80.0 want: 0.80.0
4852 silly placeDep ROOT @react-native/gradle-plugin@0.80.0 OK for: react-native@0.80.0 want: 0.80.0
4853 silly placeDep node_modules/react-native @react-native/js-polyfills@0.80.0 OK for: react-native@0.80.0 want: 0.80.0
4854 silly placeDep ROOT @react-native/normalize-colors@0.80.0 OK for: react-native@0.80.0 want: 0.80.0
4855 silly placeDep ROOT @react-native/virtualized-lists@0.80.0 OK for: react-native@0.80.0 want: 0.80.0
4856 silly placeDep ROOT abort-controller@3.0.0 OK for: react-native@0.80.0 want: ^3.0.0
4857 silly placeDep ROOT anser@1.4.10 OK for: react-native@0.80.0 want: ^1.4.9
4858 silly placeDep ROOT ansi-regex@5.0.1 OK for: react-native@0.80.0 want: ^5.0.0
4859 silly placeDep node_modules/react-native babel-plugin-syntax-hermes-parser@0.28.1 OK for: react-native@0.80.0 want: 0.28.1
4860 silly placeDep node_modules/react-native commander@12.1.0 OK for: react-native@0.80.0 want: ^12.0.0
4861 silly placeDep ROOT memoize-one@5.2.1 OK for: react-native@0.80.0 want: ^5.0.0
4862 silly placeDep ROOT promise@8.3.0 OK for: react-native@0.80.0 want: ^8.3.0
4863 silly placeDep ROOT react-devtools-core@6.1.5 OK for: react-native@0.80.0 want: ^6.1.1
4864 silly placeDep ROOT regenerator-runtime@0.13.11 OK for: react-native@0.80.0 want: ^0.13.2
4865 silly placeDep ROOT scheduler@0.26.0 OK for: react-native@0.80.0 want: 0.26.0
4866 silly placeDep node_modules/react-native semver@7.7.2 OK for: react-native@0.80.0 want: ^7.1.3
4867 silly placeDep ROOT stacktrace-parser@0.1.11 OK for: react-native@0.80.0 want: ^0.1.10
4868 silly placeDep ROOT whatwg-fetch@3.6.20 OK for: react-native@0.80.0 want: ^3.0.0
4869 silly fetch manifest hermes-parser@0.28.1
4870 silly packumentCache full:https://registry.npmjs.org/hermes-parser cache-hit
4871 silly fetch manifest @react-native/dev-middleware@0.80.0
4872 silly packumentCache full:https://registry.npmjs.org/@react-native%2fdev-middleware cache-miss
4873 silly fetch manifest event-target-shim@^5.0.0
4874 silly packumentCache full:https://registry.npmjs.org/event-target-shim cache-miss
4875 silly fetch manifest hermes-parser@0.28.1
4876 silly packumentCache full:https://registry.npmjs.org/hermes-parser cache-hit
4877 silly fetch manifest asap@~2.0.6
4878 silly packumentCache full:https://registry.npmjs.org/asap cache-miss
4879 silly fetch manifest ws@^7
4880 silly packumentCache full:https://registry.npmjs.org/ws cache-hit
4881 silly fetch manifest type-fest@^0.7.1
4882 silly packumentCache full:https://registry.npmjs.org/type-fest cache-hit
4883 http fetch GET 200 https://registry.npmjs.org/asap 57ms (cache miss)
4884 silly packumentCache full:https://registry.npmjs.org/asap set size:undefined disposed:false
4885 http fetch GET 200 https://registry.npmjs.org/event-target-shim 57ms (cache miss)
4886 silly packumentCache full:https://registry.npmjs.org/event-target-shim set size:undefined disposed:false
4887 http fetch GET 200 https://registry.npmjs.org/@react-native%2fdev-middleware 152ms (cache miss)
4888 silly packumentCache full:https://registry.npmjs.org/@react-native%2fdev-middleware set size:undefined disposed:false
4889 silly placeDep ROOT @react-native/dev-middleware@0.80.0 OK for: @react-native/community-cli-plugin@0.80.0 want: 0.80.0
4890 silly placeDep node_modules/@react-native/community-cli-plugin semver@7.7.2 OK for: @react-native/community-cli-plugin@0.80.0 want: ^7.1.3
4891 silly fetch manifest open@^7.0.3
4892 silly packumentCache full:https://registry.npmjs.org/open cache-miss
4893 silly fetch manifest chrome-launcher@^0.15.2
4894 silly packumentCache full:https://registry.npmjs.org/chrome-launcher cache-miss
4895 silly fetch manifest @isaacs/ttlcache@^1.4.1
4896 silly packumentCache full:https://registry.npmjs.org/@isaacs%2fttlcache cache-miss
4897 silly fetch manifest chromium-edge-launcher@^0.2.0
4898 silly packumentCache full:https://registry.npmjs.org/chromium-edge-launcher cache-miss
4899 silly fetch manifest @react-native/debugger-frontend@0.80.0
4900 silly packumentCache full:https://registry.npmjs.org/@react-native%2fdebugger-frontend cache-miss
4901 http cache https://registry.npmjs.org/open 9ms (cache hit)
4902 silly packumentCache full:https://registry.npmjs.org/open set size:133517 disposed:false
4903 http fetch GET 200 https://registry.npmjs.org/chrome-launcher 59ms (cache miss)
4904 silly packumentCache full:https://registry.npmjs.org/chrome-launcher set size:undefined disposed:false
4905 http fetch GET 200 https://registry.npmjs.org/chromium-edge-launcher 77ms (cache miss)
4906 silly packumentCache full:https://registry.npmjs.org/chromium-edge-launcher set size:undefined disposed:false
4907 http fetch GET 200 https://registry.npmjs.org/@isaacs%2fttlcache 105ms (cache miss)
4908 silly packumentCache full:https://registry.npmjs.org/@isaacs%2fttlcache set size:undefined disposed:false
4909 http fetch GET 200 https://registry.npmjs.org/@react-native%2fdebugger-frontend 119ms (cache miss)
4910 silly packumentCache full:https://registry.npmjs.org/@react-native%2fdebugger-frontend set size:undefined disposed:false
4911 silly placeDep ROOT @isaacs/ttlcache@1.4.1 OK for: @react-native/dev-middleware@0.80.0 want: ^1.4.1
4912 silly placeDep ROOT @react-native/debugger-frontend@0.80.0 OK for: @react-native/dev-middleware@0.80.0 want: 0.80.0
4913 silly placeDep ROOT chrome-launcher@0.15.2 OK for: @react-native/dev-middleware@0.80.0 want: ^0.15.2
4914 silly placeDep ROOT chromium-edge-launcher@0.2.0 OK for: @react-native/dev-middleware@0.80.0 want: ^0.2.0
4915 silly placeDep node_modules/@react-native/dev-middleware open@7.4.2 OK for: @react-native/dev-middleware@0.80.0 want: ^7.0.3
4916 silly fetch manifest is-wsl@^2.2.0
4917 silly packumentCache full:https://registry.npmjs.org/is-wsl cache-miss
4918 silly fetch manifest lighthouse-logger@^1.0.0
4919 silly packumentCache full:https://registry.npmjs.org/lighthouse-logger cache-miss
4920 silly fetch manifest is-wsl@^2.2.0
4921 silly packumentCache full:https://registry.npmjs.org/is-wsl cache-miss
4922 silly fetch manifest lighthouse-logger@^1.0.0
4923 silly packumentCache full:https://registry.npmjs.org/lighthouse-logger cache-miss
4924 silly fetch manifest mkdirp@^1.0.4
4925 silly packumentCache full:https://registry.npmjs.org/mkdirp cache-miss
4926 silly fetch manifest is-wsl@^2.1.1
4927 silly packumentCache full:https://registry.npmjs.org/is-wsl cache-miss
4928 silly fetch manifest is-docker@^2.0.0
4929 silly packumentCache full:https://registry.npmjs.org/is-docker cache-miss
4930 http cache https://registry.npmjs.org/is-wsl 8ms (cache hit)
4931 silly packumentCache full:https://registry.npmjs.org/is-wsl set size:18741 disposed:false
4932 http cache https://registry.npmjs.org/is-wsl 9ms (cache hit)
4933 silly packumentCache full:https://registry.npmjs.org/is-wsl set size:18741 disposed:false
4934 silly packumentCache full:https://registry.npmjs.org/is-wsl dispose
4935 http cache https://registry.npmjs.org/is-wsl 10ms (cache hit)
4936 silly packumentCache full:https://registry.npmjs.org/is-wsl set size:18741 disposed:true
4937 silly packumentCache full:https://registry.npmjs.org/is-wsl dispose
4938 http fetch GET 200 https://registry.npmjs.org/lighthouse-logger 45ms (cache miss)
4939 silly packumentCache full:https://registry.npmjs.org/lighthouse-logger set size:undefined disposed:false
4940 http fetch GET 200 https://registry.npmjs.org/lighthouse-logger 47ms (cache miss)
4941 silly packumentCache full:https://registry.npmjs.org/lighthouse-logger set size:undefined disposed:false
4942 http fetch GET 200 https://registry.npmjs.org/is-docker 58ms (cache miss)
4943 silly packumentCache full:https://registry.npmjs.org/is-docker set size:undefined disposed:false
4944 http fetch GET 200 https://registry.npmjs.org/mkdirp 58ms (cache miss)
4945 silly packumentCache full:https://registry.npmjs.org/mkdirp set size:undefined disposed:false
4946 silly placeDep ROOT event-target-shim@5.0.1 OK for: abort-controller@3.0.0 want: ^5.0.0
4947 silly placeDep node_modules/chrome-launcher is-wsl@2.2.0 OK for: chrome-launcher@0.15.2 want: ^2.2.0
4948 silly placeDep ROOT lighthouse-logger@1.4.2 OK for: chrome-launcher@0.15.2 want: ^1.0.0
4949 silly fetch manifest debug@^2.6.9
4950 silly packumentCache full:https://registry.npmjs.org/debug cache-hit
4951 silly fetch manifest marky@^1.2.2
4952 silly packumentCache full:https://registry.npmjs.org/marky cache-miss
4953 http fetch GET 200 https://registry.npmjs.org/marky 44ms (cache miss)
4954 silly packumentCache full:https://registry.npmjs.org/marky set size:undefined disposed:false
4955 silly placeDep node_modules/chromium-edge-launcher is-wsl@2.2.0 OK for: chromium-edge-launcher@0.2.0 want: ^2.2.0
4956 silly placeDep ROOT mkdirp@1.0.4 OK for: chromium-edge-launcher@0.2.0 want: ^1.0.4
4957 silly placeDep node_modules/lighthouse-logger debug@2.6.9 OK for: lighthouse-logger@1.4.2 want: ^2.6.9
4958 silly placeDep ROOT marky@1.3.0 OK for: lighthouse-logger@1.4.2 want: ^1.2.2
4959 silly placeDep ROOT asap@2.0.6 OK for: promise@8.3.0 want: ~2.0.6
4960 silly placeDep node_modules/react-devtools-core ws@7.5.10 OK for: react-devtools-core@6.1.5 want: ^7
4961 silly placeDep ROOT @egjs/hammerjs@2.0.17 OK for: react-native-gesture-handler@2.28.0 want: ^2.0.17
4962 silly fetch manifest @types/hammerjs@^2.0.36
4963 silly packumentCache full:https://registry.npmjs.org/@types%2fhammerjs cache-miss
4964 http fetch GET 200 https://registry.npmjs.org/@types%2fhammerjs 71ms (cache miss)
4965 silly packumentCache full:https://registry.npmjs.org/@types%2fhammerjs set size:undefined disposed:false
4966 silly placeDep ROOT @types/hammerjs@2.0.46 OK for: @egjs/hammerjs@2.0.17 want: ^2.0.36
4967 silly placeDep ROOT @revenuecat/purchases-typescript-internal@14.2.0 OK for: react-native-purchases@8.11.10 want: 14.2.0
4968 silly fetch manifest react@*
4969 silly packumentCache full:https://registry.npmjs.org/react cache-miss
4970 http cache https://registry.npmjs.org/react 11ms (cache hit)
4971 silly packumentCache full:https://registry.npmjs.org/react set size:5973996 disposed:false
4972 silly placeDep ROOT react-freeze@1.0.4 OK for: react-native-screens@4.15.2 want: ^1.0.0
4973 silly placeDep ROOT react-native-is-edge-to-edge@1.2.1 OK for: react-native-screens@4.15.2 want: ^1.2.1
4974 silly placeDep ROOT warn-once@0.1.1 OK for: react-native-screens@4.15.2 want: ^0.1.0
4975 silly placeDep ROOT whatwg-url-without-unicode@8.0.0-3 OK for: react-native-url-polyfill@2.0.0 want: 8.0.0-3
4976 silly fetch manifest punycode@^2.1.1
4977 silly packumentCache full:https://registry.npmjs.org/punycode cache-miss
4978 silly fetch manifest webidl-conversions@^5.0.0
4979 silly packumentCache full:https://registry.npmjs.org/webidl-conversions cache-miss
4980 http cache https://registry.npmjs.org/webidl-conversions 6ms (cache hit)
4981 silly packumentCache full:https://registry.npmjs.org/webidl-conversions set size:41857 disposed:false
4982 http cache https://registry.npmjs.org/punycode 6ms (cache hit)
4983 silly packumentCache full:https://registry.npmjs.org/punycode set size:61302 disposed:false
4984 silly placeDep ROOT string_decoder@1.3.0 OK for: readable-stream@3.6.2 want: ^1.1.1
4985 silly placeDep ROOT util-deprecate@1.0.2 OK for: readable-stream@3.6.2 want: ^1.0.1
4986 silly placeDep ROOT indent-string@4.0.0 OK for: redent@3.0.0 want: ^4.0.0
4987 silly placeDep ROOT strip-indent@3.0.0 OK for: redent@3.0.0 want: ^3.0.0
4988 silly fetch manifest min-indent@^1.0.0
4989 silly packumentCache full:https://registry.npmjs.org/min-indent cache-miss
4990 http fetch GET 200 https://registry.npmjs.org/min-indent 46ms (cache miss)
4991 silly packumentCache full:https://registry.npmjs.org/min-indent set size:undefined disposed:false
4992 silly placeDep ROOT regenerate@1.4.2 OK for: regexpu-core@6.2.0 want: ^1.4.2
4993 silly placeDep ROOT regenerate-unicode-properties@10.2.0 OK for: regexpu-core@6.2.0 want: ^10.2.0
4994 silly placeDep ROOT regjsgen@0.8.0 OK for: regexpu-core@6.2.0 want: ^0.8.0
4995 silly placeDep ROOT regjsparser@0.12.0 OK for: regexpu-core@6.2.0 want: ^0.12.0
4996 silly placeDep ROOT unicode-match-property-ecmascript@2.0.0 OK for: regexpu-core@6.2.0 want: ^2.0.0
4997 silly placeDep ROOT unicode-match-property-value-ecmascript@2.2.0 OK for: regexpu-core@6.2.0 want: ^2.1.0
4998 silly fetch manifest jsesc@~3.0.2
4999 silly packumentCache full:https://registry.npmjs.org/jsesc cache-miss
5000 silly fetch manifest unicode-canonical-property-names-ecmascript@^2.0.0
5001 silly packumentCache full:https://registry.npmjs.org/unicode-canonical-property-names-ecmascript cache-miss
5002 silly fetch manifest unicode-property-aliases-ecmascript@^2.0.0
5003 silly packumentCache full:https://registry.npmjs.org/unicode-property-aliases-ecmascript cache-miss
5004 http cache https://registry.npmjs.org/jsesc 5ms (cache hit)
5005 silly packumentCache full:https://registry.npmjs.org/jsesc set size:61512 disposed:false
5006 http fetch GET 200 https://registry.npmjs.org/unicode-property-aliases-ecmascript 36ms (cache miss)
5007 silly packumentCache full:https://registry.npmjs.org/unicode-property-aliases-ecmascript set size:undefined disposed:false
5008 http fetch GET 200 https://registry.npmjs.org/unicode-canonical-property-names-ecmascript 62ms (cache miss)
5009 silly packumentCache full:https://registry.npmjs.org/unicode-canonical-property-names-ecmascript set size:undefined disposed:false
5010 silly placeDep node_modules/regjsparser jsesc@3.0.2 OK for: regjsparser@0.12.0 want: ~3.0.2
5011 silly placeDep ROOT is-core-module@2.16.1 OK for: resolve@1.22.10 want: ^2.16.0
5012 silly placeDep ROOT path-parse@1.0.7 OK for: resolve@1.22.10 want: ^1.0.7
5013 silly placeDep ROOT supports-preserve-symlinks-flag@1.0.0 OK for: resolve@1.22.10 want: ^1.0.0
5014 silly placeDep node_modules/resolve-cwd resolve-from@5.0.0 OK for: resolve-cwd@3.0.0 want: ^5.0.0
5015 silly placeDep ROOT queue-microtask@1.2.3 OK for: run-parallel@1.2.0 want: ^1.2.2
5016 silly placeDep ROOT isarray@2.0.5 OK for: safe-array-concat@1.1.3 want: ^2.0.5
5017 silly placeDep node_modules/serve-static encodeurl@2.0.0 OK for: serve-static@1.16.2 want: ~2.0.0
5018 silly placeDep ROOT send@0.19.0 OK for: serve-static@1.16.2 want: 0.19.0
5019 silly fetch manifest etag@~1.8.1
5020 silly packumentCache full:https://registry.npmjs.org/etag cache-miss
5021 silly fetch manifest mime@1.6.0
5022 silly packumentCache full:https://registry.npmjs.org/mime cache-miss
5023 silly fetch manifest fresh@0.5.2
5024 silly packumentCache full:https://registry.npmjs.org/fresh cache-miss
5025 silly fetch manifest range-parser@~1.2.1
5026 silly packumentCache full:https://registry.npmjs.org/range-parser cache-miss
5027 http cache https://registry.npmjs.org/mime 4ms (cache hit)
5028 silly packumentCache full:https://registry.npmjs.org/mime set size:116750 disposed:false
5029 http fetch GET 200 https://registry.npmjs.org/fresh 44ms (cache miss)
5030 silly packumentCache full:https://registry.npmjs.org/fresh set size:undefined disposed:false
5031 http fetch GET 200 https://registry.npmjs.org/etag 45ms (cache miss)
5032 silly packumentCache full:https://registry.npmjs.org/etag set size:undefined disposed:false
5033 http fetch GET 200 https://registry.npmjs.org/range-parser 46ms (cache miss)
5034 silly packumentCache full:https://registry.npmjs.org/range-parser set size:undefined disposed:false
5035 silly placeDep node_modules/send debug@2.6.9 OK for: send@0.19.0 want: 2.6.9
5036 silly placeDep ROOT etag@1.8.1 OK for: send@0.19.0 want: ~1.8.1
5037 silly placeDep ROOT fresh@0.5.2 OK for: send@0.19.0 want: 0.5.2
5038 silly placeDep node_modules/send mime@1.6.0 OK for: send@0.19.0 want: 1.6.0
5039 silly placeDep ROOT range-parser@1.2.1 OK for: send@0.19.0 want: ~1.2.1
5040 silly placeDep node_modules/send statuses@2.0.1 OK for: send@0.19.0 want: 2.0.1
5041 silly placeDep ROOT shebang-regex@3.0.0 OK for: shebang-command@2.0.0 want: ^3.0.0
5042 silly placeDep ROOT side-channel-list@1.0.0 OK for: side-channel@1.1.0 want: ^1.0.0
5043 silly placeDep ROOT side-channel-map@1.0.1 OK for: side-channel@1.1.0 want: ^1.0.1
5044 silly placeDep ROOT side-channel-weakmap@1.0.2 OK for: side-channel@1.1.0 want: ^1.0.2
5045 silly placeDep node_modules/simple-swizzle is-arrayish@0.3.2 OK for: simple-swizzle@0.2.2 want: ^0.3.1
5046 silly placeDep node_modules/slice-ansi ansi-styles@3.2.1 OK for: slice-ansi@2.1.0 want: ^3.2.0
5047 silly placeDep ROOT astral-regex@1.0.0 OK for: slice-ansi@2.1.0 want: ^1.0.0
5048 silly placeDep ROOT is-fullwidth-code-point@2.0.0 OK for: slice-ansi@2.1.0 want: ^2.0.0
5049 silly fetch manifest color-convert@^1.9.0
5050 silly packumentCache full:https://registry.npmjs.org/color-convert cache-miss
5051 http cache https://registry.npmjs.org/color-convert 8ms (cache hit)
5052 silly packumentCache full:https://registry.npmjs.org/color-convert set size:68789 disposed:false
5053 silly placeDep ROOT buffer-from@1.1.2 OK for: source-map-support@0.5.13 want: ^1.0.0
5054 silly placeDep node_modules/stack-utils escape-string-regexp@2.0.0 OK for: stack-utils@2.0.6 want: ^2.0.0
5055 silly placeDep node_modules/stacktrace-parser type-fest@0.7.1 OK for: stacktrace-parser@0.1.11 want: ^0.7.1
5056 silly placeDep ROOT char-regex@1.0.2 OK for: string-length@4.0.2 want: ^1.0.2
5057 silly placeDep ROOT min-indent@1.0.1 OK for: strip-indent@3.0.0 want: ^1.0.0
5058 silly placeDep ROOT has-flag@4.0.0 OK for: supports-color@7.2.0 want: ^4.0.0
5059 silly placeDep ROOT @jridgewell/source-map@0.3.11 OK for: terser@5.43.1 want: ^0.3.3
5060 silly placeDep node_modules/terser commander@2.20.3 OK for: terser@5.43.1 want: ^2.20.0
5061 silly placeDep node_modules/terser source-map-support@0.5.21 OK for: terser@5.43.1 want: ~0.5.20
5062 silly placeDep node_modules/test-exclude minimatch@3.1.2 OK for: test-exclude@6.0.0 want: ^3.0.4
5063 silly placeDep ROOT is-number@7.0.0 OK for: to-regex-range@5.0.1 want: ^7.0.0
5064 silly placeDep ROOT media-typer@0.3.0 OK for: type-is@1.6.18 want: 0.3.0
5065 silly placeDep ROOT for-each@0.3.5 OK for: typed-array-byte-length@1.0.3 want: ^0.3.3
5066 silly placeDep ROOT reflect.getprototypeof@1.0.10 OK for: typed-array-byte-offset@1.0.4 want: ^1.0.9
5067 silly fetch manifest which-builtin-type@^1.2.1
5068 silly packumentCache full:https://registry.npmjs.org/which-builtin-type cache-miss
5069 http fetch GET 200 https://registry.npmjs.org/which-builtin-type 33ms (cache miss)
5070 silly packumentCache full:https://registry.npmjs.org/which-builtin-type set size:undefined disposed:false
5071 silly placeDep ROOT which-builtin-type@1.2.1 OK for: reflect.getprototypeof@1.0.10 want: ^1.2.1
5072 silly fetch manifest is-async-function@^2.0.0
5073 silly packumentCache full:https://registry.npmjs.org/is-async-function cache-miss
5074 silly fetch manifest is-finalizationregistry@^1.1.0
5075 silly packumentCache full:https://registry.npmjs.org/is-finalizationregistry cache-miss
5076 silly fetch manifest is-generator-function@^1.0.10
5077 silly packumentCache full:https://registry.npmjs.org/is-generator-function cache-miss
5078 silly fetch manifest which-boxed-primitive@^1.1.0
5079 silly packumentCache full:https://registry.npmjs.org/which-boxed-primitive cache-miss
5080 silly fetch manifest which-collection@^1.0.2
5081 silly packumentCache full:https://registry.npmjs.org/which-collection cache-miss
5082 http cache https://registry.npmjs.org/which-boxed-primitive 4ms (cache hit)
5083 silly packumentCache full:https://registry.npmjs.org/which-boxed-primitive set size:19407 disposed:false
5084 http fetch GET 200 https://registry.npmjs.org/is-async-function 48ms (cache miss)
5085 silly packumentCache full:https://registry.npmjs.org/is-async-function set size:undefined disposed:false
5086 http fetch GET 200 https://registry.npmjs.org/which-collection 51ms (cache miss)
5087 silly packumentCache full:https://registry.npmjs.org/which-collection set size:undefined disposed:false
5088 http fetch GET 200 https://registry.npmjs.org/is-generator-function 51ms (cache miss)
5089 silly packumentCache full:https://registry.npmjs.org/is-generator-function set size:undefined disposed:false
5090 http fetch GET 200 https://registry.npmjs.org/is-finalizationregistry 52ms (cache miss)
5091 silly packumentCache full:https://registry.npmjs.org/is-finalizationregistry set size:undefined disposed:false
5092 silly placeDep ROOT has-bigints@1.1.0 OK for: unbox-primitive@1.1.0 want: ^1.0.2
5093 silly placeDep ROOT which-boxed-primitive@1.1.1 OK for: unbox-primitive@1.1.0 want: ^1.1.1
5094 silly fetch manifest is-bigint@^1.1.0
5095 silly packumentCache full:https://registry.npmjs.org/is-bigint cache-miss
5096 silly fetch manifest is-boolean-object@^1.2.1
5097 silly packumentCache full:https://registry.npmjs.org/is-boolean-object cache-miss
5098 silly fetch manifest is-number-object@^1.1.1
5099 silly packumentCache full:https://registry.npmjs.org/is-number-object cache-miss
5100 http fetch GET 200 https://registry.npmjs.org/is-number-object 51ms (cache miss)
5101 silly packumentCache full:https://registry.npmjs.org/is-number-object set size:undefined disposed:false
5102 http fetch GET 200 https://registry.npmjs.org/is-bigint 52ms (cache miss)
5103 silly packumentCache full:https://registry.npmjs.org/is-bigint set size:undefined disposed:false
5104 http fetch GET 200 https://registry.npmjs.org/is-boolean-object 52ms (cache miss)
5105 silly packumentCache full:https://registry.npmjs.org/is-boolean-object set size:undefined disposed:false
5106 silly placeDep ROOT unicode-canonical-property-names-ecmascript@2.0.1 OK for: unicode-match-property-ecmascript@2.0.0 want: ^2.0.0
5107 silly placeDep ROOT unicode-property-aliases-ecmascript@2.1.0 OK for: unicode-match-property-ecmascript@2.0.0 want: ^2.0.0
5108 silly placeDep ROOT escalade@3.2.0 OK for: update-browserslist-db@1.1.3 want: ^3.2.0
5109 silly placeDep ROOT punycode@2.3.1 OK for: uri-js@4.4.1 want: ^2.1.0
5110 silly placeDep ROOT makeerror@1.0.12 OK for: walker@1.0.8 want: 1.0.12
5111 silly fetch manifest tmpl@1.0.5
5112 silly packumentCache full:https://registry.npmjs.org/tmpl cache-miss
5113 http fetch GET 200 https://registry.npmjs.org/tmpl 52ms (cache miss)
5114 silly packumentCache full:https://registry.npmjs.org/tmpl set size:undefined disposed:false
5115 silly placeDep ROOT tmpl@1.0.5 OK for: makeerror@1.0.12 want: 1.0.5
5116 silly placeDep ROOT defaults@1.0.4 OK for: wcwidth@1.0.1 want: ^1.0.3
5117 silly fetch manifest clone@^1.0.2
5118 silly packumentCache full:https://registry.npmjs.org/clone cache-miss
5119 http fetch GET 200 https://registry.npmjs.org/clone 36ms (cache miss)
5120 silly packumentCache full:https://registry.npmjs.org/clone set size:undefined disposed:false
5121 silly placeDep ROOT clone@1.0.4 OK for: defaults@1.0.4 want: ^1.0.2
5122 silly placeDep ROOT tr46@0.0.3 OK for: whatwg-url@5.0.0 want: ~0.0.3
5123 silly placeDep ROOT webidl-conversions@3.0.1 OK for: whatwg-url@5.0.0 want: ^3.0.0
5124 silly placeDep node_modules/whatwg-url-without-unicode webidl-conversions@5.0.0 OK for: whatwg-url-without-unicode@8.0.0-3 want: ^5.0.0
5125 silly placeDep ROOT isexe@2.0.0 OK for: which@2.0.2 want: ^2.0.0
5126 silly placeDep ROOT is-bigint@1.1.0 OK for: which-boxed-primitive@1.1.1 want: ^1.1.0
5127 silly placeDep ROOT is-boolean-object@1.2.2 OK for: which-boxed-primitive@1.1.1 want: ^1.2.1
5128 silly placeDep ROOT is-number-object@1.1.1 OK for: which-boxed-primitive@1.1.1 want: ^1.1.1
5129 silly placeDep ROOT is-async-function@2.1.1 OK for: which-builtin-type@1.2.1 want: ^2.0.0
5130 silly placeDep ROOT is-finalizationregistry@1.1.1 OK for: which-builtin-type@1.2.1 want: ^1.1.0
5131 silly placeDep ROOT is-generator-function@1.1.0 OK for: which-builtin-type@1.2.1 want: ^1.0.10
5132 silly placeDep ROOT which-collection@1.0.2 OK for: which-builtin-type@1.2.1 want: ^1.0.2
5133 silly fetch manifest async-function@^1.0.0
5134 silly packumentCache full:https://registry.npmjs.org/async-function cache-miss
5135 silly fetch manifest is-map@^2.0.3
5136 silly packumentCache full:https://registry.npmjs.org/is-map cache-miss
5137 silly fetch manifest is-weakmap@^2.0.2
5138 silly packumentCache full:https://registry.npmjs.org/is-weakmap cache-miss
5139 silly fetch manifest is-weakset@^2.0.3
5140 silly packumentCache full:https://registry.npmjs.org/is-weakset cache-miss
5141 http fetch GET 200 https://registry.npmjs.org/is-weakmap 38ms (cache miss)
5142 silly packumentCache full:https://registry.npmjs.org/is-weakmap set size:undefined disposed:false
5143 http fetch GET 200 https://registry.npmjs.org/is-weakset 58ms (cache miss)
5144 silly packumentCache full:https://registry.npmjs.org/is-weakset set size:undefined disposed:false
5145 http fetch GET 200 https://registry.npmjs.org/async-function 66ms (cache miss)
5146 silly packumentCache full:https://registry.npmjs.org/async-function set size:undefined disposed:false
5147 http fetch GET 200 https://registry.npmjs.org/is-map 73ms (cache miss)
5148 silly packumentCache full:https://registry.npmjs.org/is-map set size:undefined disposed:false
5149 silly placeDep ROOT async-function@1.0.0 OK for: is-async-function@2.1.1 want: ^1.0.0
5150 silly placeDep ROOT is-map@2.0.3 OK for: which-collection@1.0.2 want: ^2.0.3
5151 silly placeDep ROOT is-weakmap@2.0.2 OK for: which-collection@1.0.2 want: ^2.0.2
5152 silly placeDep ROOT is-weakset@2.0.4 OK for: which-collection@1.0.2 want: ^2.0.3
5153 silly placeDep ROOT async-limiter@1.0.1 OK for: ws@6.2.3 want: ~1.0.0
5154 silly placeDep ROOT cliui@8.0.1 OK for: yargs@17.7.2 want: ^8.0.1
5155 silly placeDep ROOT get-caller-file@2.0.5 OK for: yargs@17.7.2 want: ^2.0.5
5156 silly placeDep ROOT require-directory@2.1.1 OK for: yargs@17.7.2 want: ^2.1.1
5157 silly placeDep ROOT string-width@4.2.3 OK for: yargs@17.7.2 want: ^4.2.3
5158 silly placeDep ROOT y18n@5.0.8 OK for: yargs@17.7.2 want: ^5.0.5
5159 silly placeDep ROOT yargs-parser@21.1.1 OK for: yargs@17.7.2 want: ^21.1.1
5160 silly fetch manifest wrap-ansi@^7.0.0
5161 silly packumentCache full:https://registry.npmjs.org/wrap-ansi cache-miss
5162 silly fetch manifest emoji-regex@^8.0.0
5163 silly packumentCache full:https://registry.npmjs.org/emoji-regex cache-miss
5164 silly fetch manifest is-fullwidth-code-point@^3.0.0
5165 silly packumentCache full:https://registry.npmjs.org/is-fullwidth-code-point cache-miss
5166 http cache https://registry.npmjs.org/is-fullwidth-code-point 6ms (cache hit)
5167 silly packumentCache full:https://registry.npmjs.org/is-fullwidth-code-point set size:12553 disposed:false
5168 http fetch GET 200 https://registry.npmjs.org/wrap-ansi 44ms (cache miss)
5169 silly packumentCache full:https://registry.npmjs.org/wrap-ansi set size:undefined disposed:false
5170 http fetch GET 200 https://registry.npmjs.org/emoji-regex 53ms (cache miss)
5171 silly packumentCache full:https://registry.npmjs.org/emoji-regex set size:undefined disposed:false
5172 silly placeDep ROOT wrap-ansi@7.0.0 OK for: cliui@8.0.1 want: ^7.0.0
5173 silly placeDep ROOT emoji-regex@8.0.0 OK for: string-width@4.2.3 want: ^8.0.0
5174 silly placeDep node_modules/string-width is-fullwidth-code-point@3.0.0 OK for: string-width@4.2.3 want: ^3.0.0
5175 silly placeDep node_modules/@eslint/eslintrc brace-expansion@1.1.12 OK for: minimatch@3.1.2 want: ^1.1.7
5176 silly fetch manifest concat-map@0.0.1
5177 silly packumentCache full:https://registry.npmjs.org/concat-map cache-miss
5178 http fetch GET 200 https://registry.npmjs.org/concat-map 39ms (cache miss)
5179 silly packumentCache full:https://registry.npmjs.org/concat-map set size:undefined disposed:false
5180 silly placeDep ROOT concat-map@0.0.1 OK for: brace-expansion@1.1.12 want: 0.0.1
5181 silly placeDep node_modules/@humanwhocodes/config-array brace-expansion@1.1.12 OK for: minimatch@3.1.2 want: ^1.1.7
5182 silly placeDep node_modules/@istanbuljs/load-nyc-config locate-path@5.0.0 OK for: find-up@4.1.0 want: ^5.0.0
5183 silly fetch manifest p-locate@^4.1.0
5184 silly packumentCache full:https://registry.npmjs.org/p-locate cache-miss
5185 http cache https://registry.npmjs.org/p-locate 3ms (cache hit)
5186 silly packumentCache full:https://registry.npmjs.org/p-locate set size:20789 disposed:false
5187 silly placeDep node_modules/@istanbuljs/load-nyc-config argparse@1.0.10 OK for: js-yaml@3.14.1 want: ^1.0.7
5188 silly placeDep ROOT esprima@4.0.1 OK for: js-yaml@3.14.1 want: ^4.0.0
5189 silly fetch manifest sprintf-js@~1.0.2
5190 silly packumentCache full:https://registry.npmjs.org/sprintf-js cache-miss
5191 http fetch GET 200 https://registry.npmjs.org/sprintf-js 59ms (cache miss)
5192 silly packumentCache full:https://registry.npmjs.org/sprintf-js set size:undefined disposed:false
5193 silly placeDep ROOT sprintf-js@1.0.3 OK for: argparse@1.0.10 want: ~1.0.2
5194 silly placeDep node_modules/@istanbuljs/load-nyc-config p-locate@4.1.0 OK for: locate-path@5.0.0 want: ^4.1.0
5195 silly fetch manifest p-limit@^2.2.0
5196 silly packumentCache full:https://registry.npmjs.org/p-limit cache-miss
5197 http cache https://registry.npmjs.org/p-limit 3ms (cache hit)
5198 silly packumentCache full:https://registry.npmjs.org/p-limit set size:54613 disposed:false
5199 silly placeDep node_modules/@istanbuljs/load-nyc-config p-limit@2.3.0 OK for: p-locate@4.1.0 want: ^2.2.0
5200 silly fetch manifest p-try@^2.0.0
5201 silly packumentCache full:https://registry.npmjs.org/p-try cache-miss
5202 http fetch GET 200 https://registry.npmjs.org/p-try 49ms (cache miss)
5203 silly packumentCache full:https://registry.npmjs.org/p-try set size:undefined disposed:false
5204 silly placeDep ROOT p-try@2.2.0 OK for: p-limit@2.3.0 want: ^2.0.0
5205 silly placeDep node_modules/@react-native-community/cli-config-android semver@7.7.2 OK for: @react-native-community/cli-tools@18.0.0 want: ^7.5.2
5206 silly placeDep node_modules/@react-native-community/cli-doctor @react-native-community/cli-config-android@20.0.1 OK for: @react-native-community/cli-platform-android@20.0.1 want: 20.0.1
5207 silly placeDep node_modules/@react-native-community/cli-platform-android semver@7.7.2 OK for: @react-native-community/cli-tools@18.0.0 want: ^7.5.2
5208 silly placeDep node_modules/@react-native-community/cli-platform-ios @react-native-community/cli-config-apple@18.0.0 OK for: @react-native-community/cli-platform-apple@18.0.0 want: 18.0.0
5209 silly placeDep node_modules/@react-native-community/cli-platform-ios @react-native-community/cli-tools@18.0.0 OK for: @react-native-community/cli-platform-apple@18.0.0 want: 18.0.0
5210 silly placeDep node_modules/@react-native-community/cli-platform-ios semver@7.7.2 OK for: @react-native-community/cli-tools@18.0.0 want: ^7.5.2
5211 silly placeDep ROOT is-docker@2.2.1 OK for: open@7.4.2 want: ^2.0.0
5212 silly placeDep node_modules/@react-native/dev-middleware is-wsl@2.2.0 OK for: open@7.4.2 want: ^2.1.1
5213 silly placeDep ROOT @jest/get-type@30.0.1 OK for: jest-matcher-utils@30.0.5 want: 30.0.1
5214 silly placeDep node_modules/@testing-library/react-native jest-diff@30.0.5 OK for: jest-matcher-utils@30.0.5 want: 30.0.5
5215 silly fetch manifest @jest/diff-sequences@30.0.1
5216 silly packumentCache full:https://registry.npmjs.org/@jest%2fdiff-sequences cache-miss
5217 http fetch GET 200 https://registry.npmjs.org/@jest%2fdiff-sequences 55ms (cache miss)
5218 silly packumentCache full:https://registry.npmjs.org/@jest%2fdiff-sequences set size:undefined disposed:false
5219 silly placeDep ROOT @jest/diff-sequences@30.0.1 OK for: jest-diff@30.0.5 want: 30.0.1
5220 silly placeDep node_modules/@testing-library/react-native @jest/schemas@30.0.5 OK for: pretty-format@30.0.5 want: 30.0.5
5221 silly placeDep node_modules/@testing-library/react-native ansi-styles@5.2.0 OK for: pretty-format@30.0.5 want: ^5.2.0
5222 silly placeDep node_modules/@testing-library/react-native react-is@18.3.1 OK for: pretty-format@30.0.5 want: ^18.3.1
5223 silly fetch manifest @sinclair/typebox@^0.34.0
5224 silly packumentCache full:https://registry.npmjs.org/@sinclair%2ftypebox cache-miss
5225 http cache https://registry.npmjs.org/@sinclair%2ftypebox 3ms (cache hit)
5226 silly packumentCache full:https://registry.npmjs.org/@sinclair%2ftypebox set size:1190983 disposed:false
5227 silly placeDep node_modules/@testing-library/react-native @sinclair/typebox@0.34.40 OK for: @jest/schemas@30.0.5 want: ^0.34.0
5228 silly placeDep node_modules/ansi-fragments ansi-regex@4.1.1 OK for: strip-ansi@5.2.0 want: ^4.1.0
5229 silly placeDep node_modules/body-parser ms@2.0.0 OK for: debug@2.6.9 want: 2.0.0
5230 silly placeDep node_modules/compression ms@2.0.0 OK for: debug@2.6.9 want: 2.0.0
5231 silly placeDep node_modules/connect ms@2.0.0 OK for: debug@2.6.9 want: 2.0.0
5232 silly placeDep ROOT @types/json-schema@7.0.15 OK for: @typescript-eslint/utils@5.62.0 want: ^7.0.9
5233 silly placeDep ROOT @types/semver@7.7.0 OK for: @typescript-eslint/utils@5.62.0 want: ^7.3.12
5234 silly placeDep node_modules/eslint-plugin-jest @typescript-eslint/scope-manager@5.62.0 OK for: @typescript-eslint/utils@5.62.0 want: 5.62.0
5235 silly placeDep node_modules/eslint-plugin-jest @typescript-eslint/types@5.62.0 OK for: @typescript-eslint/utils@5.62.0 want: 5.62.0
5236 silly placeDep node_modules/eslint-plugin-jest @typescript-eslint/typescript-estree@5.62.0 OK for: @typescript-eslint/utils@5.62.0 want: 5.62.0
5237 silly placeDep node_modules/eslint-plugin-jest semver@7.7.2 OK for: @typescript-eslint/utils@5.62.0 want: ^7.3.7
5238 silly fetch manifest @typescript-eslint/visitor-keys@5.62.0
5239 silly packumentCache full:https://registry.npmjs.org/@typescript-eslint%2fvisitor-keys cache-miss
5240 silly fetch manifest tsutils@^3.21.0
5241 silly packumentCache full:https://registry.npmjs.org/tsutils cache-miss
5242 silly fetch manifest @typescript-eslint/visitor-keys@5.62.0
5243 silly packumentCache full:https://registry.npmjs.org/@typescript-eslint%2fvisitor-keys cache-miss
5244 http cache https://registry.npmjs.org/@typescript-eslint%2fvisitor-keys 18ms (cache hit)
5245 silly packumentCache full:https://registry.npmjs.org/@typescript-eslint%2fvisitor-keys set size:10882043 disposed:false
5246 http cache https://registry.npmjs.org/@typescript-eslint%2fvisitor-keys 59ms (cache hit)
5247 silly packumentCache full:https://registry.npmjs.org/@typescript-eslint%2fvisitor-keys set size:10882043 disposed:false
5248 http fetch GET 200 https://registry.npmjs.org/tsutils 121ms (cache miss)
5249 silly packumentCache full:https://registry.npmjs.org/tsutils set size:undefined disposed:false
5250 silly placeDep node_modules/eslint-plugin-jest @typescript-eslint/visitor-keys@5.62.0 OK for: @typescript-eslint/scope-manager@5.62.0 want: 5.62.0
5251 silly fetch manifest eslint-visitor-keys@^3.3.0
5252 silly packumentCache full:https://registry.npmjs.org/eslint-visitor-keys cache-hit
5253 silly fetch manifest typescript@>=2.8.0 || >= 3.2.0-dev || >= 3.3.0-dev || >= 3.4.0-dev || >= 3.5.0-dev || >= 3.6.0-dev || >= 3.6.0-beta || >= 3.7.0-dev || >= 3.7.0-beta
5254 silly packumentCache full:https://registry.npmjs.org/typescript cache-miss
5255 http cache https://registry.npmjs.org/typescript 16ms (cache hit)
5256 silly packumentCache full:https://registry.npmjs.org/typescript set size:14590075 disposed:false
5257 silly placeDep ROOT tsutils@3.21.0 OK for: @typescript-eslint/typescript-estree@5.62.0 want: ^3.21.0
5258 silly fetch manifest tslib@^1.8.1
5259 silly packumentCache full:https://registry.npmjs.org/tslib cache-miss
5260 http fetch GET 200 https://registry.npmjs.org/tslib 52ms (cache miss)
5261 silly packumentCache full:https://registry.npmjs.org/tslib set size:undefined disposed:false
5262 silly placeDep ROOT tslib@1.14.1 OK for: tsutils@3.21.0 want: ^1.8.1
5263 silly placeDep node_modules/eslint-plugin-jest eslint-visitor-keys@3.4.3 OK for: @typescript-eslint/visitor-keys@5.62.0 want: ^3.3.0
5264 silly placeDep node_modules/eslint-plugin-react brace-expansion@1.1.12 OK for: minimatch@3.1.2 want: ^1.1.7
5265 silly placeDep node_modules/eslint brace-expansion@1.1.12 OK for: minimatch@3.1.2 want: ^1.1.7
5266 silly placeDep node_modules/finalhandler ms@2.0.0 OK for: debug@2.6.9 want: 2.0.0
5267 silly placeDep node_modules/glob brace-expansion@1.1.12 OK for: minimatch@3.1.2 want: ^1.1.7
5268 silly placeDep node_modules/lighthouse-logger ms@2.0.0 OK for: debug@2.6.9 want: 2.0.0
5269 silly placeDep node_modules/logkitty cliui@6.0.0 OK for: yargs@15.4.1 want: ^6.0.0
5270 silly placeDep ROOT decamelize@1.2.0 OK for: yargs@15.4.1 want: ^1.2.0
5271 silly placeDep node_modules/logkitty find-up@4.1.0 OK for: yargs@15.4.1 want: ^4.1.0
5272 silly placeDep ROOT require-main-filename@2.0.0 OK for: yargs@15.4.1 want: ^2.0.0
5273 silly placeDep ROOT set-blocking@2.0.0 OK for: yargs@15.4.1 want: ^2.0.0
5274 silly placeDep ROOT which-module@2.0.1 OK for: yargs@15.4.1 want: ^2.0.0
5275 silly placeDep node_modules/logkitty y18n@4.0.3 OK for: yargs@15.4.1 want: ^4.0.0
5276 silly placeDep node_modules/logkitty yargs-parser@18.1.3 OK for: yargs@15.4.1 want: ^18.1.2
5277 silly fetch manifest wrap-ansi@^6.2.0
5278 silly packumentCache full:https://registry.npmjs.org/wrap-ansi cache-miss
5279 http cache https://registry.npmjs.org/wrap-ansi 3ms (cache hit)
5280 silly packumentCache full:https://registry.npmjs.org/wrap-ansi set size:51143 disposed:false
5281 silly placeDep node_modules/logkitty wrap-ansi@6.2.0 OK for: cliui@6.0.0 want: ^6.2.0
5282 silly placeDep node_modules/logkitty locate-path@5.0.0 OK for: find-up@4.1.0 want: ^5.0.0
5283 silly placeDep node_modules/logkitty p-locate@4.1.0 OK for: locate-path@5.0.0 want: ^4.1.0
5284 silly placeDep node_modules/logkitty p-limit@2.3.0 OK for: p-locate@4.1.0 want: ^2.2.0
5285 silly placeDep node_modules/metro-babel-transformer hermes-estree@0.29.1 OK for: hermes-parser@0.29.1 want: 0.29.1
5286 silly placeDep node_modules/metro-cache agent-base@7.1.4 OK for: https-proxy-agent@7.0.6 want: ^7.1.2
5287 silly placeDep node_modules/metro-config import-fresh@2.0.0 OK for: cosmiconfig@5.2.1 want: ^2.0.0
5288 silly placeDep ROOT is-directory@0.3.1 OK for: cosmiconfig@5.2.1 want: ^0.3.1
5289 silly placeDep node_modules/metro-config js-yaml@3.14.1 OK for: cosmiconfig@5.2.1 want: ^3.13.1
5290 silly placeDep node_modules/metro-config parse-json@4.0.0 OK for: cosmiconfig@5.2.1 want: ^4.0.0
5291 silly fetch manifest caller-path@^2.0.0
5292 silly packumentCache full:https://registry.npmjs.org/caller-path cache-miss
5293 silly fetch manifest resolve-from@^3.0.0
5294 silly packumentCache full:https://registry.npmjs.org/resolve-from cache-hit
5295 silly fetch manifest json-parse-better-errors@^1.0.1
5296 silly packumentCache full:https://registry.npmjs.org/json-parse-better-errors cache-miss
5297 http fetch GET 200 https://registry.npmjs.org/json-parse-better-errors 40ms (cache miss)
5298 silly packumentCache full:https://registry.npmjs.org/json-parse-better-errors set size:undefined disposed:false
5299 http fetch GET 200 https://registry.npmjs.org/caller-path 67ms (cache miss)
5300 silly packumentCache full:https://registry.npmjs.org/caller-path set size:undefined disposed:false
5301 silly placeDep ROOT caller-path@2.0.0 OK for: import-fresh@2.0.0 want: ^2.0.0
5302 silly placeDep node_modules/metro-config resolve-from@3.0.0 OK for: import-fresh@2.0.0 want: ^3.0.0
5303 silly fetch manifest caller-callsite@^2.0.0
5304 silly packumentCache full:https://registry.npmjs.org/caller-callsite cache-miss
5305 http fetch GET 200 https://registry.npmjs.org/caller-callsite 48ms (cache miss)
5306 silly packumentCache full:https://registry.npmjs.org/caller-callsite set size:undefined disposed:false
5307 silly placeDep ROOT caller-callsite@2.0.0 OK for: caller-path@2.0.0 want: ^2.0.0
5308 silly fetch manifest callsites@^2.0.0
5309 silly packumentCache full:https://registry.npmjs.org/callsites cache-miss
5310 http cache https://registry.npmjs.org/callsites 3ms (cache hit)
5311 silly packumentCache full:https://registry.npmjs.org/callsites set size:21349 disposed:false
5312 silly placeDep node_modules/caller-callsite callsites@2.0.0 OK for: caller-callsite@2.0.0 want: ^2.0.0
5313 silly placeDep node_modules/metro-config argparse@1.0.10 OK for: js-yaml@3.14.1 want: ^1.0.7
5314 silly placeDep ROOT json-parse-better-errors@1.0.2 OK for: parse-json@4.0.0 want: ^1.0.1
5315 silly placeDep node_modules/metro hermes-estree@0.29.1 OK for: hermes-parser@0.29.1 want: 0.29.1
5316 silly placeDep node_modules/pkg-dir locate-path@5.0.0 OK for: find-up@4.1.0 want: ^5.0.0
5317 silly placeDep node_modules/pkg-dir p-locate@4.1.0 OK for: locate-path@5.0.0 want: ^4.1.0
5318 silly placeDep node_modules/pkg-dir p-limit@2.3.0 OK for: p-locate@4.1.0 want: ^2.2.0
5319 silly placeDep node_modules/react-native hermes-parser@0.28.1 OK for: @react-native/codegen@0.80.0 want: 0.28.1
5320 silly fetch manifest hermes-estree@0.28.1
5321 silly packumentCache full:https://registry.npmjs.org/hermes-estree cache-hit
5322 silly placeDep node_modules/react-native hermes-estree@0.28.1 OK for: hermes-parser@0.28.1 want: 0.28.1
5323 silly placeDep node_modules/send/node_modules/debug ms@2.0.0 OK for: debug@2.6.9 want: 2.0.0
5324 silly placeDep node_modules/slice-ansi color-convert@1.9.3 OK for: ansi-styles@3.2.1 want: ^1.9.0
5325 silly fetch manifest color-name@1.1.3
5326 silly packumentCache full:https://registry.npmjs.org/color-name cache-hit
5327 silly placeDep node_modules/slice-ansi color-name@1.1.3 OK for: color-convert@1.9.3 want: 1.1.3
5328 silly placeDep node_modules/test-exclude brace-expansion@1.1.12 OK for: minimatch@3.1.2 want: ^1.1.7
5329 silly reify moves {}
5330 verbose reify failed optional dependency /Users/bytedance/Desktop/workspace/poker_tracker/fe_poker/node_modules/@sentry/cli-win32-x64
5331 silly reify mark deleted [
5331 silly reify   '/Users/bytedance/Desktop/workspace/poker_tracker/fe_poker/node_modules/@sentry/cli-win32-x64'
5331 silly reify ]
5332 verbose reify failed optional dependency /Users/bytedance/Desktop/workspace/poker_tracker/fe_poker/node_modules/@sentry/cli-win32-i686
5333 silly reify mark deleted [
5333 silly reify   '/Users/bytedance/Desktop/workspace/poker_tracker/fe_poker/node_modules/@sentry/cli-win32-i686'
5333 silly reify ]
5334 verbose reify failed optional dependency /Users/bytedance/Desktop/workspace/poker_tracker/fe_poker/node_modules/@sentry/cli-win32-arm64
5335 silly reify mark deleted [
5335 silly reify   '/Users/bytedance/Desktop/workspace/poker_tracker/fe_poker/node_modules/@sentry/cli-win32-arm64'
5335 silly reify ]
5336 verbose reify failed optional dependency /Users/bytedance/Desktop/workspace/poker_tracker/fe_poker/node_modules/@sentry/cli-linux-x64
5337 silly reify mark deleted [
5337 silly reify   '/Users/bytedance/Desktop/workspace/poker_tracker/fe_poker/node_modules/@sentry/cli-linux-x64'
5337 silly reify ]
5338 verbose reify failed optional dependency /Users/bytedance/Desktop/workspace/poker_tracker/fe_poker/node_modules/@sentry/cli-linux-i686
5339 silly reify mark deleted [
5339 silly reify   '/Users/bytedance/Desktop/workspace/poker_tracker/fe_poker/node_modules/@sentry/cli-linux-i686'
5339 silly reify ]
5340 verbose reify failed optional dependency /Users/bytedance/Desktop/workspace/poker_tracker/fe_poker/node_modules/@sentry/cli-linux-arm64
5341 silly reify mark deleted [
5341 silly reify   '/Users/bytedance/Desktop/workspace/poker_tracker/fe_poker/node_modules/@sentry/cli-linux-arm64'
5341 silly reify ]
5342 verbose reify failed optional dependency /Users/bytedance/Desktop/workspace/poker_tracker/fe_poker/node_modules/@sentry/cli-linux-arm
5343 silly reify mark deleted [
5343 silly reify   '/Users/bytedance/Desktop/workspace/poker_tracker/fe_poker/node_modules/@sentry/cli-linux-arm'
5343 silly reify ]
5344 http cache caller-path@https://registry.npmjs.org/caller-path/-/caller-path-2.0.0.tgz 0ms (cache hit)
5345 http cache caller-callsite@https://registry.npmjs.org/caller-callsite/-/caller-callsite-2.0.0.tgz 0ms (cache hit)
5346 http cache which-module@https://registry.npmjs.org/which-module/-/which-module-2.0.1.tgz 0ms (cache hit)
5347 http cache set-blocking@https://registry.npmjs.org/set-blocking/-/set-blocking-2.0.0.tgz 0ms (cache hit)
5348 http cache is-directory@https://registry.npmjs.org/is-directory/-/is-directory-0.3.1.tgz 0ms (cache hit)
5349 http cache require-main-filename@https://registry.npmjs.org/require-main-filename/-/require-main-filename-2.0.0.tgz 0ms (cache hit)
5350 http cache decamelize@https://registry.npmjs.org/decamelize/-/decamelize-1.2.0.tgz 0ms (cache hit)
5351 http cache @types/semver@https://registry.npmjs.org/@types/semver/-/semver-7.7.0.tgz 0ms (cache hit)
5352 http cache tslib@https://registry.npmjs.org/tslib/-/tslib-1.14.1.tgz 0ms (cache hit)
5353 http cache tsutils@https://registry.npmjs.org/tsutils/-/tsutils-3.21.0.tgz 0ms (cache hit)
5354 http cache @jest/diff-sequences@https://registry.npmjs.org/@jest/diff-sequences/-/diff-sequences-30.0.1.tgz 0ms (cache hit)
5355 http cache @jest/get-type@https://registry.npmjs.org/@jest/get-type/-/get-type-30.0.1.tgz 0ms (cache hit)
5356 http cache json-parse-better-errors@https://registry.npmjs.org/json-parse-better-errors/-/json-parse-better-errors-1.0.2.tgz 0ms (cache hit)
5357 http cache @types/json-schema@https://registry.npmjs.org/@types/json-schema/-/json-schema-7.0.15.tgz 0ms (cache hit)
5358 http cache is-docker@https://registry.npmjs.org/is-docker/-/is-docker-2.2.1.tgz 0ms (cache hit)
5359 http cache esprima@https://registry.npmjs.org/esprima/-/esprima-4.0.1.tgz 0ms (cache hit)
5360 http cache sprintf-js@https://registry.npmjs.org/sprintf-js/-/sprintf-js-1.0.3.tgz 0ms (cache hit)
5361 http cache p-try@https://registry.npmjs.org/p-try/-/p-try-2.2.0.tgz 0ms (cache hit)
5362 http cache wrap-ansi@https://registry.npmjs.org/wrap-ansi/-/wrap-ansi-7.0.0.tgz 0ms (cache hit)
5363 http cache yargs-parser@https://registry.npmjs.org/yargs-parser/-/yargs-parser-21.1.1.tgz 0ms (cache hit)
5364 http cache string-width@https://registry.npmjs.org/string-width/-/string-width-4.2.3.tgz 0ms (cache hit)
5365 http cache emoji-regex@https://registry.npmjs.org/emoji-regex/-/emoji-regex-8.0.0.tgz 0ms (cache hit)
5366 http cache require-directory@https://registry.npmjs.org/require-directory/-/require-directory-2.1.1.tgz 0ms (cache hit)
5367 http cache concat-map@https://registry.npmjs.org/concat-map/-/concat-map-0.0.1.tgz 0ms (cache hit)
5368 http cache get-caller-file@https://registry.npmjs.org/get-caller-file/-/get-caller-file-2.0.5.tgz 0ms (cache hit)
5369 http cache y18n@https://registry.npmjs.org/y18n/-/y18n-5.0.8.tgz 0ms (cache hit)
5370 http cache async-limiter@https://registry.npmjs.org/async-limiter/-/async-limiter-1.0.1.tgz 0ms (cache hit)
5371 http cache cliui@https://registry.npmjs.org/cliui/-/cliui-8.0.1.tgz 0ms (cache hit)
5372 http cache is-weakmap@https://registry.npmjs.org/is-weakmap/-/is-weakmap-2.0.2.tgz 0ms (cache hit)
5373 http cache is-map@https://registry.npmjs.org/is-map/-/is-map-2.0.3.tgz 0ms (cache hit)
5374 http cache is-weakset@https://registry.npmjs.org/is-weakset/-/is-weakset-2.0.4.tgz 0ms (cache hit)
5375 http cache async-function@https://registry.npmjs.org/async-function/-/async-function-1.0.0.tgz 0ms (cache hit)
5376 http cache which-collection@https://registry.npmjs.org/which-collection/-/which-collection-1.0.2.tgz 0ms (cache hit)
5377 http cache is-finalizationregistry@https://registry.npmjs.org/is-finalizationregistry/-/is-finalizationregistry-1.1.1.tgz 0ms (cache hit)
5378 http cache is-generator-function@https://registry.npmjs.org/is-generator-function/-/is-generator-function-1.1.0.tgz 0ms (cache hit)
5379 http cache is-number-object@https://registry.npmjs.org/is-number-object/-/is-number-object-1.1.1.tgz 0ms (cache hit)
5380 http cache is-boolean-object@https://registry.npmjs.org/is-boolean-object/-/is-boolean-object-1.2.2.tgz 0ms (cache hit)
5381 http cache is-bigint@https://registry.npmjs.org/is-bigint/-/is-bigint-1.1.0.tgz 0ms (cache hit)
5382 http cache isexe@https://registry.npmjs.org/isexe/-/isexe-2.0.0.tgz 0ms (cache hit)
5383 http cache webidl-conversions@https://registry.npmjs.org/webidl-conversions/-/webidl-conversions-3.0.1.tgz 0ms (cache hit)
5384 http cache is-async-function@https://registry.npmjs.org/is-async-function/-/is-async-function-2.1.1.tgz 0ms (cache hit)
5385 http cache clone@https://registry.npmjs.org/clone/-/clone-1.0.4.tgz 0ms (cache hit)
5386 http cache defaults@https://registry.npmjs.org/defaults/-/defaults-1.0.4.tgz 0ms (cache hit)
5387 http cache tr46@https://registry.npmjs.org/tr46/-/tr46-0.0.3.tgz 0ms (cache hit)
5388 http cache tmpl@https://registry.npmjs.org/tmpl/-/tmpl-1.0.5.tgz 0ms (cache hit)
5389 http cache punycode@https://registry.npmjs.org/punycode/-/punycode-2.3.1.tgz 0ms (cache hit)
5390 http cache makeerror@https://registry.npmjs.org/makeerror/-/makeerror-1.0.12.tgz 0ms (cache hit)
5391 http cache escalade@https://registry.npmjs.org/escalade/-/escalade-3.2.0.tgz 0ms (cache hit)
5392 http cache unicode-property-aliases-ecmascript@https://registry.npmjs.org/unicode-property-aliases-ecmascript/-/unicode-property-aliases-ecmascript-2.1.0.tgz 0ms (cache hit)
5393 http cache which-boxed-primitive@https://registry.npmjs.org/which-boxed-primitive/-/which-boxed-primitive-1.1.1.tgz 1ms (cache hit)
5394 http cache has-bigints@https://registry.npmjs.org/has-bigints/-/has-bigints-1.1.0.tgz 0ms (cache hit)
5395 http cache unicode-canonical-property-names-ecmascript@https://registry.npmjs.org/unicode-canonical-property-names-ecmascript/-/unicode-canonical-property-names-ecmascript-2.0.1.tgz 0ms (cache hit)
5396 http cache which-builtin-type@https://registry.npmjs.org/which-builtin-type/-/which-builtin-type-1.2.1.tgz 0ms (cache hit)
5397 http cache for-each@https://registry.npmjs.org/for-each/-/for-each-0.3.5.tgz 0ms (cache hit)
5398 http cache media-typer@https://registry.npmjs.org/media-typer/-/media-typer-0.3.0.tgz 0ms (cache hit)
5399 http cache is-number@https://registry.npmjs.org/is-number/-/is-number-7.0.0.tgz 0ms (cache hit)
5400 http cache @jridgewell/source-map@https://registry.npmjs.org/@jridgewell/source-map/-/source-map-0.3.11.tgz 0ms (cache hit)
5401 http cache min-indent@https://registry.npmjs.org/min-indent/-/min-indent-1.0.1.tgz 0ms (cache hit)
5402 http cache char-regex@https://registry.npmjs.org/char-regex/-/char-regex-1.0.2.tgz 0ms (cache hit)
5403 http cache has-flag@https://registry.npmjs.org/has-flag/-/has-flag-4.0.0.tgz 0ms (cache hit)
5404 http cache buffer-from@https://registry.npmjs.org/buffer-from/-/buffer-from-1.1.2.tgz 0ms (cache hit)
5405 http cache astral-regex@https://registry.npmjs.org/astral-regex/-/astral-regex-1.0.0.tgz 0ms (cache hit)
5406 http cache side-channel-weakmap@https://registry.npmjs.org/side-channel-weakmap/-/side-channel-weakmap-1.0.2.tgz 0ms (cache hit)
5407 http cache side-channel-list@https://registry.npmjs.org/side-channel-list/-/side-channel-list-1.0.0.tgz 0ms (cache hit)
5408 http cache reflect.getprototypeof@https://registry.npmjs.org/reflect.getprototypeof/-/reflect.getprototypeof-1.0.10.tgz 0ms (cache hit)
5409 http cache side-channel-map@https://registry.npmjs.org/side-channel-map/-/side-channel-map-1.0.1.tgz 0ms (cache hit)
5410 http cache shebang-regex@https://registry.npmjs.org/shebang-regex/-/shebang-regex-3.0.0.tgz 0ms (cache hit)
5411 http cache range-parser@https://registry.npmjs.org/range-parser/-/range-parser-1.2.1.tgz 0ms (cache hit)
5412 http cache isarray@https://registry.npmjs.org/isarray/-/isarray-2.0.5.tgz 0ms (cache hit)
5413 http cache queue-microtask@https://registry.npmjs.org/queue-microtask/-/queue-microtask-1.2.3.tgz 0ms (cache hit)
5414 http cache etag@https://registry.npmjs.org/etag/-/etag-1.8.1.tgz 0ms (cache hit)
5415 http cache supports-preserve-symlinks-flag@https://registry.npmjs.org/supports-preserve-symlinks-flag/-/supports-preserve-symlinks-flag-1.0.0.tgz 0ms (cache hit)
5416 http cache fresh@https://registry.npmjs.org/fresh/-/fresh-0.5.2.tgz 0ms (cache hit)
5417 http cache send@https://registry.npmjs.org/send/-/send-0.19.0.tgz 0ms (cache hit)
5418 http cache is-core-module@https://registry.npmjs.org/is-core-module/-/is-core-module-2.16.1.tgz 0ms (cache hit)
5419 http cache path-parse@https://registry.npmjs.org/path-parse/-/path-parse-1.0.7.tgz 0ms (cache hit)
5420 http cache unicode-match-property-value-ecmascript@https://registry.npmjs.org/unicode-match-property-value-ecmascript/-/unicode-match-property-value-ecmascript-2.2.0.tgz 0ms (cache hit)
5421 http cache is-fullwidth-code-point@https://registry.npmjs.org/is-fullwidth-code-point/-/is-fullwidth-code-point-2.0.0.tgz 0ms (cache hit)
5422 http cache regjsparser@https://registry.npmjs.org/regjsparser/-/regjsparser-0.12.0.tgz 0ms (cache hit)
5423 http cache unicode-match-property-ecmascript@https://registry.npmjs.org/unicode-match-property-ecmascript/-/unicode-match-property-ecmascript-2.0.0.tgz 0ms (cache hit)
5424 http cache regjsgen@https://registry.npmjs.org/regjsgen/-/regjsgen-0.8.0.tgz 0ms (cache hit)
5425 http cache regenerate@https://registry.npmjs.org/regenerate/-/regenerate-1.4.2.tgz 0ms (cache hit)
5426 http cache util-deprecate@https://registry.npmjs.org/util-deprecate/-/util-deprecate-1.0.2.tgz 0ms (cache hit)
5427 http cache string_decoder@https://registry.npmjs.org/string_decoder/-/string_decoder-1.3.0.tgz 0ms (cache hit)
5428 http cache warn-once@https://registry.npmjs.org/warn-once/-/warn-once-0.1.1.tgz 0ms (cache hit)
5429 http cache indent-string@https://registry.npmjs.org/indent-string/-/indent-string-4.0.0.tgz 0ms (cache hit)
5430 http cache react-native-is-edge-to-edge@https://registry.npmjs.org/react-native-is-edge-to-edge/-/react-native-is-edge-to-edge-1.2.1.tgz 0ms (cache hit)
5431 http cache regenerate-unicode-properties@https://registry.npmjs.org/regenerate-unicode-properties/-/regenerate-unicode-properties-10.2.0.tgz 0ms (cache hit)
5432 http cache strip-indent@https://registry.npmjs.org/strip-indent/-/strip-indent-3.0.0.tgz 0ms (cache hit)
5433 http cache whatwg-url-without-unicode@https://registry.npmjs.org/whatwg-url-without-unicode/-/whatwg-url-without-unicode-8.0.0-3.tgz 0ms (cache hit)
5434 http cache react-freeze@https://registry.npmjs.org/react-freeze/-/react-freeze-1.0.4.tgz 0ms (cache hit)
5435 http cache @types/hammerjs@https://registry.npmjs.org/@types/hammerjs/-/hammerjs-2.0.46.tgz 0ms (cache hit)
5436 http cache @revenuecat/purchases-typescript-internal@https://registry.npmjs.org/@revenuecat/purchases-typescript-internal/-/purchases-typescript-internal-14.2.0.tgz 0ms (cache hit)
5437 http cache mkdirp@https://registry.npmjs.org/mkdirp/-/mkdirp-1.0.4.tgz 0ms (cache hit)
5438 http cache marky@https://registry.npmjs.org/marky/-/marky-1.3.0.tgz 0ms (cache hit)
5439 http cache @egjs/hammerjs@https://registry.npmjs.org/@egjs/hammerjs/-/hammerjs-2.0.17.tgz 0ms (cache hit)
5440 http cache lighthouse-logger@https://registry.npmjs.org/lighthouse-logger/-/lighthouse-logger-1.4.2.tgz 0ms (cache hit)
5441 http cache event-target-shim@https://registry.npmjs.org/event-target-shim/-/event-target-shim-5.0.1.tgz 0ms (cache hit)
5442 http cache asap@https://registry.npmjs.org/asap/-/asap-2.0.6.tgz 0ms (cache hit)
5443 http cache chromium-edge-launcher@https://registry.npmjs.org/chromium-edge-launcher/-/chromium-edge-launcher-0.2.0.tgz 0ms (cache hit)
5444 http cache chrome-launcher@https://registry.npmjs.org/chrome-launcher/-/chrome-launcher-0.15.2.tgz 0ms (cache hit)
5445 http cache @isaacs/ttlcache@https://registry.npmjs.org/@isaacs/ttlcache/-/ttlcache-1.4.1.tgz 0ms (cache hit)
5446 http cache @react-native/debugger-frontend@https://registry.npmjs.org/@react-native/debugger-frontend/-/debugger-frontend-0.80.0.tgz 0ms (cache hit)
5447 http cache whatwg-fetch@https://registry.npmjs.org/whatwg-fetch/-/whatwg-fetch-3.6.20.tgz 0ms (cache hit)
5448 http cache @react-native/dev-middleware@https://registry.npmjs.org/@react-native/dev-middleware/-/dev-middleware-0.80.0.tgz 0ms (cache hit)
5449 http cache scheduler@https://registry.npmjs.org/scheduler/-/scheduler-0.26.0.tgz 0ms (cache hit)
5450 http cache regenerator-runtime@https://registry.npmjs.org/regenerator-runtime/-/regenerator-runtime-0.13.11.tgz 0ms (cache hit)
5451 http cache stacktrace-parser@https://registry.npmjs.org/stacktrace-parser/-/stacktrace-parser-0.1.11.tgz 0ms (cache hit)
5452 http cache promise@https://registry.npmjs.org/promise/-/promise-8.3.0.tgz 0ms (cache hit)
5453 http cache ansi-regex@https://registry.npmjs.org/ansi-regex/-/ansi-regex-5.0.1.tgz 0ms (cache hit)
5454 http cache react-devtools-core@https://registry.npmjs.org/react-devtools-core/-/react-devtools-core-6.1.5.tgz 0ms (cache hit)
5455 http cache anser@https://registry.npmjs.org/anser/-/anser-1.4.10.tgz 0ms (cache hit)
5456 http cache memoize-one@https://registry.npmjs.org/memoize-one/-/memoize-one-5.2.1.tgz 0ms (cache hit)
5457 http cache abort-controller@https://registry.npmjs.org/abort-controller/-/abort-controller-3.0.0.tgz 0ms (cache hit)
5458 http cache @react-native/normalize-colors@https://registry.npmjs.org/@react-native/normalize-colors/-/normalize-colors-0.80.0.tgz 0ms (cache hit)
5459 http cache @react-native/community-cli-plugin@https://registry.npmjs.org/@react-native/community-cli-plugin/-/community-cli-plugin-0.80.0.tgz 0ms (cache hit)
5460 http cache @react-native/virtualized-lists@https://registry.npmjs.org/@react-native/virtualized-lists/-/virtualized-lists-0.80.0.tgz 0ms (cache hit)
5461 http cache @react-native/assets-registry@https://registry.npmjs.org/@react-native/assets-registry/-/assets-registry-0.80.0.tgz 0ms (cache hit)
5462 http cache strict-uri-encode@https://registry.npmjs.org/strict-uri-encode/-/strict-uri-encode-2.0.0.tgz 0ms (cache hit)
5463 http cache @react-native/gradle-plugin@https://registry.npmjs.org/@react-native/gradle-plugin/-/gradle-plugin-0.80.0.tgz 0ms (cache hit)
5464 http cache filter-obj@https://registry.npmjs.org/filter-obj/-/filter-obj-1.1.0.tgz 0ms (cache hit)
5465 http cache decode-uri-component@https://registry.npmjs.org/decode-uri-component/-/decode-uri-component-0.2.2.tgz 0ms (cache hit)
5466 http cache object-assign@https://registry.npmjs.org/object-assign/-/object-assign-4.1.1.tgz 0ms (cache hit)
5467 http cache @jest/create-cache-key-function@https://registry.npmjs.org/@jest/create-cache-key-function/-/create-cache-key-function-29.7.0.tgz 0ms (cache hit)
5468 http cache sisteransi@https://registry.npmjs.org/sisteransi/-/sisteransi-1.0.5.tgz 0ms (cache hit)
5469 http cache split-on-first@https://registry.npmjs.org/split-on-first/-/split-on-first-1.1.0.tgz 0ms (cache hit)
5470 http cache is-arrayish@https://registry.npmjs.org/is-arrayish/-/is-arrayish-0.2.1.tgz 0ms (cache hit)
5471 http cache kleur@https://registry.npmjs.org/kleur/-/kleur-3.0.3.tgz 0ms (cache hit)
5472 http cache json-parse-even-better-errors@https://registry.npmjs.org/json-parse-even-better-errors/-/json-parse-even-better-errors-2.3.1.tgz 0ms (cache hit)
5473 http cache lines-and-columns@https://registry.npmjs.org/lines-and-columns/-/lines-and-columns-1.2.4.tgz 0ms (cache hit)
5474 http cache error-ex@https://registry.npmjs.org/error-ex/-/error-ex-1.3.2.tgz 0ms (cache hit)
5475 http cache yocto-queue@https://registry.npmjs.org/yocto-queue/-/yocto-queue-0.1.0.tgz 0ms (cache hit)
5476 http cache base64-js@https://registry.npmjs.org/base64-js/-/base64-js-1.5.1.tgz 0ms (cache hit)
5477 http cache ieee754@https://registry.npmjs.org/ieee754/-/ieee754-1.2.1.tgz 0ms (cache hit)
5478 http cache restore-cursor@https://registry.npmjs.org/restore-cursor/-/restore-cursor-3.1.0.tgz 0ms (cache hit)
5479 http cache buffer@https://registry.npmjs.org/buffer/-/buffer-5.7.1.tgz 0ms (cache hit)
5480 http cache log-symbols@https://registry.npmjs.org/log-symbols/-/log-symbols-4.1.0.tgz 0ms (cache hit)
5481 http cache readable-stream@https://registry.npmjs.org/readable-stream/-/readable-stream-3.6.2.tgz 0ms (cache hit)
5482 http cache is-unicode-supported@https://registry.npmjs.org/is-unicode-supported/-/is-unicode-supported-0.1.0.tgz 0ms (cache hit)
5483 http cache cli-cursor@https://registry.npmjs.org/cli-cursor/-/cli-cursor-3.1.0.tgz 0ms (cache hit)
5484 http cache bl@https://registry.npmjs.org/bl/-/bl-4.1.0.tgz 0ms (cache hit)
5485 http cache cli-spinners@https://registry.npmjs.org/cli-spinners/-/cli-spinners-2.9.2.tgz 0ms (cache hit)
5486 http cache is-interactive@https://registry.npmjs.org/is-interactive/-/is-interactive-1.0.0.tgz 0ms (cache hit)
5487 http cache is-wsl@https://registry.npmjs.org/is-wsl/-/is-wsl-1.1.0.tgz 0ms (cache hit)
5488 http cache word-wrap@https://registry.npmjs.org/word-wrap/-/word-wrap-1.2.5.tgz 0ms (cache hit)
5489 http cache mimic-fn@https://registry.npmjs.org/mimic-fn/-/mimic-fn-2.1.0.tgz 0ms (cache hit)
5490 http cache ee-first@https://registry.npmjs.org/ee-first/-/ee-first-1.1.1.tgz 0ms (cache hit)
5491 http cache balanced-match@https://registry.npmjs.org/balanced-match/-/balanced-match-1.0.2.tgz 0ms (cache hit)
5492 http cache deep-is@https://registry.npmjs.org/deep-is/-/deep-is-0.1.4.tgz 0ms (cache hit)
5493 http cache whatwg-url@https://registry.npmjs.org/whatwg-url/-/whatwg-url-5.0.0.tgz 0ms (cache hit)
5494 http cache fast-levenshtein@https://registry.npmjs.org/fast-levenshtein/-/fast-levenshtein-2.0.6.tgz 0ms (cache hit)
5495 http cache braces@https://registry.npmjs.org/braces/-/braces-3.0.3.tgz 0ms (cache hit)
5496 http cache fill-range@https://registry.npmjs.org/fill-range/-/fill-range-7.1.1.tgz 0ms (cache hit)
5497 http cache to-regex-range@https://registry.npmjs.org/to-regex-range/-/to-regex-range-5.0.1.tgz 0ms (cache hit)
5498 http cache terser@https://registry.npmjs.org/terser/-/terser-5.43.1.tgz 0ms (cache hit)
5499 http cache metro-minify-terser@https://registry.npmjs.org/metro-minify-terser/-/metro-minify-terser-0.82.5.tgz 0ms (cache hit)
5500 http cache @babel/traverse--for-generate-function-map@https://registry.npmjs.org/@babel/traverse/-/traverse-7.28.3.tgz 0ms (cache hit)
5501 http cache exponential-backoff@https://registry.npmjs.org/exponential-backoff/-/exponential-backoff-3.1.2.tgz 0ms (cache hit)
5502 http cache ob1@https://registry.npmjs.org/ob1/-/ob1-0.82.5.tgz 0ms (cache hit)
5503 http cache queue@https://registry.npmjs.org/queue/-/queue-6.0.2.tgz 0ms (cache hit)
5504 http cache stackframe@https://registry.npmjs.org/stackframe/-/stackframe-1.3.4.tgz 0ms (cache hit)
5505 http cache serialize-error@https://registry.npmjs.org/serialize-error/-/serialize-error-2.1.0.tgz 0ms (cache hit)
5506 http cache metro-transform-worker@https://registry.npmjs.org/metro-transform-worker/-/metro-transform-worker-0.82.5.tgz 0ms (cache hit)
5507 http cache brace-expansion@https://registry.npmjs.org/brace-expansion/-/brace-expansion-2.0.2.tgz 0ms (cache hit)
5508 http cache metro-transform-plugins@https://registry.npmjs.org/metro-transform-plugins/-/metro-transform-plugins-0.82.5.tgz 0ms (cache hit)
5509 http cache vlq@https://registry.npmjs.org/vlq/-/vlq-1.0.1.tgz 0ms (cache hit)
5510 http cache metro-symbolicate@https://registry.npmjs.org/metro-symbolicate/-/metro-symbolicate-0.82.5.tgz 0ms (cache hit)
5511 http cache throat@https://registry.npmjs.org/throat/-/throat-5.0.0.tgz 0ms (cache hit)
5512 http cache metro-resolver@https://registry.npmjs.org/metro-resolver/-/metro-resolver-0.82.5.tgz 0ms (cache hit)
5513 http cache metro-source-map@https://registry.npmjs.org/metro-source-map/-/metro-source-map-0.82.5.tgz 0ms (cache hit)
5514 http cache metro-cache-key@https://registry.npmjs.org/metro-cache-key/-/metro-cache-key-0.82.5.tgz 0ms (cache hit)
5515 http cache lodash.throttle@https://registry.npmjs.org/lodash.throttle/-/lodash.throttle-4.1.1.tgz 0ms (cache hit)
5516 http cache error-stack-parser@https://registry.npmjs.org/error-stack-parser/-/error-stack-parser-2.1.4.tgz 0ms (cache hit)
5517 http cache metro-core@https://registry.npmjs.org/metro-core/-/metro-core-0.82.5.tgz 0ms (cache hit)
5518 http cache jsc-safe-url@https://registry.npmjs.org/jsc-safe-url/-/jsc-safe-url-0.2.4.tgz 0ms (cache hit)
5519 http cache metro-file-map@https://registry.npmjs.org/metro-file-map/-/metro-file-map-0.82.5.tgz 0ms (cache hit)
5520 http cache metro-babel-transformer@https://registry.npmjs.org/metro-babel-transformer/-/metro-babel-transformer-0.82.5.tgz 0ms (cache hit)
5521 http cache yallist@https://registry.npmjs.org/yallist/-/yallist-3.1.1.tgz 0ms (cache hit)
5522 http cache metro-cache@https://registry.npmjs.org/metro-cache/-/metro-cache-0.82.5.tgz 0ms (cache hit)
5523 http cache is-plain-obj@https://registry.npmjs.org/is-plain-obj/-/is-plain-obj-2.1.0.tgz 0ms (cache hit)
5524 http cache flow-enums-runtime@https://registry.npmjs.org/flow-enums-runtime/-/flow-enums-runtime-0.0.6.tgz 0ms (cache hit)
5525 http cache ansi-fragments@https://registry.npmjs.org/ansi-fragments/-/ansi-fragments-0.2.1.tgz 0ms (cache hit)
5526 http cache colorette@https://registry.npmjs.org/colorette/-/colorette-1.4.0.tgz 0ms (cache hit)
5527 http cache slice-ansi@https://registry.npmjs.org/slice-ansi/-/slice-ansi-2.1.0.tgz 0ms (cache hit)
5528 http cache type-check@https://registry.npmjs.org/type-check/-/type-check-0.4.0.tgz 0ms (cache hit)
5529 http cache prelude-ls@https://registry.npmjs.org/prelude-ls/-/prelude-ls-1.2.1.tgz 0ms (cache hit)
5530 http cache dayjs@https://registry.npmjs.org/dayjs/-/dayjs-1.11.13.tgz 0ms (cache hit)
5531 http cache shell-quote@https://registry.npmjs.org/shell-quote/-/shell-quote-1.8.3.tgz 0ms (cache hit)
5532 http cache argparse@https://registry.npmjs.org/argparse/-/argparse-2.0.1.tgz 0ms (cache hit)
5533 http cache metro@https://registry.npmjs.org/metro/-/metro-0.82.5.tgz 0ms (cache hit)
5534 http cache image-size@https://registry.npmjs.org/image-size/-/image-size-1.2.1.tgz 0ms (cache hit)
5535 http cache json-buffer@https://registry.npmjs.org/json-buffer/-/json-buffer-3.0.1.tgz 0ms (cache hit)
5536 http cache @sideway/formula@https://registry.npmjs.org/@sideway/formula/-/formula-3.0.1.tgz 0ms (cache hit)
5537 http cache @sideway/address@https://registry.npmjs.org/@sideway/address/-/address-4.1.5.tgz 0ms (cache hit)
5538 http cache array.prototype.flat@https://registry.npmjs.org/array.prototype.flat/-/array.prototype.flat-1.3.3.tgz 0ms (cache hit)
5539 http cache @sideway/pinpoint@https://registry.npmjs.org/@sideway/pinpoint/-/pinpoint-2.0.0.tgz 0ms (cache hit)
5540 http cache @hapi/topo@https://registry.npmjs.org/@hapi/topo/-/topo-5.1.0.tgz 0ms (cache hit)
5541 http cache @hapi/hoek@https://registry.npmjs.org/@hapi/hoek/-/hoek-9.3.0.tgz 0ms (cache hit)
5542 http cache callsites@https://registry.npmjs.org/callsites/-/callsites-3.1.0.tgz 0ms (cache hit)
5543 http cache cjs-module-lexer@https://registry.npmjs.org/cjs-module-lexer/-/cjs-module-lexer-1.4.3.tgz 0ms (cache hit)
5544 http cache p-locate@https://registry.npmjs.org/p-locate/-/p-locate-5.0.0.tgz 0ms (cache hit)
5545 http cache @jest/source-map@https://registry.npmjs.org/@jest/source-map/-/source-map-29.6.3.tgz 0ms (cache hit)
5546 http cache strip-bom@https://registry.npmjs.org/strip-bom/-/strip-bom-4.0.0.tgz 0ms (cache hit)
5547 http cache @jest/globals@https://registry.npmjs.org/@jest/globals/-/globals-29.7.0.tgz 0ms (cache hit)
5548 http cache leven@https://registry.npmjs.org/leven/-/leven-3.1.0.tgz 0ms (cache hit)
5549 http cache detect-newline@https://registry.npmjs.org/detect-newline/-/detect-newline-3.1.0.tgz 0ms (cache hit)
5550 http cache emittery@https://registry.npmjs.org/emittery/-/emittery-0.13.1.tgz 0ms (cache hit)
5551 http cache source-map-support@https://registry.npmjs.org/source-map-support/-/source-map-support-0.5.13.tgz 0ms (cache hit)
5552 http cache resolve.exports@https://registry.npmjs.org/resolve.exports/-/resolve.exports-2.0.3.tgz 0ms (cache hit)
5553 http cache bser@https://registry.npmjs.org/bser/-/bser-2.1.1.tgz 0ms (cache hit)
5554 http cache @types/stack-utils@https://registry.npmjs.org/@types/stack-utils/-/stack-utils-2.0.3.tgz 0ms (cache hit)
5555 http cache node-int64@https://registry.npmjs.org/node-int64/-/node-int64-0.4.0.tgz 0ms (cache hit)
5556 http cache picomatch@https://registry.npmjs.org/picomatch/-/picomatch-2.3.1.tgz 0ms (cache hit)
5557 http cache jest-pnp-resolver@https://registry.npmjs.org/jest-pnp-resolver/-/jest-pnp-resolver-1.2.3.tgz 0ms (cache hit)
5558 http cache jest-docblock@https://registry.npmjs.org/jest-docblock/-/jest-docblock-29.7.0.tgz 0ms (cache hit)
5559 http cache walker@https://registry.npmjs.org/walker/-/walker-1.0.8.tgz 0ms (cache hit)
5560 http cache fb-watchman@https://registry.npmjs.org/fb-watchman/-/fb-watchman-2.0.2.tgz 0ms (cache hit)
5561 http cache normalize-path@https://registry.npmjs.org/normalize-path/-/normalize-path-3.0.0.tgz 0ms (cache hit)
5562 http cache anymatch@https://registry.npmjs.org/anymatch/-/anymatch-3.1.3.tgz 0ms (cache hit)
5563 http cache type-detect@https://registry.npmjs.org/type-detect/-/type-detect-4.0.8.tgz 0ms (cache hit)
5564 http cache fsevents@https://registry.npmjs.org/fsevents/-/fsevents-2.3.3.tgz 0ms (cache hit)
5565 http cache jest-leak-detector@https://registry.npmjs.org/jest-leak-detector/-/jest-leak-detector-29.7.0.tgz 0ms (cache hit)
5566 http cache diff-sequences@https://registry.npmjs.org/diff-sequences/-/diff-sequences-29.6.3.tgz 0ms (cache hit)
5567 http cache @types/graceful-fs@https://registry.npmjs.org/@types/graceful-fs/-/graceful-fs-4.1.9.tgz 0ms (cache hit)
5568 http cache jest-mock@https://registry.npmjs.org/jest-mock/-/jest-mock-29.7.0.tgz 0ms (cache hit)
5569 http cache @jest/fake-timers@https://registry.npmjs.org/@jest/fake-timers/-/fake-timers-29.7.0.tgz 0ms (cache hit)
5570 http cache @sinonjs/commons@https://registry.npmjs.org/@sinonjs/commons/-/commons-3.0.1.tgz 0ms (cache hit)
5571 http cache @sinonjs/fake-timers@https://registry.npmjs.org/@sinonjs/fake-timers/-/fake-timers-10.3.0.tgz 0ms (cache hit)
5572 http cache stack-utils@https://registry.npmjs.org/stack-utils/-/stack-utils-2.0.6.tgz 0ms (cache hit)
5573 http cache pure-rand@https://registry.npmjs.org/pure-rand/-/pure-rand-6.1.0.tgz 0ms (cache hit)
5574 http cache jest-each@https://registry.npmjs.org/jest-each/-/jest-each-29.7.0.tgz 0ms (cache hit)
5575 http cache is-generator-fn@https://registry.npmjs.org/is-generator-fn/-/is-generator-fn-2.1.0.tgz 0ms (cache hit)
5576 http cache @jest/expect@https://registry.npmjs.org/@jest/expect/-/expect-29.7.0.tgz 0ms (cache hit)
5577 http cache co@https://registry.npmjs.org/co/-/co-4.6.0.tgz 0ms (cache hit)
5578 http cache @jest/environment@https://registry.npmjs.org/@jest/environment/-/environment-29.7.0.tgz 0ms (cache hit)
5579 http cache @babel/plugin-syntax-object-rest-spread@https://registry.npmjs.org/@babel/plugin-syntax-object-rest-spread/-/plugin-syntax-object-rest-spread-7.8.3.tgz 0ms (cache hit)
5580 http cache @babel/plugin-syntax-optional-catch-binding@https://registry.npmjs.org/@babel/plugin-syntax-optional-catch-binding/-/plugin-syntax-optional-catch-binding-7.8.3.tgz 0ms (cache hit)
5581 http cache @babel/plugin-syntax-numeric-separator@https://registry.npmjs.org/@babel/plugin-syntax-numeric-separator/-/plugin-syntax-numeric-separator-7.10.4.tgz 0ms (cache hit)
5582 http cache @babel/plugin-syntax-private-property-in-object@https://registry.npmjs.org/@babel/plugin-syntax-private-property-in-object/-/plugin-syntax-private-property-in-object-7.14.5.tgz 0ms (cache hit)
5583 http cache @babel/plugin-syntax-logical-assignment-operators@https://registry.npmjs.org/@babel/plugin-syntax-logical-assignment-operators/-/plugin-syntax-logical-assignment-operators-7.10.4.tgz 0ms (cache hit)
5584 http cache @babel/plugin-syntax-json-strings@https://registry.npmjs.org/@babel/plugin-syntax-json-strings/-/plugin-syntax-json-strings-7.8.3.tgz 0ms (cache hit)
5585 http cache @babel/plugin-syntax-top-level-await@https://registry.npmjs.org/@babel/plugin-syntax-top-level-await/-/plugin-syntax-top-level-await-7.14.5.tgz 0ms (cache hit)
5586 http cache @babel/plugin-syntax-import-meta@https://registry.npmjs.org/@babel/plugin-syntax-import-meta/-/plugin-syntax-import-meta-7.10.4.tgz 0ms (cache hit)
5587 http cache @babel/plugin-syntax-class-static-block@https://registry.npmjs.org/@babel/plugin-syntax-class-static-block/-/plugin-syntax-class-static-block-7.14.5.tgz 0ms (cache hit)
5588 http cache @babel/plugin-syntax-class-properties@https://registry.npmjs.org/@babel/plugin-syntax-class-properties/-/plugin-syntax-class-properties-7.12.13.tgz 0ms (cache hit)
5589 http cache @babel/plugin-syntax-bigint@https://registry.npmjs.org/@babel/plugin-syntax-bigint/-/plugin-syntax-bigint-7.8.3.tgz 0ms (cache hit)
5590 http cache babel-preset-current-node-syntax@https://registry.npmjs.org/babel-preset-current-node-syntax/-/babel-preset-current-node-syntax-1.2.0.tgz 0ms (cache hit)
5591 http cache @types/babel__traverse@https://registry.npmjs.org/@types/babel__traverse/-/babel__traverse-7.28.0.tgz 0ms (cache hit)
5592 http cache @types/babel__core@https://registry.npmjs.org/@types/babel__core/-/babel__core-7.20.5.tgz 0ms (cache hit)
5593 http cache babel-preset-jest@https://registry.npmjs.org/babel-preset-jest/-/babel-preset-jest-29.6.3.tgz 0ms (cache hit)
5594 http cache @types/babel__generator@https://registry.npmjs.org/@types/babel__generator/-/babel__generator-7.27.0.tgz 0ms (cache hit)
5595 http cache @babel/plugin-syntax-async-generators@https://registry.npmjs.org/@babel/plugin-syntax-async-generators/-/plugin-syntax-async-generators-7.8.4.tgz 0ms (cache hit)
5596 http cache babel-plugin-jest-hoist@https://registry.npmjs.org/babel-plugin-jest-hoist/-/babel-plugin-jest-hoist-29.6.3.tgz 0ms (cache hit)
5597 http cache jest-environment-node@https://registry.npmjs.org/jest-environment-node/-/jest-environment-node-29.7.0.tgz 0ms (cache hit)
5598 http cache jest-circus@https://registry.npmjs.org/jest-circus/-/jest-circus-29.7.0.tgz 0ms (cache hit)
5599 http cache babel-jest@https://registry.npmjs.org/babel-jest/-/babel-jest-29.7.0.tgz 0ms (cache hit)
5600 http cache @jest/test-sequencer@https://registry.npmjs.org/@jest/test-sequencer/-/test-sequencer-29.7.0.tgz 0ms (cache hit)
5601 http cache p-limit@https://registry.npmjs.org/p-limit/-/p-limit-3.1.0.tgz 0ms (cache hit)
5602 http cache @types/babel__template@https://registry.npmjs.org/@types/babel__template/-/babel__template-7.4.4.tgz 0ms (cache hit)
5603 http cache create-jest@https://registry.npmjs.org/create-jest/-/create-jest-29.7.0.tgz 0ms (cache hit)
5604 http cache source-map@https://registry.npmjs.org/source-map/-/source-map-0.6.1.tgz 0ms (cache hit)
5605 http cache html-escaper@https://registry.npmjs.org/html-escaper/-/html-escaper-2.0.2.tgz 0ms (cache hit)
5606 http cache get-package-type@https://registry.npmjs.org/get-package-type/-/get-package-type-0.1.0.tgz 0ms (cache hit)
5607 http cache make-dir@https://registry.npmjs.org/make-dir/-/make-dir-4.0.0.tgz 0ms (cache hit)
5608 http cache resolve-cwd@https://registry.npmjs.org/resolve-cwd/-/resolve-cwd-3.0.0.tgz 0ms (cache hit)
5609 http cache camelcase@https://registry.npmjs.org/camelcase/-/camelcase-5.3.1.tgz 0ms (cache hit)
5610 http cache pkg-dir@https://registry.npmjs.org/pkg-dir/-/pkg-dir-4.2.0.tgz 0ms (cache hit)
5611 http cache @istanbuljs/load-nyc-config@https://registry.npmjs.org/@istanbuljs/load-nyc-config/-/load-nyc-config-1.1.0.tgz 0ms (cache hit)
5612 http cache test-exclude@https://registry.npmjs.org/test-exclude/-/test-exclude-6.0.0.tgz 0ms (cache hit)
5613 http cache @types/yargs-parser@https://registry.npmjs.org/@types/yargs-parser/-/yargs-parser-21.0.3.tgz 0ms (cache hit)
5614 http cache @istanbuljs/schema@https://registry.npmjs.org/@istanbuljs/schema/-/schema-0.1.3.tgz 0ms (cache hit)
5615 http cache @types/istanbul-lib-report@https://registry.npmjs.org/@types/istanbul-lib-report/-/istanbul-lib-report-3.0.3.tgz 0ms (cache hit)
5616 http cache undici-types@https://registry.npmjs.org/undici-types/-/undici-types-7.10.0.tgz 0ms (cache hit)
5617 http cache @jest/schemas@https://registry.npmjs.org/@jest/schemas/-/schemas-29.6.3.tgz 0ms (cache hit)
5618 http cache @sinclair/typebox@https://registry.npmjs.org/@sinclair/typebox/-/typebox-0.27.8.tgz 0ms (cache hit)
5619 http cache @types/istanbul-reports@https://registry.npmjs.org/@types/istanbul-reports/-/istanbul-reports-3.0.4.tgz 0ms (cache hit)
5620 http cache pirates@https://registry.npmjs.org/pirates/-/pirates-4.0.7.tgz 0ms (cache hit)
5621 http cache @types/yargs@https://registry.npmjs.org/@types/yargs/-/yargs-17.0.33.tgz 0ms (cache hit)
5622 http cache babel-plugin-istanbul@https://registry.npmjs.org/babel-plugin-istanbul/-/babel-plugin-istanbul-6.1.1.tgz 0ms (cache hit)
5623 http cache write-file-atomic@https://registry.npmjs.org/write-file-atomic/-/write-file-atomic-4.0.2.tgz 0ms (cache hit)
5624 http cache @types/istanbul-lib-coverage@https://registry.npmjs.org/@types/istanbul-lib-coverage/-/istanbul-lib-coverage-2.0.6.tgz 0ms (cache hit)
5625 http cache string-length@https://registry.npmjs.org/string-length/-/string-length-4.0.2.tgz 0ms (cache hit)
5626 http cache istanbul-lib-instrument@https://registry.npmjs.org/istanbul-lib-instrument/-/istanbul-lib-instrument-6.0.3.tgz 0ms (cache hit)
5627 http cache v8-to-istanbul@https://registry.npmjs.org/v8-to-istanbul/-/v8-to-istanbul-9.3.0.tgz 0ms (cache hit)
5628 http cache istanbul-lib-source-maps@https://registry.npmjs.org/istanbul-lib-source-maps/-/istanbul-lib-source-maps-4.0.1.tgz 0ms (cache hit)
5629 http cache istanbul-reports@https://registry.npmjs.org/istanbul-reports/-/istanbul-reports-3.2.0.tgz 0ms (cache hit)
5630 http cache istanbul-lib-report@https://registry.npmjs.org/istanbul-lib-report/-/istanbul-lib-report-3.0.1.tgz 0ms (cache hit)
5631 http cache dedent@https://registry.npmjs.org/dedent/-/dedent-1.6.0.tgz 0ms (cache hit)
5632 http cache istanbul-lib-coverage@https://registry.npmjs.org/istanbul-lib-coverage/-/istanbul-lib-coverage-3.2.2.tgz 0ms (cache hit)
5633 http cache jest-worker@https://registry.npmjs.org/jest-worker/-/jest-worker-29.7.0.tgz 0ms (cache hit)
5634 http cache jest-watcher@https://registry.npmjs.org/jest-watcher/-/jest-watcher-29.7.0.tgz 0ms (cache hit)
5635 http cache jest-snapshot@https://registry.npmjs.org/jest-snapshot/-/jest-snapshot-29.7.0.tgz 0ms (cache hit)
5636 http cache jest-runner@https://registry.npmjs.org/jest-runner/-/jest-runner-29.7.0.tgz 0ms (cache hit)
5637 http cache jest-validate@https://registry.npmjs.org/jest-validate/-/jest-validate-29.7.0.tgz 0ms (cache hit)
5638 http cache jest-runtime@https://registry.npmjs.org/jest-runtime/-/jest-runtime-29.7.0.tgz 0ms (cache hit)
5639 http cache @bcoe/v8-coverage@https://registry.npmjs.org/@bcoe/v8-coverage/-/v8-coverage-0.2.3.tgz 0ms (cache hit)
5640 http cache jest-regex-util@https://registry.npmjs.org/jest-regex-util/-/jest-regex-util-29.6.3.tgz 0ms (cache hit)
5641 http cache collect-v8-coverage@https://registry.npmjs.org/collect-v8-coverage/-/collect-v8-coverage-1.0.2.tgz 0ms (cache hit)
5642 http cache jest-resolve@https://registry.npmjs.org/jest-resolve/-/jest-resolve-29.7.0.tgz 0ms (cache hit)
5643 http cache jest-changed-files@https://registry.npmjs.org/jest-changed-files/-/jest-changed-files-29.7.0.tgz 0ms (cache hit)
5644 http cache jest-config@https://registry.npmjs.org/jest-config/-/jest-config-29.7.0.tgz 0ms (cache hit)
5645 http cache ci-info@https://registry.npmjs.org/ci-info/-/ci-info-3.9.0.tgz 0ms (cache hit)
5646 http cache exit@https://registry.npmjs.org/exit/-/exit-0.1.2.tgz 0ms (cache hit)
5647 http cache ansi-escapes@https://registry.npmjs.org/ansi-escapes/-/ansi-escapes-4.3.2.tgz 0ms (cache hit)
5648 http cache @jest/test-result@https://registry.npmjs.org/@jest/test-result/-/test-result-29.7.0.tgz 0ms (cache hit)
5649 http cache jest-haste-map@https://registry.npmjs.org/jest-haste-map/-/jest-haste-map-29.7.0.tgz 0ms (cache hit)
5650 http cache @types/node@https://registry.npmjs.org/@types/node/-/node-24.3.0.tgz 0ms (cache hit)
5651 http cache @jest/transform@https://registry.npmjs.org/@jest/transform/-/transform-29.7.0.tgz 0ms (cache hit)
5652 http cache @jest/reporters@https://registry.npmjs.org/@jest/reporters/-/reporters-29.7.0.tgz 0ms (cache hit)
5653 http cache jest-cli@https://registry.npmjs.org/jest-cli/-/jest-cli-29.7.0.tgz 0ms (cache hit)
5654 http cache @jest/types@https://registry.npmjs.org/@jest/types/-/types-29.6.3.tgz 0ms (cache hit)
5655 http cache @jest/core@https://registry.npmjs.org/@jest/core/-/core-29.7.0.tgz 0ms (cache hit)
5656 http cache loose-envify@https://registry.npmjs.org/loose-envify/-/loose-envify-1.4.0.tgz 0ms (cache hit)
5657 http cache import-local@https://registry.npmjs.org/import-local/-/import-local-3.2.0.tgz 0ms (cache hit)
5658 http cache jest-resolve-dependencies@https://registry.npmjs.org/jest-resolve-dependencies/-/jest-resolve-dependencies-29.7.0.tgz 0ms (cache hit)
5659 http cache side-channel@https://registry.npmjs.org/side-channel/-/side-channel-1.1.0.tgz 0ms (cache hit)
5660 http cache safer-buffer@https://registry.npmjs.org/safer-buffer/-/safer-buffer-2.1.2.tgz 0ms (cache hit)
5661 http cache parent-module@https://registry.npmjs.org/parent-module/-/parent-module-1.0.1.tgz 0ms (cache hit)
5662 http cache set-function-name@https://registry.npmjs.org/set-function-name/-/set-function-name-2.0.2.tgz 0ms (cache hit)
5663 http cache agent-base@https://registry.npmjs.org/agent-base/-/agent-base-6.0.2.tgz 0ms (cache hit)
5664 http cache @jest/console@https://registry.npmjs.org/@jest/console/-/console-29.7.0.tgz 0ms (cache hit)
5665 http cache wrappy@https://registry.npmjs.org/wrappy/-/wrappy-1.0.2.tgz 0ms (cache hit)
5666 http cache toidentifier@https://registry.npmjs.org/toidentifier/-/toidentifier-1.0.1.tgz 0ms (cache hit)
5667 http cache setprototypeof@https://registry.npmjs.org/setprototypeof/-/setprototypeof-1.2.0.tgz 0ms (cache hit)
5668 http cache hermes-estree@https://registry.npmjs.org/hermes-estree/-/hermes-estree-0.25.1.tgz 0ms (cache hit)
5669 http cache slash@https://registry.npmjs.org/slash/-/slash-3.0.0.tgz 0ms (cache hit)
5670 http cache path-type@https://registry.npmjs.org/path-type/-/path-type-4.0.0.tgz 0ms (cache hit)
5671 http cache array-union@https://registry.npmjs.org/array-union/-/array-union-2.1.0.tgz 0ms (cache hit)
5672 http cache dir-glob@https://registry.npmjs.org/dir-glob/-/dir-glob-3.0.1.tgz 0ms (cache hit)
5673 http cache type-fest@https://registry.npmjs.org/type-fest/-/type-fest-0.20.2.tgz 0ms (cache hit)
5674 http cache path-is-absolute@https://registry.npmjs.org/path-is-absolute/-/path-is-absolute-1.0.1.tgz 0ms (cache hit)
5675 http cache is-extglob@https://registry.npmjs.org/is-extglob/-/is-extglob-2.1.1.tgz 0ms (cache hit)
5676 http cache inherits@https://registry.npmjs.org/inherits/-/inherits-2.0.4.tgz 0ms (cache hit)
5677 http cache fs.realpath@https://registry.npmjs.org/fs.realpath/-/fs.realpath-1.0.0.tgz 0ms (cache hit)
5678 http cache dunder-proto@https://registry.npmjs.org/dunder-proto/-/dunder-proto-1.0.1.tgz 0ms (cache hit)
5679 http cache inflight@https://registry.npmjs.org/inflight/-/inflight-1.0.6.tgz 0ms (cache hit)
5680 http cache once@https://registry.npmjs.org/once/-/once-1.4.0.tgz 0ms (cache hit)
5681 http cache universalify@https://registry.npmjs.org/universalify/-/universalify-0.1.2.tgz 0ms (cache hit)
5682 http cache resolve-from@https://registry.npmjs.org/resolve-from/-/resolve-from-4.0.0.tgz 0ms (cache hit)
5683 http cache rimraf@https://registry.npmjs.org/rimraf/-/rimraf-3.0.2.tgz 0ms (cache hit)
5684 http cache functions-have-names@https://registry.npmjs.org/functions-have-names/-/functions-have-names-1.2.3.tgz 0ms (cache hit)
5685 http cache flatted@https://registry.npmjs.org/flatted/-/flatted-3.3.3.tgz 0ms (cache hit)
5686 http cache locate-path@https://registry.npmjs.org/locate-path/-/locate-path-6.0.0.tgz 0ms (cache hit)
5687 http cache jsonfile@https://registry.npmjs.org/jsonfile/-/jsonfile-4.0.0.tgz 0ms (cache hit)
5688 http cache path-exists@https://registry.npmjs.org/path-exists/-/path-exists-4.0.0.tgz 0ms (cache hit)
5689 http cache keyv@https://registry.npmjs.org/keyv/-/keyv-4.5.4.tgz 0ms (cache hit)
5690 http cache encodeurl@https://registry.npmjs.org/encodeurl/-/encodeurl-1.0.2.tgz 0ms (cache hit)
5691 http cache statuses@https://registry.npmjs.org/statuses/-/statuses-1.5.0.tgz 0ms (cache hit)
5692 http cache flat-cache@https://registry.npmjs.org/flat-cache/-/flat-cache-3.2.0.tgz 0ms (cache hit)
5693 http cache reusify@https://registry.npmjs.org/reusify/-/reusify-1.1.0.tgz 0ms (cache hit)
5694 http cache strnum@https://registry.npmjs.org/strnum/-/strnum-1.1.2.tgz 0ms (cache hit)
5695 http cache jest-get-type@https://registry.npmjs.org/jest-get-type/-/jest-get-type-29.6.3.tgz 0ms (cache hit)
5696 http cache merge2@https://registry.npmjs.org/merge2/-/merge2-1.4.1.tgz 0ms (cache hit)
5697 http cache jest-util@https://registry.npmjs.org/jest-util/-/jest-util-29.7.0.tgz 0ms (cache hit)
5698 http cache strip-final-newline@https://registry.npmjs.org/strip-final-newline/-/strip-final-newline-2.0.0.tgz 0ms (cache hit)
5699 http cache signal-exit@https://registry.npmjs.org/signal-exit/-/signal-exit-3.0.7.tgz 0ms (cache hit)
5700 http cache @jest/expect-utils@https://registry.npmjs.org/@jest/expect-utils/-/expect-utils-29.7.0.tgz 0ms (cache hit)
5701 http cache onetime@https://registry.npmjs.org/onetime/-/onetime-5.1.2.tgz 0ms (cache hit)
5702 http cache merge-stream@https://registry.npmjs.org/merge-stream/-/merge-stream-2.0.0.tgz 0ms (cache hit)
5703 http cache human-signals@https://registry.npmjs.org/human-signals/-/human-signals-2.1.0.tgz 0ms (cache hit)
5704 http cache micromatch@https://registry.npmjs.org/micromatch/-/micromatch-4.0.8.tgz 0ms (cache hit)
5705 http cache get-stream@https://registry.npmjs.org/get-stream/-/get-stream-6.0.1.tgz 0ms (cache hit)
5706 http cache jest-message-util@https://registry.npmjs.org/jest-message-util/-/jest-message-util-29.7.0.tgz 0ms (cache hit)
5707 http cache is-stream@https://registry.npmjs.org/is-stream/-/is-stream-2.0.1.tgz 0ms (cache hit)
5708 http cache esrecurse@https://registry.npmjs.org/esrecurse/-/esrecurse-4.3.0.tgz 0ms (cache hit)
5709 http cache acorn@https://registry.npmjs.org/acorn/-/acorn-8.15.0.tgz 0ms (cache hit)
5710 http cache acorn-jsx@https://registry.npmjs.org/acorn-jsx/-/acorn-jsx-5.3.2.tgz 0ms (cache hit)
5711 http cache npm-run-path@https://registry.npmjs.org/npm-run-path/-/npm-run-path-4.0.1.tgz 0ms (cache hit)
5712 http cache is-symbol@https://registry.npmjs.org/is-symbol/-/is-symbol-1.1.1.tgz 0ms (cache hit)
5713 http cache has-tostringtag@https://registry.npmjs.org/has-tostringtag/-/has-tostringtag-1.0.2.tgz 0ms (cache hit)
5714 http cache iterator.prototype@https://registry.npmjs.org/iterator.prototype/-/iterator.prototype-1.1.5.tgz 0ms (cache hit)
5715 http cache which-typed-array@https://registry.npmjs.org/which-typed-array/-/which-typed-array-1.1.19.tgz 0ms (cache hit)
5716 http cache possible-typed-array-names@https://registry.npmjs.org/possible-typed-array-names/-/possible-typed-array-names-1.1.0.tgz 0ms (cache hit)
5717 http cache is-date-object@https://registry.npmjs.org/is-date-object/-/is-date-object-1.1.0.tgz 0ms (cache hit)
5718 http cache typed-array-length@https://registry.npmjs.org/typed-array-length/-/typed-array-length-1.0.7.tgz 0ms (cache hit)
5719 http cache unbox-primitive@https://registry.npmjs.org/unbox-primitive/-/unbox-primitive-1.1.0.tgz 0ms (cache hit)
5720 http cache eslint-plugin-react-native-globals@https://registry.npmjs.org/eslint-plugin-react-native-globals/-/eslint-plugin-react-native-globals-0.1.2.tgz 0ms (cache hit)
5721 http cache typed-array-byte-length@https://registry.npmjs.org/typed-array-byte-length/-/typed-array-byte-length-1.0.3.tgz 0ms (cache hit)
5722 http cache string.prototype.trimstart@https://registry.npmjs.org/string.prototype.trimstart/-/string.prototype.trimstart-1.0.8.tgz 0ms (cache hit)
5723 http cache typed-array-byte-offset@https://registry.npmjs.org/typed-array-byte-offset/-/typed-array-byte-offset-1.0.4.tgz 0ms (cache hit)
5724 http cache string.prototype.trim@https://registry.npmjs.org/string.prototype.trim/-/string.prototype.trim-1.2.10.tgz 0ms (cache hit)
5725 http cache set-proto@https://registry.npmjs.org/set-proto/-/set-proto-1.0.0.tgz 0ms (cache hit)
5726 http cache stop-iteration-iterator@https://registry.npmjs.org/stop-iteration-iterator/-/stop-iteration-iterator-1.1.0.tgz 0ms (cache hit)
5727 http cache string.prototype.trimend@https://registry.npmjs.org/string.prototype.trimend/-/string.prototype.trimend-1.0.9.tgz 0ms (cache hit)
5728 http cache safe-array-concat@https://registry.npmjs.org/safe-array-concat/-/safe-array-concat-1.1.3.tgz 0ms (cache hit)
5729 http cache regexp.prototype.flags@https://registry.npmjs.org/regexp.prototype.flags/-/regexp.prototype.flags-1.5.4.tgz 0ms (cache hit)
5730 http cache safe-push-apply@https://registry.npmjs.org/safe-push-apply/-/safe-push-apply-1.0.0.tgz 0ms (cache hit)
5731 http cache safe-regex-test@https://registry.npmjs.org/safe-regex-test/-/safe-regex-test-1.1.0.tgz 0ms (cache hit)
5732 http cache object-inspect@https://registry.npmjs.org/object-inspect/-/object-inspect-1.13.4.tgz 0ms (cache hit)
5733 http cache object.assign@https://registry.npmjs.org/object.assign/-/object.assign-4.1.7.tgz 0ms (cache hit)
5734 http cache is-typed-array@https://registry.npmjs.org/is-typed-array/-/is-typed-array-1.1.15.tgz 0ms (cache hit)
5735 http cache typed-array-buffer@https://registry.npmjs.org/typed-array-buffer/-/typed-array-buffer-1.0.3.tgz 0ms (cache hit)
5736 http cache is-shared-array-buffer@https://registry.npmjs.org/is-shared-array-buffer/-/is-shared-array-buffer-1.0.4.tgz 0ms (cache hit)
5737 http cache is-regex@https://registry.npmjs.org/is-regex/-/is-regex-1.2.1.tgz 0ms (cache hit)
5738 http cache is-negative-zero@https://registry.npmjs.org/is-negative-zero/-/is-negative-zero-2.0.3.tgz 0ms (cache hit)
5739 http cache is-weakref@https://registry.npmjs.org/is-weakref/-/is-weakref-1.1.1.tgz 0ms (cache hit)
5740 http cache is-set@https://registry.npmjs.org/is-set/-/is-set-2.0.3.tgz 0ms (cache hit)
5741 http cache is-data-view@https://registry.npmjs.org/is-data-view/-/is-data-view-1.0.2.tgz 0ms (cache hit)
5742 http cache is-callable@https://registry.npmjs.org/is-callable/-/is-callable-1.2.7.tgz 0ms (cache hit)
5743 http cache internal-slot@https://registry.npmjs.org/internal-slot/-/internal-slot-1.1.0.tgz 0ms (cache hit)
5744 http cache own-keys@https://registry.npmjs.org/own-keys/-/own-keys-1.0.1.tgz 0ms (cache hit)
5745 http cache has-proto@https://registry.npmjs.org/has-proto/-/has-proto-1.2.0.tgz 0ms (cache hit)
5746 http cache get-symbol-description@https://registry.npmjs.org/get-symbol-description/-/get-symbol-description-1.1.0.tgz 0ms (cache hit)
5747 http cache es-to-primitive@https://registry.npmjs.org/es-to-primitive/-/es-to-primitive-1.3.0.tgz 0ms (cache hit)
5748 http cache get-proto@https://registry.npmjs.org/get-proto/-/get-proto-1.0.1.tgz 0ms (cache hit)
5749 http cache globalthis@https://registry.npmjs.org/globalthis/-/globalthis-1.0.4.tgz 0ms (cache hit)
5750 http cache has-symbols@https://registry.npmjs.org/has-symbols/-/has-symbols-1.1.0.tgz 0ms (cache hit)
5751 http cache data-view-byte-offset@https://registry.npmjs.org/data-view-byte-offset/-/data-view-byte-offset-1.0.1.tgz 0ms (cache hit)
5752 http cache function.prototype.name@https://registry.npmjs.org/function.prototype.name/-/function.prototype.name-1.1.8.tgz 0ms (cache hit)
5753 http cache es-set-tostringtag@https://registry.npmjs.org/es-set-tostringtag/-/es-set-tostringtag-2.1.0.tgz 0ms (cache hit)
5754 http cache data-view-byte-length@https://registry.npmjs.org/data-view-byte-length/-/data-view-byte-length-1.0.2.tgz 0ms (cache hit)
5755 http cache data-view-buffer@https://registry.npmjs.org/data-view-buffer/-/data-view-buffer-1.0.2.tgz 0ms (cache hit)
5756 http cache is-array-buffer@https://registry.npmjs.org/is-array-buffer/-/is-array-buffer-3.0.5.tgz 0ms (cache hit)
5757 http cache available-typed-arrays@https://registry.npmjs.org/available-typed-arrays/-/available-typed-arrays-1.0.7.tgz 0ms (cache hit)
5758 http cache arraybuffer.prototype.slice@https://registry.npmjs.org/arraybuffer.prototype.slice/-/arraybuffer.prototype.slice-1.0.4.tgz 0ms (cache hit)
5759 http cache array-buffer-byte-length@https://registry.npmjs.org/array-buffer-byte-length/-/array-buffer-byte-length-1.0.2.tgz 0ms (cache hit)
5760 http cache has-property-descriptors@https://registry.npmjs.org/has-property-descriptors/-/has-property-descriptors-1.0.2.tgz 0ms (cache hit)
5761 http cache object-keys@https://registry.npmjs.org/object-keys/-/object-keys-1.1.1.tgz 0ms (cache hit)
5762 http cache define-data-property@https://registry.npmjs.org/define-data-property/-/define-data-property-1.1.4.tgz 0ms (cache hit)
5763 http cache function-bind@https://registry.npmjs.org/function-bind/-/function-bind-1.1.2.tgz 0ms (cache hit)
5764 http cache set-function-length@https://registry.npmjs.org/set-function-length/-/set-function-length-1.2.2.tgz 0ms (cache hit)
5765 http cache es-define-property@https://registry.npmjs.org/es-define-property/-/es-define-property-1.0.1.tgz 0ms (cache hit)
5766 http cache gopd@https://registry.npmjs.org/gopd/-/gopd-1.2.0.tgz 0ms (cache hit)
5767 http cache call-bind-apply-helpers@https://registry.npmjs.org/call-bind-apply-helpers/-/call-bind-apply-helpers-1.0.2.tgz 0ms (cache hit)
5768 http cache es-shim-unscopables@https://registry.npmjs.org/es-shim-unscopables/-/es-shim-unscopables-1.1.0.tgz 0ms (cache hit)
5769 http cache es-errors@https://registry.npmjs.org/es-errors/-/es-errors-1.3.0.tgz 0ms (cache hit)
5770 http cache math-intrinsics@https://registry.npmjs.org/math-intrinsics/-/math-intrinsics-1.1.0.tgz 0ms (cache hit)
5771 http cache is-string@https://registry.npmjs.org/is-string/-/is-string-1.1.1.tgz 0ms (cache hit)
5772 http cache es-object-atoms@https://registry.npmjs.org/es-object-atoms/-/es-object-atoms-1.1.1.tgz 0ms (cache hit)
5773 http cache get-intrinsic@https://registry.npmjs.org/get-intrinsic/-/get-intrinsic-1.3.0.tgz 0ms (cache hit)
5774 http cache es-abstract@https://registry.npmjs.org/es-abstract/-/es-abstract-1.24.0.tgz 0ms (cache hit)
5775 http cache call-bind@https://registry.npmjs.org/call-bind/-/call-bind-1.0.8.tgz 0ms (cache hit)
5776 http cache string.prototype.matchall@https://registry.npmjs.org/string.prototype.matchall/-/string.prototype.matchall-4.0.12.tgz 0ms (cache hit)
5777 http cache define-properties@https://registry.npmjs.org/define-properties/-/define-properties-1.2.1.tgz 0ms (cache hit)
5778 http cache string.prototype.repeat@https://registry.npmjs.org/string.prototype.repeat/-/string.prototype.repeat-1.0.0.tgz 0ms (cache hit)
5779 http cache object.values@https://registry.npmjs.org/object.values/-/object.values-1.2.1.tgz 0ms (cache hit)
5780 http cache jsx-ast-utils@https://registry.npmjs.org/jsx-ast-utils/-/jsx-ast-utils-3.3.5.tgz 0ms (cache hit)
5781 http cache es-iterator-helpers@https://registry.npmjs.org/es-iterator-helpers/-/es-iterator-helpers-1.2.1.tgz 0ms (cache hit)
5782 http cache prop-types@https://registry.npmjs.org/prop-types/-/prop-types-15.8.1.tgz 0ms (cache hit)
5783 http cache call-bound@https://registry.npmjs.org/call-bound/-/call-bound-1.0.4.tgz 0ms (cache hit)
5784 http cache object.entries@https://registry.npmjs.org/object.entries/-/object.entries-1.1.9.tgz 0ms (cache hit)
5785 http cache hasown@https://registry.npmjs.org/hasown/-/hasown-2.0.2.tgz 0ms (cache hit)
5786 http cache array.prototype.tosorted@https://registry.npmjs.org/array.prototype.tosorted/-/array.prototype.tosorted-1.1.4.tgz 0ms (cache hit)
5787 http cache array.prototype.flatmap@https://registry.npmjs.org/array.prototype.flatmap/-/array.prototype.flatmap-1.3.3.tgz 0ms (cache hit)
5788 http cache array.prototype.findlast@https://registry.npmjs.org/array.prototype.findlast/-/array.prototype.findlast-1.2.5.tgz 0ms (cache hit)
5789 http cache object.fromentries@https://registry.npmjs.org/object.fromentries/-/object.fromentries-2.0.8.tgz 0ms (cache hit)
5790 http cache array-includes@https://registry.npmjs.org/array-includes/-/array-includes-3.1.9.tgz 0ms (cache hit)
5791 http cache estraverse@https://registry.npmjs.org/estraverse/-/estraverse-5.3.0.tgz 0ms (cache hit)
5792 http cache string-natural-compare@https://registry.npmjs.org/string-natural-compare/-/string-natural-compare-3.0.1.tgz 0ms (cache hit)
5793 http cache path-key@https://registry.npmjs.org/path-key/-/path-key-3.1.1.tgz 0ms (cache hit)
5794 http cache shebang-command@https://registry.npmjs.org/shebang-command/-/shebang-command-2.0.0.tgz 0ms (cache hit)
5795 http cache uri-js@https://registry.npmjs.org/uri-js/-/uri-js-4.4.1.tgz 0ms (cache hit)
5796 http cache json-schema-traverse@https://registry.npmjs.org/json-schema-traverse/-/json-schema-traverse-0.4.1.tgz 0ms (cache hit)
5797 http cache fast-json-stable-stringify@https://registry.npmjs.org/fast-json-stable-stringify/-/fast-json-stable-stringify-2.1.0.tgz 0ms (cache hit)
5798 http cache lodash@https://registry.npmjs.org/lodash/-/lodash-4.17.21.tgz 0ms (cache hit)
5799 http cache @nodelib/fs.scandir@https://registry.npmjs.org/@nodelib/fs.scandir/-/fs.scandir-2.1.5.tgz 0ms (cache hit)
5800 http cache fastq@https://registry.npmjs.org/fastq/-/fastq-1.19.1.tgz 0ms (cache hit)
5801 http cache run-parallel@https://registry.npmjs.org/run-parallel/-/run-parallel-1.2.0.tgz 0ms (cache hit)
5802 http cache @humanwhocodes/object-schema@https://registry.npmjs.org/@humanwhocodes/object-schema/-/object-schema-2.0.3.tgz 0ms (cache hit)
5803 http cache strip-json-comments@https://registry.npmjs.org/strip-json-comments/-/strip-json-comments-3.1.1.tgz 0ms (cache hit)
5804 http cache text-table@https://registry.npmjs.org/text-table/-/text-table-0.2.0.tgz 0ms (cache hit)
5805 http cache optionator@https://registry.npmjs.org/optionator/-/optionator-0.9.4.tgz 0ms (cache hit)
5806 http cache levn@https://registry.npmjs.org/levn/-/levn-0.4.1.tgz 0ms (cache hit)
5807 http cache strip-ansi@https://registry.npmjs.org/strip-ansi/-/strip-ansi-6.0.1.tgz 0ms (cache hit)
5808 http cache lodash.merge@https://registry.npmjs.org/lodash.merge/-/lodash.merge-4.6.2.tgz 0ms (cache hit)
5809 http cache @nodelib/fs.stat@https://registry.npmjs.org/@nodelib/fs.stat/-/fs.stat-2.0.5.tgz 0ms (cache hit)
5810 http cache is-path-inside@https://registry.npmjs.org/is-path-inside/-/is-path-inside-3.0.3.tgz 0ms (cache hit)
5811 http cache json-stable-stringify-without-jsonify@https://registry.npmjs.org/json-stable-stringify-without-jsonify/-/json-stable-stringify-without-jsonify-1.0.1.tgz 0ms (cache hit)
5812 http cache imurmurhash@https://registry.npmjs.org/imurmurhash/-/imurmurhash-0.1.4.tgz 0ms (cache hit)
5813 http cache glob-parent@https://registry.npmjs.org/glob-parent/-/glob-parent-6.0.2.tgz 0ms (cache hit)
5814 http cache file-entry-cache@https://registry.npmjs.org/file-entry-cache/-/file-entry-cache-6.0.1.tgz 0ms (cache hit)
5815 http cache doctrine@https://registry.npmjs.org/doctrine/-/doctrine-3.0.0.tgz 0ms (cache hit)
5816 http cache espree@https://registry.npmjs.org/espree/-/espree-9.6.1.tgz 0ms (cache hit)
5817 http cache globals@https://registry.npmjs.org/globals/-/globals-13.24.0.tgz 0ms (cache hit)
5818 http cache esquery@https://registry.npmjs.org/esquery/-/esquery-1.6.0.tgz 0ms (cache hit)
5819 http cache ajv@https://registry.npmjs.org/ajv/-/ajv-6.12.6.tgz 0ms (cache hit)
5820 http cache @ungap/structured-clone@https://registry.npmjs.org/@ungap/structured-clone/-/structured-clone-1.3.0.tgz 0ms (cache hit)
5821 http cache cross-spawn@https://registry.npmjs.org/cross-spawn/-/cross-spawn-7.0.6.tgz 0ms (cache hit)
5822 http cache @humanwhocodes/module-importer@https://registry.npmjs.org/@humanwhocodes/module-importer/-/module-importer-1.0.1.tgz 0ms (cache hit)
5823 http cache @nodelib/fs.walk@https://registry.npmjs.org/@nodelib/fs.walk/-/fs.walk-1.2.8.tgz 0ms (cache hit)
5824 http cache @humanwhocodes/config-array@https://registry.npmjs.org/@humanwhocodes/config-array/-/config-array-0.13.0.tgz 0ms (cache hit)
5825 http cache @eslint/js@https://registry.npmjs.org/@eslint/js/-/js-8.57.1.tgz 0ms (cache hit)
5826 http cache @eslint/eslintrc@https://registry.npmjs.org/@eslint/eslintrc/-/eslintrc-2.1.4.tgz 0ms (cache hit)
5827 http cache escape-html@https://registry.npmjs.org/escape-html/-/escape-html-1.0.3.tgz 0ms (cache hit)
5828 http cache accepts@https://registry.npmjs.org/accepts/-/accepts-1.3.8.tgz 0ms (cache hit)
5829 http cache mime-types@https://registry.npmjs.org/mime-types/-/mime-types-2.1.35.tgz 0ms (cache hit)
5830 http cache ms@https://registry.npmjs.org/ms/-/ms-2.1.3.tgz 0ms (cache hit)
5831 http cache parse-json@https://registry.npmjs.org/parse-json/-/parse-json-5.2.0.tgz 0ms (cache hit)
5832 http cache import-fresh@https://registry.npmjs.org/import-fresh/-/import-fresh-3.3.1.tgz 0ms (cache hit)
5833 http cache env-paths@https://registry.npmjs.org/env-paths/-/env-paths-2.2.1.tgz 0ms (cache hit)
5834 http cache js-yaml@https://registry.npmjs.org/js-yaml/-/js-yaml-4.1.0.tgz 0ms (cache hit)
5835 http cache parseurl@https://registry.npmjs.org/parseurl/-/parseurl-1.3.3.tgz 0ms (cache hit)
5836 http cache utils-merge@https://registry.npmjs.org/utils-merge/-/utils-merge-1.0.1.tgz 0ms (cache hit)
5837 http cache safe-buffer@https://registry.npmjs.org/safe-buffer/-/safe-buffer-5.2.1.tgz 0ms (cache hit)
5838 http cache finalhandler@https://registry.npmjs.org/finalhandler/-/finalhandler-1.1.2.tgz 0ms (cache hit)
5839 http cache mime-db@https://registry.npmjs.org/mime-db/-/mime-db-1.54.0.tgz 0ms (cache hit)
5840 http cache on-headers@https://registry.npmjs.org/on-headers/-/on-headers-1.1.0.tgz 0ms (cache hit)
5841 http cache vary@https://registry.npmjs.org/vary/-/vary-1.1.2.tgz 0ms (cache hit)
5842 http cache negotiator@https://registry.npmjs.org/negotiator/-/negotiator-0.6.4.tgz 0ms (cache hit)
5843 http cache simple-swizzle@https://registry.npmjs.org/simple-swizzle/-/simple-swizzle-0.2.2.tgz 0ms (cache hit)
5844 http cache compressible@https://registry.npmjs.org/compressible/-/compressible-2.0.18.tgz 0ms (cache hit)
5845 http cache color-name@https://registry.npmjs.org/color-name/-/color-name-1.1.4.tgz 0ms (cache hit)
5846 http cache color-string@https://registry.npmjs.org/color-string/-/color-string-1.9.1.tgz 0ms (cache hit)
5847 http cache ansi-styles@https://registry.npmjs.org/ansi-styles/-/ansi-styles-4.3.0.tgz 0ms (cache hit)
5848 http cache color-convert@https://registry.npmjs.org/color-convert/-/color-convert-2.0.1.tgz 0ms (cache hit)
5849 http cache update-browserslist-db@https://registry.npmjs.org/update-browserslist-db/-/update-browserslist-db-1.1.3.tgz 0ms (cache hit)
5850 http cache electron-to-chromium@https://registry.npmjs.org/electron-to-chromium/-/electron-to-chromium-1.5.209.tgz 0ms (cache hit)
5851 http cache unpipe@https://registry.npmjs.org/unpipe/-/unpipe-1.0.0.tgz 0ms (cache hit)
5852 http cache supports-color@https://registry.npmjs.org/supports-color/-/supports-color-7.2.0.tgz 0ms (cache hit)
5853 http cache node-releases@https://registry.npmjs.org/node-releases/-/node-releases-2.0.19.tgz 0ms (cache hit)
5854 http cache raw-body@https://registry.npmjs.org/raw-body/-/raw-body-2.5.2.tgz 0ms (cache hit)
5855 http cache caniuse-lite@https://registry.npmjs.org/caniuse-lite/-/caniuse-lite-1.0.30001737.tgz 0ms (cache hit)
5856 http cache type-is@https://registry.npmjs.org/type-is/-/type-is-1.6.18.tgz 0ms (cache hit)
5857 http cache qs@https://registry.npmjs.org/qs/-/qs-6.13.0.tgz 0ms (cache hit)
5858 http cache http-errors@https://registry.npmjs.org/http-errors/-/http-errors-2.0.0.tgz 0ms (cache hit)
5859 http cache iconv-lite@https://registry.npmjs.org/iconv-lite/-/iconv-lite-0.4.24.tgz 0ms (cache hit)
5860 http cache content-type@https://registry.npmjs.org/content-type/-/content-type-1.0.5.tgz 0ms (cache hit)
5861 http cache bytes@https://registry.npmjs.org/bytes/-/bytes-3.1.2.tgz 0ms (cache hit)
5862 http cache destroy@https://registry.npmjs.org/destroy/-/destroy-1.2.0.tgz 0ms (cache hit)
5863 http cache on-finished@https://registry.npmjs.org/on-finished/-/on-finished-2.4.1.tgz 0ms (cache hit)
5864 http cache depd@https://registry.npmjs.org/depd/-/depd-2.0.0.tgz 0ms (cache hit)
5865 http cache @babel/helper-define-polyfill-provider@https://registry.npmjs.org/@babel/helper-define-polyfill-provider/-/helper-define-polyfill-provider-0.6.5.tgz 0ms (cache hit)
5866 http cache lodash.debounce@https://registry.npmjs.org/lodash.debounce/-/lodash.debounce-4.0.8.tgz 0ms (cache hit)
5867 http cache @eslint-community/eslint-utils@https://registry.npmjs.org/@eslint-community/eslint-utils/-/eslint-utils-4.7.0.tgz 0ms (cache hit)
5868 http cache is-glob@https://registry.npmjs.org/is-glob/-/is-glob-4.0.3.tgz 0ms (cache hit)
5869 http cache resolve@https://registry.npmjs.org/resolve/-/resolve-1.22.10.tgz 0ms (cache hit)
5870 http cache globby@https://registry.npmjs.org/globby/-/globby-11.1.0.tgz 0ms (cache hit)
5871 http cache @typescript-eslint/types@https://registry.npmjs.org/@typescript-eslint/types/-/types-7.18.0.tgz 0ms (cache hit)
5872 http cache ts-api-utils@https://registry.npmjs.org/ts-api-utils/-/ts-api-utils-1.4.3.tgz 0ms (cache hit)
5873 http cache @typescript-eslint/visitor-keys@https://registry.npmjs.org/@typescript-eslint/visitor-keys/-/visitor-keys-7.18.0.tgz 0ms (cache hit)
5874 http cache graphemer@https://registry.npmjs.org/graphemer/-/graphemer-1.4.0.tgz 0ms (cache hit)
5875 http cache ignore@https://registry.npmjs.org/ignore/-/ignore-5.3.2.tgz 0ms (cache hit)
5876 http cache natural-compare@https://registry.npmjs.org/natural-compare/-/natural-compare-1.4.0.tgz 0ms (cache hit)
5877 http cache @typescript-eslint/utils@https://registry.npmjs.org/@typescript-eslint/utils/-/utils-7.18.0.tgz 0ms (cache hit)
5878 http cache @typescript-eslint/scope-manager@https://registry.npmjs.org/@typescript-eslint/scope-manager/-/scope-manager-7.18.0.tgz 0ms (cache hit)
5879 http cache @eslint-community/regexpp@https://registry.npmjs.org/@eslint-community/regexpp/-/regexpp-4.12.1.tgz 0ms (cache hit)
5880 http cache expect@https://registry.npmjs.org/expect/-/expect-29.7.0.tgz 0ms (cache hit)
5881 http cache minimatch@https://registry.npmjs.org/minimatch/-/minimatch-9.0.5.tgz 0ms (cache hit)
5882 http cache redent@https://registry.npmjs.org/redent/-/redent-3.0.0.tgz 0ms (cache hit)
5883 http cache @typescript-eslint/type-utils@https://registry.npmjs.org/@typescript-eslint/type-utils/-/type-utils-7.18.0.tgz 0ms (cache hit)
5884 http cache csstype@https://registry.npmjs.org/csstype/-/csstype-3.1.3.tgz 0ms (cache hit)
5885 http cache jest-matcher-utils@https://registry.npmjs.org/jest-matcher-utils/-/jest-matcher-utils-29.7.0.tgz 0ms (cache hit)
5886 http cache jest-diff@https://registry.npmjs.org/jest-diff/-/jest-diff-29.7.0.tgz 0ms (cache hit)
5887 http cache which@https://registry.npmjs.org/which/-/which-2.0.2.tgz 0ms (cache hit)
5888 http cache progress@https://registry.npmjs.org/progress/-/progress-2.0.3.tgz 0ms (cache hit)
5889 http cache hoist-non-react-statics@https://registry.npmjs.org/hoist-non-react-statics/-/hoist-non-react-statics-3.3.2.tgz 0ms (cache hit)
5890 http cache proxy-from-env@https://registry.npmjs.org/proxy-from-env/-/proxy-from-env-1.1.0.tgz 0ms (cache hit)
5891 http cache node-fetch@https://registry.npmjs.org/node-fetch/-/node-fetch-2.7.0.tgz 0ms (cache hit)
5892 http cache @sentry/cli-darwin@https://registry.npmjs.org/@sentry/cli-darwin/-/cli-darwin-2.51.1.tgz 0ms (cache hit)
5893 http cache @typescript-eslint/typescript-estree@https://registry.npmjs.org/@typescript-eslint/typescript-estree/-/typescript-estree-7.18.0.tgz 0ms (cache hit)
5894 http cache https-proxy-agent@https://registry.npmjs.org/https-proxy-agent/-/https-proxy-agent-5.0.1.tgz 0ms (cache hit)
5895 http cache @sentry-internal/replay@https://registry.npmjs.org/@sentry-internal/replay/-/replay-8.55.0.tgz 0ms (cache hit)
5896 http cache @sentry-internal/feedback@https://registry.npmjs.org/@sentry-internal/feedback/-/feedback-8.55.0.tgz 0ms (cache hit)
5897 http cache @sentry/utils@https://registry.npmjs.org/@sentry/utils/-/utils-8.55.0.tgz 0ms (cache hit)
5898 http cache @sentry-internal/browser-utils@https://registry.npmjs.org/@sentry-internal/browser-utils/-/browser-utils-8.55.0.tgz 0ms (cache hit)
5899 http cache @sentry/react@https://registry.npmjs.org/@sentry/react/-/react-8.55.0.tgz 0ms (cache hit)
5900 http cache @sentry/types@https://registry.npmjs.org/@sentry/types/-/types-8.55.0.tgz 0ms (cache hit)
5901 http cache @sentry-internal/replay-canvas@https://registry.npmjs.org/@sentry-internal/replay-canvas/-/replay-canvas-8.55.0.tgz 0ms (cache hit)
5902 http cache @sentry/browser@https://registry.npmjs.org/@sentry/browser/-/browser-8.55.0.tgz 0ms (cache hit)
5903 http cache @sentry/core@https://registry.npmjs.org/@sentry/core/-/core-8.55.0.tgz 0ms (cache hit)
5904 http cache @sentry/babel-plugin-component-annotate@https://registry.npmjs.org/@sentry/babel-plugin-component-annotate/-/babel-plugin-component-annotate-4.1.1.tgz 0ms (cache hit)
5905 http cache @sentry/cli@https://registry.npmjs.org/@sentry/cli/-/cli-2.51.1.tgz 0ms (cache hit)
5906 http cache @react-navigation/routers@https://registry.npmjs.org/@react-navigation/routers/-/routers-7.5.1.tgz 0ms (cache hit)
5907 http cache query-string@https://registry.npmjs.org/query-string/-/query-string-7.1.3.tgz 0ms (cache hit)
5908 http cache fast-deep-equal@https://registry.npmjs.org/fast-deep-equal/-/fast-deep-equal-3.1.3.tgz 0ms (cache hit)
5909 http cache @react-navigation/core@https://registry.npmjs.org/@react-navigation/core/-/core-7.12.4.tgz 0ms (cache hit)
5910 http cache react-is@https://registry.npmjs.org/react-is/-/react-is-19.1.1.tgz 0ms (cache hit)
5911 http cache nanoid@https://registry.npmjs.org/nanoid/-/nanoid-3.3.11.tgz 0ms (cache hit)
5912 http cache escape-string-regexp@https://registry.npmjs.org/escape-string-regexp/-/escape-string-regexp-4.0.0.tgz 0ms (cache hit)
5913 http cache color@https://registry.npmjs.org/color/-/color-4.2.3.tgz 0ms (cache hit)
5914 http cache @react-navigation/elements@https://registry.npmjs.org/@react-navigation/elements/-/elements-2.6.3.tgz 0ms (cache hit)
5915 http cache use-latest-callback@https://registry.npmjs.org/use-latest-callback/-/use-latest-callback-0.2.4.tgz 0ms (cache hit)
5916 http cache use-sync-external-store@https://registry.npmjs.org/use-sync-external-store/-/use-sync-external-store-1.5.0.tgz 0ms (cache hit)
5917 http cache metro-runtime@https://registry.npmjs.org/metro-runtime/-/metro-runtime-0.82.5.tgz 0ms (cache hit)
5918 http cache @react-native/metro-babel-transformer@https://registry.npmjs.org/@react-native/metro-babel-transformer/-/metro-babel-transformer-0.79.3.tgz 0ms (cache hit)
5919 http cache eslint-scope@https://registry.npmjs.org/eslint-scope/-/eslint-scope-5.1.1.tgz 0ms (cache hit)
5920 http cache @nicolo-ribaudo/eslint-scope-5-internals@https://registry.npmjs.org/@nicolo-ribaudo/eslint-scope-5-internals/-/eslint-scope-5-internals-5.1.1-v1.tgz 0ms (cache hit)
5921 http cache eslint-visitor-keys@https://registry.npmjs.org/eslint-visitor-keys/-/eslint-visitor-keys-2.1.0.tgz 0ms (cache hit)
5922 http cache @react-native/js-polyfills@https://registry.npmjs.org/@react-native/js-polyfills/-/js-polyfills-0.79.3.tgz 0ms (cache hit)
5923 http cache metro-config@https://registry.npmjs.org/metro-config/-/metro-config-0.82.5.tgz 0ms (cache hit)
5924 http cache eslint-plugin-jest@https://registry.npmjs.org/eslint-plugin-jest/-/eslint-plugin-jest-27.9.0.tgz 0ms (cache hit)
5925 http cache eslint-plugin-react-hooks@https://registry.npmjs.org/eslint-plugin-react-hooks/-/eslint-plugin-react-hooks-4.6.2.tgz 0ms (cache hit)
5926 http cache eslint-plugin-react@https://registry.npmjs.org/eslint-plugin-react/-/eslint-plugin-react-7.37.5.tgz 0ms (cache hit)
5927 http cache eslint-plugin-react-native@https://registry.npmjs.org/eslint-plugin-react-native/-/eslint-plugin-react-native-4.1.0.tgz 0ms (cache hit)
5928 http cache eslint-config-prettier@https://registry.npmjs.org/eslint-config-prettier/-/eslint-config-prettier-8.10.2.tgz 0ms (cache hit)
5929 http cache eslint-plugin-ft-flow@https://registry.npmjs.org/eslint-plugin-ft-flow/-/eslint-plugin-ft-flow-2.0.3.tgz 0ms (cache hit)
5930 http cache @typescript-eslint/eslint-plugin@https://registry.npmjs.org/@typescript-eslint/eslint-plugin/-/eslint-plugin-7.18.0.tgz 0ms (cache hit)
5931 http cache eslint-plugin-eslint-comments@https://registry.npmjs.org/eslint-plugin-eslint-comments/-/eslint-plugin-eslint-comments-3.2.0.tgz 0ms (cache hit)
5932 http cache hermes-parser@https://registry.npmjs.org/hermes-parser/-/hermes-parser-0.25.1.tgz 0ms (cache hit)
5933 http cache @typescript-eslint/parser@https://registry.npmjs.org/@typescript-eslint/parser/-/parser-7.18.0.tgz 0ms (cache hit)
5934 http cache @react-native/eslint-plugin@https://registry.npmjs.org/@react-native/eslint-plugin/-/eslint-plugin-0.79.3.tgz 0ms (cache hit)
5935 http cache glob@https://registry.npmjs.org/glob/-/glob-7.2.3.tgz 0ms (cache hit)
5936 http cache @react-native/codegen@https://registry.npmjs.org/@react-native/codegen/-/codegen-0.79.3.tgz 0ms (cache hit)
5937 http cache @babel/plugin-syntax-typescript@https://registry.npmjs.org/@babel/plugin-syntax-typescript/-/plugin-syntax-typescript-7.27.1.tgz 0ms (cache hit)
5938 http cache @babel/eslint-parser@https://registry.npmjs.org/@babel/eslint-parser/-/eslint-parser-7.28.0.tgz 0ms (cache hit)
5939 http cache @babel/plugin-syntax-flow@https://registry.npmjs.org/@babel/plugin-syntax-flow/-/plugin-syntax-flow-7.27.1.tgz 0ms (cache hit)
5940 http cache nullthrows@https://registry.npmjs.org/nullthrows/-/nullthrows-1.1.1.tgz 0ms (cache hit)
5941 http cache @babel/plugin-syntax-jsx@https://registry.npmjs.org/@babel/plugin-syntax-jsx/-/plugin-syntax-jsx-7.27.1.tgz 0ms (cache hit)
5942 http cache babel-plugin-transform-flow-enums@https://registry.npmjs.org/babel-plugin-transform-flow-enums/-/babel-plugin-transform-flow-enums-0.0.2.tgz 0ms (cache hit)
5943 http cache @babel/plugin-transform-typescript@https://registry.npmjs.org/@babel/plugin-transform-typescript/-/plugin-transform-typescript-7.28.0.tgz 0ms (cache hit)
5944 http cache react-refresh@https://registry.npmjs.org/react-refresh/-/react-refresh-0.14.2.tgz 0ms (cache hit)
5945 http cache yargs@https://registry.npmjs.org/yargs/-/yargs-17.7.2.tgz 0ms (cache hit)
5946 http cache babel-plugin-syntax-hermes-parser@https://registry.npmjs.org/babel-plugin-syntax-hermes-parser/-/babel-plugin-syntax-hermes-parser-0.25.1.tgz 0ms (cache hit)
5947 http cache @babel/plugin-transform-runtime@https://registry.npmjs.org/@babel/plugin-transform-runtime/-/plugin-transform-runtime-7.28.3.tgz 0ms (cache hit)
5948 http cache @react-native/babel-plugin-codegen@https://registry.npmjs.org/@react-native/babel-plugin-codegen/-/babel-plugin-codegen-0.79.3.tgz 0ms (cache hit)
5949 http cache @babel/plugin-transform-react-jsx-self@https://registry.npmjs.org/@babel/plugin-transform-react-jsx-self/-/plugin-transform-react-jsx-self-7.27.1.tgz 0ms (cache hit)
5950 http cache @babel/plugin-transform-react-jsx-source@https://registry.npmjs.org/@babel/plugin-transform-react-jsx-source/-/plugin-transform-react-jsx-source-7.27.1.tgz 0ms (cache hit)
5951 http cache @babel/plugin-transform-react-jsx@https://registry.npmjs.org/@babel/plugin-transform-react-jsx/-/plugin-transform-react-jsx-7.27.1.tgz 0ms (cache hit)
5952 http cache @babel/plugin-syntax-nullish-coalescing-operator@https://registry.npmjs.org/@babel/plugin-syntax-nullish-coalescing-operator/-/plugin-syntax-nullish-coalescing-operator-7.8.3.tgz 0ms (cache hit)
5953 http cache @babel/plugin-syntax-optional-chaining@https://registry.npmjs.org/@babel/plugin-syntax-optional-chaining/-/plugin-syntax-optional-chaining-7.8.3.tgz 0ms (cache hit)
5954 http cache @babel/plugin-proposal-export-default-from@https://registry.npmjs.org/@babel/plugin-proposal-export-default-from/-/plugin-proposal-export-default-from-7.27.1.tgz 0ms (cache hit)
5955 http cache mime@https://registry.npmjs.org/mime/-/mime-2.6.0.tgz 0ms (cache hit)
5956 http cache @babel/plugin-syntax-export-default-from@https://registry.npmjs.org/@babel/plugin-syntax-export-default-from/-/plugin-syntax-export-default-from-7.27.1.tgz 0ms (cache hit)
5957 http cache @babel/plugin-transform-react-display-name@https://registry.npmjs.org/@babel/plugin-transform-react-display-name/-/plugin-transform-react-display-name-7.28.0.tgz 0ms (cache hit)
5958 http cache launch-editor@https://registry.npmjs.org/launch-editor/-/launch-editor-2.11.1.tgz 0ms (cache hit)
5959 http cache @babel/plugin-syntax-dynamic-import@https://registry.npmjs.org/@babel/plugin-syntax-dynamic-import/-/plugin-syntax-dynamic-import-7.8.3.tgz 0ms (cache hit)
5960 http cache ws@https://registry.npmjs.org/ws/-/ws-6.2.3.tgz 0ms (cache hit)
5961 http cache @babel/plugin-transform-flow-strip-types@https://registry.npmjs.org/@babel/plugin-transform-flow-strip-types/-/plugin-transform-flow-strip-types-7.27.1.tgz 0ms (cache hit)
5962 http cache pretty-format@https://registry.npmjs.org/pretty-format/-/pretty-format-29.7.0.tgz 0ms (cache hit)
5963 http cache @vscode/sudo-prompt@https://registry.npmjs.org/@vscode/sudo-prompt/-/sudo-prompt-9.3.1.tgz 0ms (cache hit)
5964 http cache appdirsjs@https://registry.npmjs.org/appdirsjs/-/appdirsjs-1.2.7.tgz 0ms (cache hit)
5965 http cache serve-static@https://registry.npmjs.org/serve-static/-/serve-static-1.16.2.tgz 0ms (cache hit)
5966 http cache errorhandler@https://registry.npmjs.org/errorhandler/-/errorhandler-1.5.1.tgz 0ms (cache hit)
5967 http cache connect@https://registry.npmjs.org/connect/-/connect-3.7.0.tgz 0ms (cache hit)
5968 http cache compression@https://registry.npmjs.org/compression/-/compression-1.8.1.tgz 0ms (cache hit)
5969 http cache body-parser@https://registry.npmjs.org/body-parser/-/body-parser-1.20.3.tgz 0ms (cache hit)
5970 http cache nocache@https://registry.npmjs.org/nocache/-/nocache-3.0.4.tgz 0ms (cache hit)
5971 http cache logkitty@https://registry.npmjs.org/logkitty/-/logkitty-0.7.1.tgz 0ms (cache hit)
5972 http cache open@https://registry.npmjs.org/open/-/open-6.4.0.tgz 0ms (cache hit)
5973 http cache yaml@https://registry.npmjs.org/yaml/-/yaml-2.8.1.tgz 0ms (cache hit)
5974 http cache @react-native-community/cli-config-android@https://registry.npmjs.org/@react-native-community/cli-config-android/-/cli-config-android-18.0.0.tgz 0ms (cache hit)
5975 http cache wcwidth@https://registry.npmjs.org/wcwidth/-/wcwidth-1.0.1.tgz 0ms (cache hit)
5976 http cache fast-xml-parser@https://registry.npmjs.org/fast-xml-parser/-/fast-xml-parser-4.5.3.tgz 0ms (cache hit)
5977 http cache envinfo@https://registry.npmjs.org/envinfo/-/envinfo-7.14.0.tgz 0ms (cache hit)
5978 http cache command-exists@https://registry.npmjs.org/command-exists/-/command-exists-1.2.9.tgz 0ms (cache hit)
5979 http cache @react-native-community/cli-platform-apple@https://registry.npmjs.org/@react-native-community/cli-platform-apple/-/cli-platform-apple-20.0.1.tgz 0ms (cache hit)
5980 http cache @react-native-community/cli-config-apple@https://registry.npmjs.org/@react-native-community/cli-config-apple/-/cli-config-apple-20.0.1.tgz 0ms (cache hit)
5981 http cache ora@https://registry.npmjs.org/ora/-/ora-5.4.1.tgz 0ms (cache hit)
5982 http cache joi@https://registry.npmjs.org/joi/-/joi-17.13.3.tgz 0ms (cache hit)
5983 http cache fast-glob@https://registry.npmjs.org/fast-glob/-/fast-glob-3.3.3.tgz 0ms (cache hit)
5984 http cache cosmiconfig@https://registry.npmjs.org/cosmiconfig/-/cosmiconfig-9.0.0.tgz 0ms (cache hit)
5985 http cache prompts@https://registry.npmjs.org/prompts/-/prompts-2.4.2.tgz 0ms (cache hit)
5986 http cache graceful-fs@https://registry.npmjs.org/graceful-fs/-/graceful-fs-4.2.11.tgz 0ms (cache hit)
5987 http cache find-up@https://registry.npmjs.org/find-up/-/find-up-5.0.0.tgz 0ms (cache hit)
5988 http cache execa@https://registry.npmjs.org/execa/-/execa-5.1.1.tgz 0ms (cache hit)
5989 http cache node-stream-zip@https://registry.npmjs.org/node-stream-zip/-/node-stream-zip-1.15.0.tgz 0ms (cache hit)
5990 http cache commander@https://registry.npmjs.org/commander/-/commander-9.5.0.tgz 0ms (cache hit)
5991 http cache @react-native-community/cli-types@https://registry.npmjs.org/@react-native-community/cli-types/-/cli-types-20.0.1.tgz 0ms (cache hit)
5992 http cache chalk@https://registry.npmjs.org/chalk/-/chalk-4.1.2.tgz 0ms (cache hit)
5993 http cache @react-native-community/cli-tools@https://registry.npmjs.org/@react-native-community/cli-tools/-/cli-tools-20.0.1.tgz 0ms (cache hit)
5994 http cache deepmerge@https://registry.npmjs.org/deepmerge/-/deepmerge-4.3.1.tgz 0ms (cache hit)
5995 http cache @react-native-community/cli-doctor@https://registry.npmjs.org/@react-native-community/cli-doctor/-/cli-doctor-20.0.1.tgz 0ms (cache hit)
5996 http cache @react-native-community/cli-server-api@https://registry.npmjs.org/@react-native-community/cli-server-api/-/cli-server-api-20.0.1.tgz 0ms (cache hit)
5997 http cache @react-native-community/cli-config@https://registry.npmjs.org/@react-native-community/cli-config/-/cli-config-20.0.1.tgz 0ms (cache hit)
5998 http cache @jridgewell/resolve-uri@https://registry.npmjs.org/@jridgewell/resolve-uri/-/resolve-uri-3.1.2.tgz 0ms (cache hit)
5999 http cache merge-options@https://registry.npmjs.org/merge-options/-/merge-options-3.0.4.tgz 0ms (cache hit)
6000 http cache fs-extra@https://registry.npmjs.org/fs-extra/-/fs-extra-8.1.0.tgz 0ms (cache hit)
6001 http cache @babel/helper-string-parser@https://registry.npmjs.org/@babel/helper-string-parser/-/helper-string-parser-7.27.1.tgz 0ms (cache hit)
6002 http cache @babel/helper-globals@https://registry.npmjs.org/@babel/helper-globals/-/helper-globals-7.28.0.tgz 0ms (cache hit)
6003 http cache @babel/helper-replace-supers@https://registry.npmjs.org/@babel/helper-replace-supers/-/helper-replace-supers-7.27.1.tgz 0ms (cache hit)
6004 http cache @jridgewell/sourcemap-codec@https://registry.npmjs.org/@jridgewell/sourcemap-codec/-/sourcemap-codec-1.5.5.tgz 0ms (cache hit)
6005 http cache @babel/helper-optimise-call-expression@https://registry.npmjs.org/@babel/helper-optimise-call-expression/-/helper-optimise-call-expression-7.27.1.tgz 0ms (cache hit)
6006 http cache esutils@https://registry.npmjs.org/esutils/-/esutils-2.0.3.tgz 0ms (cache hit)
6007 http cache @react-native-community/cli-clean@https://registry.npmjs.org/@react-native-community/cli-clean/-/cli-clean-20.0.1.tgz 0ms (cache hit)
6008 http cache @babel/helper-create-class-features-plugin@https://registry.npmjs.org/@babel/helper-create-class-features-plugin/-/helper-create-class-features-plugin-7.28.3.tgz 0ms (cache hit)
6009 http cache @babel/helper-wrap-function@https://registry.npmjs.org/@babel/helper-wrap-function/-/helper-wrap-function-7.28.3.tgz 0ms (cache hit)
6010 http cache @babel/helper-remap-async-to-generator@https://registry.npmjs.org/@babel/helper-remap-async-to-generator/-/helper-remap-async-to-generator-7.27.1.tgz 0ms (cache hit)
6011 http cache @babel/helper-member-expression-to-functions@https://registry.npmjs.org/@babel/helper-member-expression-to-functions/-/helper-member-expression-to-functions-7.27.1.tgz 0ms (cache hit)
6012 http cache regexpu-core@https://registry.npmjs.org/regexpu-core/-/regexpu-core-6.2.0.tgz 0ms (cache hit)
6013 http cache @babel/helper-create-regexp-features-plugin@https://registry.npmjs.org/@babel/helper-create-regexp-features-plugin/-/helper-create-regexp-features-plugin-7.27.1.tgz 0ms (cache hit)
6014 http cache @babel/helper-skip-transparent-expression-wrappers@https://registry.npmjs.org/@babel/helper-skip-transparent-expression-wrappers/-/helper-skip-transparent-expression-wrappers-7.27.1.tgz 0ms (cache hit)
6015 http cache core-js-compat@https://registry.npmjs.org/core-js-compat/-/core-js-compat-3.45.1.tgz 0ms (cache hit)
6016 http cache @babel/helper-annotate-as-pure@https://registry.npmjs.org/@babel/helper-annotate-as-pure/-/helper-annotate-as-pure-7.27.3.tgz 0ms (cache hit)
6017 http cache babel-plugin-polyfill-corejs2@https://registry.npmjs.org/babel-plugin-polyfill-corejs2/-/babel-plugin-polyfill-corejs2-0.4.14.tgz 0ms (cache hit)
6018 http cache babel-plugin-polyfill-corejs3@https://registry.npmjs.org/babel-plugin-polyfill-corejs3/-/babel-plugin-polyfill-corejs3-0.13.0.tgz 0ms (cache hit)
6019 http cache babel-plugin-polyfill-regenerator@https://registry.npmjs.org/babel-plugin-polyfill-regenerator/-/babel-plugin-polyfill-regenerator-0.6.5.tgz 0ms (cache hit)
6020 http cache @babel/plugin-transform-unicode-property-regex@https://registry.npmjs.org/@babel/plugin-transform-unicode-property-regex/-/plugin-transform-unicode-property-regex-7.27.1.tgz 0ms (cache hit)
6021 http cache @babel/plugin-transform-typeof-symbol@https://registry.npmjs.org/@babel/plugin-transform-typeof-symbol/-/plugin-transform-typeof-symbol-7.27.1.tgz 0ms (cache hit)
6022 http cache @babel/plugin-transform-unicode-escapes@https://registry.npmjs.org/@babel/plugin-transform-unicode-escapes/-/plugin-transform-unicode-escapes-7.27.1.tgz 0ms (cache hit)
6023 http cache @babel/plugin-transform-unicode-sets-regex@https://registry.npmjs.org/@babel/plugin-transform-unicode-sets-regex/-/plugin-transform-unicode-sets-regex-7.27.1.tgz 0ms (cache hit)
6024 http cache @babel/plugin-transform-unicode-regex@https://registry.npmjs.org/@babel/plugin-transform-unicode-regex/-/plugin-transform-unicode-regex-7.27.1.tgz 0ms (cache hit)
6025 http cache @babel/plugin-transform-shorthand-properties@https://registry.npmjs.org/@babel/plugin-transform-shorthand-properties/-/plugin-transform-shorthand-properties-7.27.1.tgz 0ms (cache hit)
6026 http cache @babel/plugin-transform-sticky-regex@https://registry.npmjs.org/@babel/plugin-transform-sticky-regex/-/plugin-transform-sticky-regex-7.27.1.tgz 0ms (cache hit)
6027 http cache @babel/preset-modules@https://registry.npmjs.org/@babel/preset-modules/-/preset-modules-0.1.6-no-external-plugins.tgz 0ms (cache hit)
6028 http cache @babel/plugin-transform-reserved-words@https://registry.npmjs.org/@babel/plugin-transform-reserved-words/-/plugin-transform-reserved-words-7.27.1.tgz 0ms (cache hit)
6029 http cache @babel/plugin-transform-regexp-modifiers@https://registry.npmjs.org/@babel/plugin-transform-regexp-modifiers/-/plugin-transform-regexp-modifiers-7.27.1.tgz 0ms (cache hit)
6030 http cache @babel/plugin-transform-template-literals@https://registry.npmjs.org/@babel/plugin-transform-template-literals/-/plugin-transform-template-literals-7.27.1.tgz 0ms (cache hit)
6031 http cache @babel/plugin-transform-regenerator@https://registry.npmjs.org/@babel/plugin-transform-regenerator/-/plugin-transform-regenerator-7.28.3.tgz 0ms (cache hit)
6032 http cache @babel/plugin-transform-private-methods@https://registry.npmjs.org/@babel/plugin-transform-private-methods/-/plugin-transform-private-methods-7.27.1.tgz 0ms (cache hit)
6033 http cache @babel/plugin-transform-parameters@https://registry.npmjs.org/@babel/plugin-transform-parameters/-/plugin-transform-parameters-7.27.7.tgz 0ms (cache hit)
6034 http cache @babel/plugin-transform-spread@https://registry.npmjs.org/@babel/plugin-transform-spread/-/plugin-transform-spread-7.27.1.tgz 0ms (cache hit)
6035 http cache @babel/plugin-transform-property-literals@https://registry.npmjs.org/@babel/plugin-transform-property-literals/-/plugin-transform-property-literals-7.27.1.tgz 0ms (cache hit)
6036 http cache @babel/plugin-transform-optional-chaining@https://registry.npmjs.org/@babel/plugin-transform-optional-chaining/-/plugin-transform-optional-chaining-7.27.1.tgz 0ms (cache hit)
6037 http cache @babel/plugin-transform-optional-catch-binding@https://registry.npmjs.org/@babel/plugin-transform-optional-catch-binding/-/plugin-transform-optional-catch-binding-7.27.1.tgz 0ms (cache hit)
6038 http cache @babel/plugin-transform-object-super@https://registry.npmjs.org/@babel/plugin-transform-object-super/-/plugin-transform-object-super-7.27.1.tgz 0ms (cache hit)
6039 http cache @babel/plugin-transform-nullish-coalescing-operator@https://registry.npmjs.org/@babel/plugin-transform-nullish-coalescing-operator/-/plugin-transform-nullish-coalescing-operator-7.27.1.tgz 0ms (cache hit)
6040 http cache @babel/plugin-transform-numeric-separator@https://registry.npmjs.org/@babel/plugin-transform-numeric-separator/-/plugin-transform-numeric-separator-7.27.1.tgz 0ms (cache hit)
6041 http cache @babel/plugin-transform-new-target@https://registry.npmjs.org/@babel/plugin-transform-new-target/-/plugin-transform-new-target-7.27.1.tgz 0ms (cache hit)
6042 http cache @babel/plugin-transform-modules-umd@https://registry.npmjs.org/@babel/plugin-transform-modules-umd/-/plugin-transform-modules-umd-7.27.1.tgz 0ms (cache hit)
6043 http cache @babel/plugin-transform-object-rest-spread@https://registry.npmjs.org/@babel/plugin-transform-object-rest-spread/-/plugin-transform-object-rest-spread-7.28.0.tgz 0ms (cache hit)
6044 http cache @babel/plugin-transform-private-property-in-object@https://registry.npmjs.org/@babel/plugin-transform-private-property-in-object/-/plugin-transform-private-property-in-object-7.27.1.tgz 0ms (cache hit)
6045 http cache @babel/plugin-transform-modules-commonjs@https://registry.npmjs.org/@babel/plugin-transform-modules-commonjs/-/plugin-transform-modules-commonjs-7.27.1.tgz 0ms (cache hit)
6046 http cache @babel/plugin-transform-modules-amd@https://registry.npmjs.org/@babel/plugin-transform-modules-amd/-/plugin-transform-modules-amd-7.27.1.tgz 0ms (cache hit)
6047 http cache @babel/plugin-transform-logical-assignment-operators@https://registry.npmjs.org/@babel/plugin-transform-logical-assignment-operators/-/plugin-transform-logical-assignment-operators-7.27.1.tgz 0ms (cache hit)
6048 http cache @babel/plugin-transform-literals@https://registry.npmjs.org/@babel/plugin-transform-literals/-/plugin-transform-literals-7.27.1.tgz 0ms (cache hit)
6049 http cache @babel/plugin-transform-named-capturing-groups-regex@https://registry.npmjs.org/@babel/plugin-transform-named-capturing-groups-regex/-/plugin-transform-named-capturing-groups-regex-7.27.1.tgz 0ms (cache hit)
6050 http cache @babel/plugin-transform-json-strings@https://registry.npmjs.org/@babel/plugin-transform-json-strings/-/plugin-transform-json-strings-7.27.1.tgz 0ms (cache hit)
6051 http cache @babel/plugin-transform-modules-systemjs@https://registry.npmjs.org/@babel/plugin-transform-modules-systemjs/-/plugin-transform-modules-systemjs-7.27.1.tgz 0ms (cache hit)
6052 http cache @babel/plugin-transform-member-expression-literals@https://registry.npmjs.org/@babel/plugin-transform-member-expression-literals/-/plugin-transform-member-expression-literals-7.27.1.tgz 0ms (cache hit)
6053 http cache @babel/plugin-transform-for-of@https://registry.npmjs.org/@babel/plugin-transform-for-of/-/plugin-transform-for-of-7.27.1.tgz 0ms (cache hit)
6054 http cache @babel/plugin-transform-exponentiation-operator@https://registry.npmjs.org/@babel/plugin-transform-exponentiation-operator/-/plugin-transform-exponentiation-operator-7.27.1.tgz 0ms (cache hit)
6055 http cache @babel/plugin-transform-function-name@https://registry.npmjs.org/@babel/plugin-transform-function-name/-/plugin-transform-function-name-7.27.1.tgz 0ms (cache hit)
6056 http cache @babel/plugin-transform-export-namespace-from@https://registry.npmjs.org/@babel/plugin-transform-export-namespace-from/-/plugin-transform-export-namespace-from-7.27.1.tgz 0ms (cache hit)
6057 http cache @babel/plugin-transform-duplicate-keys@https://registry.npmjs.org/@babel/plugin-transform-duplicate-keys/-/plugin-transform-duplicate-keys-7.27.1.tgz 0ms (cache hit)
6058 http cache @babel/plugin-transform-dynamic-import@https://registry.npmjs.org/@babel/plugin-transform-dynamic-import/-/plugin-transform-dynamic-import-7.27.1.tgz 0ms (cache hit)
6059 http cache @babel/plugin-transform-dotall-regex@https://registry.npmjs.org/@babel/plugin-transform-dotall-regex/-/plugin-transform-dotall-regex-7.27.1.tgz 0ms (cache hit)
6060 http cache @babel/plugin-transform-computed-properties@https://registry.npmjs.org/@babel/plugin-transform-computed-properties/-/plugin-transform-computed-properties-7.27.1.tgz 0ms (cache hit)
6061 http cache @babel/plugin-transform-explicit-resource-management@https://registry.npmjs.org/@babel/plugin-transform-explicit-resource-management/-/plugin-transform-explicit-resource-management-7.28.0.tgz 0ms (cache hit)
6062 http cache @babel/plugin-transform-class-static-block@https://registry.npmjs.org/@babel/plugin-transform-class-static-block/-/plugin-transform-class-static-block-7.28.3.tgz 0ms (cache hit)
6063 http cache @babel/plugin-transform-block-scoping@https://registry.npmjs.org/@babel/plugin-transform-block-scoping/-/plugin-transform-block-scoping-7.28.0.tgz 0ms (cache hit)
6064 http cache @babel/plugin-transform-block-scoped-functions@https://registry.npmjs.org/@babel/plugin-transform-block-scoped-functions/-/plugin-transform-block-scoped-functions-7.27.1.tgz 0ms (cache hit)
6065 http cache @babel/plugin-transform-async-to-generator@https://registry.npmjs.org/@babel/plugin-transform-async-to-generator/-/plugin-transform-async-to-generator-7.27.1.tgz 0ms (cache hit)
6066 http cache @babel/plugin-transform-duplicate-named-capturing-groups-regex@https://registry.npmjs.org/@babel/plugin-transform-duplicate-named-capturing-groups-regex/-/plugin-transform-duplicate-named-capturing-groups-regex-7.27.1.tgz 0ms (cache hit)
6067 http cache @babel/plugin-transform-classes@https://registry.npmjs.org/@babel/plugin-transform-classes/-/plugin-transform-classes-7.28.3.tgz 0ms (cache hit)
6068 http cache @babel/plugin-transform-destructuring@https://registry.npmjs.org/@babel/plugin-transform-destructuring/-/plugin-transform-destructuring-7.28.0.tgz 0ms (cache hit)
6069 http cache @babel/plugin-transform-async-generator-functions@https://registry.npmjs.org/@babel/plugin-transform-async-generator-functions/-/plugin-transform-async-generator-functions-7.28.0.tgz 0ms (cache hit)
6070 http cache @babel/plugin-syntax-unicode-sets-regex@https://registry.npmjs.org/@babel/plugin-syntax-unicode-sets-regex/-/plugin-syntax-unicode-sets-regex-7.18.6.tgz 0ms (cache hit)
6071 http cache @babel/plugin-transform-arrow-functions@https://registry.npmjs.org/@babel/plugin-transform-arrow-functions/-/plugin-transform-arrow-functions-7.27.1.tgz 0ms (cache hit)
6072 http cache @babel/plugin-syntax-import-assertions@https://registry.npmjs.org/@babel/plugin-syntax-import-assertions/-/plugin-syntax-import-assertions-7.27.1.tgz 0ms (cache hit)
6073 http cache @babel/plugin-transform-class-properties@https://registry.npmjs.org/@babel/plugin-transform-class-properties/-/plugin-transform-class-properties-7.27.1.tgz 0ms (cache hit)
6074 http cache @babel/plugin-bugfix-v8-static-class-fields-redefine-readonly@https://registry.npmjs.org/@babel/plugin-bugfix-v8-static-class-fields-redefine-readonly/-/plugin-bugfix-v8-static-class-fields-redefine-readonly-7.28.3.tgz 0ms (cache hit)
6075 http cache @babel/plugin-proposal-private-property-in-object@https://registry.npmjs.org/@babel/plugin-proposal-private-property-in-object/-/plugin-proposal-private-property-in-object-7.21.0-placeholder-for-preset-env.2.tgz 0ms (cache hit)
6076 http cache @babel/plugin-bugfix-safari-id-destructuring-collision-in-function-expression@https://registry.npmjs.org/@babel/plugin-bugfix-safari-id-destructuring-collision-in-function-expression/-/plugin-bugfix-safari-id-destructuring-collision-in-function-expression-7.27.1.tgz 0ms (cache hit)
6077 http cache @babel/plugin-bugfix-safari-class-field-initializer-scope@https://registry.npmjs.org/@babel/plugin-bugfix-safari-class-field-initializer-scope/-/plugin-bugfix-safari-class-field-initializer-scope-7.27.1.tgz 0ms (cache hit)
6078 http cache @babel/plugin-bugfix-firefox-class-in-computed-class-key@https://registry.npmjs.org/@babel/plugin-bugfix-firefox-class-in-computed-class-key/-/plugin-bugfix-firefox-class-in-computed-class-key-7.27.1.tgz 0ms (cache hit)
6079 http cache @babel/helper-plugin-utils@https://registry.npmjs.org/@babel/helper-plugin-utils/-/helper-plugin-utils-7.27.1.tgz 0ms (cache hit)
6080 http cache @babel/plugin-bugfix-v8-spread-parameters-in-optional-chaining@https://registry.npmjs.org/@babel/plugin-bugfix-v8-spread-parameters-in-optional-chaining/-/plugin-bugfix-v8-spread-parameters-in-optional-chaining-7.27.1.tgz 0ms (cache hit)
6081 http cache browserslist@https://registry.npmjs.org/browserslist/-/browserslist-4.25.3.tgz 0ms (cache hit)
6082 http cache @babel/helper-module-imports@https://registry.npmjs.org/@babel/helper-module-imports/-/helper-module-imports-7.27.1.tgz 0ms (cache hit)
6083 http cache lru-cache@https://registry.npmjs.org/lru-cache/-/lru-cache-5.1.1.tgz 0ms (cache hit)
6084 http cache @babel/plugin-syntax-import-attributes@https://registry.npmjs.org/@babel/plugin-syntax-import-attributes/-/plugin-syntax-import-attributes-7.27.1.tgz 0ms (cache hit)
6085 http cache @babel/compat-data@https://registry.npmjs.org/@babel/compat-data/-/compat-data-7.28.0.tgz 0ms (cache hit)
6086 http cache picocolors@https://registry.npmjs.org/picocolors/-/picocolors-1.1.1.tgz 0ms (cache hit)
6087 http cache jsesc@https://registry.npmjs.org/jsesc/-/jsesc-3.1.0.tgz 0ms (cache hit)
6088 http cache js-tokens@https://registry.npmjs.org/js-tokens/-/js-tokens-4.0.0.tgz 0ms (cache hit)
6089 http cache @jridgewell/gen-mapping@https://registry.npmjs.org/@jridgewell/gen-mapping/-/gen-mapping-0.3.13.tgz 0ms (cache hit)
6090 http cache @jridgewell/trace-mapping@https://registry.npmjs.org/@jridgewell/trace-mapping/-/trace-mapping-0.3.30.tgz 0ms (cache hit)
6091 http cache @babel/helper-validator-option@https://registry.npmjs.org/@babel/helper-validator-option/-/helper-validator-option-7.27.1.tgz 0ms (cache hit)
6092 http cache @babel/helper-validator-identifier@https://registry.npmjs.org/@babel/helper-validator-identifier/-/helper-validator-identifier-7.27.1.tgz 0ms (cache hit)
6093 http cache debug@https://registry.npmjs.org/debug/-/debug-4.4.1.tgz 0ms (cache hit)
6094 http cache gensync@https://registry.npmjs.org/gensync/-/gensync-1.0.0-beta.2.tgz 0ms (cache hit)
6095 http cache @babel/types@https://registry.npmjs.org/@babel/types/-/types-7.28.2.tgz 0ms (cache hit)
6096 http cache convert-source-map@https://registry.npmjs.org/convert-source-map/-/convert-source-map-2.0.0.tgz 0ms (cache hit)
6097 http cache @babel/traverse@https://registry.npmjs.org/@babel/traverse/-/traverse-7.28.3.tgz 0ms (cache hit)
6098 http cache @babel/parser@https://registry.npmjs.org/@babel/parser/-/parser-7.28.3.tgz 0ms (cache hit)
6099 http cache semver@https://registry.npmjs.org/semver/-/semver-6.3.1.tgz 0ms (cache hit)
6100 http cache json5@https://registry.npmjs.org/json5/-/json5-2.2.3.tgz 0ms (cache hit)
6101 http cache @babel/helper-module-transforms@https://registry.npmjs.org/@babel/helper-module-transforms/-/helper-module-transforms-7.28.3.tgz 0ms (cache hit)
6102 http cache @babel/template@https://registry.npmjs.org/@babel/template/-/template-7.27.2.tgz 0ms (cache hit)
6103 http cache @babel/generator@https://registry.npmjs.org/@babel/generator/-/generator-7.28.3.tgz 0ms (cache hit)
6104 http cache @babel/helpers@https://registry.npmjs.org/@babel/helpers/-/helpers-7.28.3.tgz 0ms (cache hit)
6105 http cache @ampproject/remapping@https://registry.npmjs.org/@ampproject/remapping/-/remapping-2.3.0.tgz 0ms (cache hit)
6106 http cache @babel/code-frame@https://registry.npmjs.org/@babel/code-frame/-/code-frame-7.27.1.tgz 0ms (cache hit)
6107 http cache @babel/helper-compilation-targets@https://registry.npmjs.org/@babel/helper-compilation-targets/-/helper-compilation-targets-7.27.2.tgz 0ms (cache hit)
6108 http cache typescript@https://registry.npmjs.org/typescript/-/typescript-5.0.4.tgz 0ms (cache hit)
6109 http cache react-native-sqlite-storage@https://registry.npmjs.org/react-native-sqlite-storage/-/react-native-sqlite-storage-6.0.1.tgz 0ms (cache hit)
6110 http cache zustand@https://registry.npmjs.org/zustand/-/zustand-5.0.8.tgz 0ms (cache hit)
6111 http cache react-native-purchases@https://registry.npmjs.org/react-native-purchases/-/react-native-purchases-8.11.10.tgz 0ms (cache hit)
6112 http cache react-native-date-picker@https://registry.npmjs.org/react-native-date-picker/-/react-native-date-picker-5.0.13.tgz 0ms (cache hit)
6113 http cache invariant@https://registry.npmjs.org/invariant/-/invariant-2.2.4.tgz 0ms (cache hit)
6114 http cache @types/react-test-renderer@https://registry.npmjs.org/@types/react-test-renderer/-/react-test-renderer-19.1.0.tgz 0ms (cache hit)
6115 http cache @types/react@https://registry.npmjs.org/@types/react/-/react-19.1.11.tgz 0ms (cache hit)
6116 http cache react-test-renderer@https://registry.npmjs.org/react-test-renderer/-/react-test-renderer-19.1.0.tgz 0ms (cache hit)
6117 http cache react-native-iap@https://registry.npmjs.org/react-native-iap/-/react-native-iap-13.0.4.tgz 0ms (cache hit)
6118 http cache @testing-library/jest-native@https://registry.npmjs.org/@testing-library/jest-native/-/jest-native-5.4.3.tgz 0ms (cache hit)
6119 http cache @types/jest@https://registry.npmjs.org/@types/jest/-/jest-29.5.14.tgz 0ms (cache hit)
6120 http cache react-native-url-polyfill@https://registry.npmjs.org/react-native-url-polyfill/-/react-native-url-polyfill-2.0.0.tgz 0ms (cache hit)
6121 http cache react-native-gesture-handler@https://registry.npmjs.org/react-native-gesture-handler/-/react-native-gesture-handler-2.28.0.tgz 0ms (cache hit)
6122 http cache @testing-library/react-native@https://registry.npmjs.org/@testing-library/react-native/-/react-native-13.3.2.tgz 0ms (cache hit)
6123 http cache @sentry/react-native@https://registry.npmjs.org/@sentry/react-native/-/react-native-6.20.0.tgz 0ms (cache hit)
6124 http cache react-native-screens@https://registry.npmjs.org/react-native-screens/-/react-native-screens-4.15.2.tgz 0ms (cache hit)
6125 http cache @react-navigation/native@https://registry.npmjs.org/@react-navigation/native/-/native-7.1.17.tgz 0ms (cache hit)
6126 http cache @react-navigation/stack@https://registry.npmjs.org/@react-navigation/stack/-/stack-7.4.7.tgz 0ms (cache hit)
6127 http cache react-native-safe-area-context@https://registry.npmjs.org/react-native-safe-area-context/-/react-native-safe-area-context-5.6.1.tgz 0ms (cache hit)
6128 http cache prettier@https://registry.npmjs.org/prettier/-/prettier-2.8.8.tgz 0ms (cache hit)
6129 http cache @react-navigation/bottom-tabs@https://registry.npmjs.org/@react-navigation/bottom-tabs/-/bottom-tabs-7.4.6.tgz 0ms (cache hit)
6130 http cache eslint@https://registry.npmjs.org/eslint/-/eslint-8.57.1.tgz 0ms (cache hit)
6131 http cache @react-native/typescript-config@https://registry.npmjs.org/@react-native/typescript-config/-/typescript-config-0.79.3.tgz 0ms (cache hit)
6132 http cache @react-native/eslint-config@https://registry.npmjs.org/@react-native/eslint-config/-/eslint-config-0.79.3.tgz 0ms (cache hit)
6133 http cache @react-native/metro-config@https://registry.npmjs.org/@react-native/metro-config/-/metro-config-0.79.3.tgz 0ms (cache hit)
6134 http cache @react-native/babel-preset@https://registry.npmjs.org/@react-native/babel-preset/-/babel-preset-0.79.3.tgz 0ms (cache hit)
6135 http cache @react-native-community/cli-platform-android@https://registry.npmjs.org/@react-native-community/cli-platform-android/-/cli-platform-android-18.0.0.tgz 0ms (cache hit)
6136 http cache @react-native-community/cli@https://registry.npmjs.org/@react-native-community/cli/-/cli-20.0.1.tgz 0ms (cache hit)
6137 http cache react-native@https://registry.npmjs.org/react-native/-/react-native-0.80.0.tgz 0ms (cache hit)
6138 http cache jest@https://registry.npmjs.org/jest/-/jest-29.7.0.tgz 0ms (cache hit)
6139 http cache react@https://registry.npmjs.org/react/-/react-19.1.0.tgz 0ms (cache hit)
6140 http cache @babel/runtime@https://registry.npmjs.org/@babel/runtime/-/runtime-7.28.3.tgz 0ms (cache hit)
6141 http cache @react-native-community/cli-platform-ios@https://registry.npmjs.org/@react-native-community/cli-platform-ios/-/cli-platform-ios-18.0.0.tgz 0ms (cache hit)
6142 http cache @babel/preset-env@https://registry.npmjs.org/@babel/preset-env/-/preset-env-7.28.3.tgz 0ms (cache hit)
6143 http cache callsites@https://registry.npmjs.org/callsites/-/callsites-2.0.0.tgz 0ms (cache hit)
6144 http cache is-fullwidth-code-point@https://registry.npmjs.org/is-fullwidth-code-point/-/is-fullwidth-code-point-3.0.0.tgz 0ms (cache hit)
6145 http cache @react-native-async-storage/async-storage@https://registry.npmjs.org/@react-native-async-storage/async-storage/-/async-storage-2.2.0.tgz 0ms (cache hit)
6146 http cache debug@https://registry.npmjs.org/debug/-/debug-2.6.9.tgz 0ms (cache hit)
6147 http cache @babel/core@https://registry.npmjs.org/@babel/core/-/core-7.28.3.tgz 0ms (cache hit)
6148 http cache jsesc@https://registry.npmjs.org/jsesc/-/jsesc-3.0.2.tgz 0ms (cache hit)
6149 http cache ms@https://registry.npmjs.org/ms/-/ms-2.0.0.tgz 0ms (cache hit)
6150 http cache statuses@https://registry.npmjs.org/statuses/-/statuses-2.0.1.tgz 0ms (cache hit)
6151 http cache debug@https://registry.npmjs.org/debug/-/debug-2.6.9.tgz 0ms (cache hit)
6152 http cache mime@https://registry.npmjs.org/mime/-/mime-1.6.0.tgz 0ms (cache hit)
6153 http cache webidl-conversions@https://registry.npmjs.org/webidl-conversions/-/webidl-conversions-5.0.0.tgz 0ms (cache hit)
6154 http cache open@https://registry.npmjs.org/open/-/open-7.4.2.tgz 0ms (cache hit)
6155 http cache is-wsl@https://registry.npmjs.org/is-wsl/-/is-wsl-2.2.0.tgz 0ms (cache hit)
6156 http cache is-wsl@https://registry.npmjs.org/is-wsl/-/is-wsl-2.2.0.tgz 0ms (cache hit)
6157 http cache is-wsl@https://registry.npmjs.org/is-wsl/-/is-wsl-2.2.0.tgz 0ms (cache hit)
6158 http cache ms@https://registry.npmjs.org/ms/-/ms-2.0.0.tgz 0ms (cache hit)
6159 http cache source-map-support@https://registry.npmjs.org/source-map-support/-/source-map-support-0.5.21.tgz 0ms (cache hit)
6160 http cache type-fest@https://registry.npmjs.org/type-fest/-/type-fest-0.7.1.tgz 0ms (cache hit)
6161 http cache semver@https://registry.npmjs.org/semver/-/semver-7.7.2.tgz 0ms (cache hit)
6162 http cache source-map@https://registry.npmjs.org/source-map/-/source-map-0.5.7.tgz 0ms (cache hit)
6163 http cache source-map@https://registry.npmjs.org/source-map/-/source-map-0.5.7.tgz 1ms (cache hit)
6164 http cache hermes-estree@https://registry.npmjs.org/hermes-estree/-/hermes-estree-0.29.1.tgz 0ms (cache hit)
6165 http cache commander@https://registry.npmjs.org/commander/-/commander-2.20.3.tgz 0ms (cache hit)
6166 http cache https-proxy-agent@https://registry.npmjs.org/https-proxy-agent/-/https-proxy-agent-7.0.6.tgz 0ms (cache hit)
6167 http cache hermes-parser@https://registry.npmjs.org/hermes-parser/-/hermes-parser-0.29.1.tgz 0ms (cache hit)
6168 http cache hermes-estree@https://registry.npmjs.org/hermes-estree/-/hermes-estree-0.29.1.tgz 0ms (cache hit)
6169 http cache ws@https://registry.npmjs.org/ws/-/ws-7.5.10.tgz 0ms (cache hit)
6170 http cache source-map@https://registry.npmjs.org/source-map/-/source-map-0.5.7.tgz 0ms (cache hit)
6171 http cache agent-base@https://registry.npmjs.org/agent-base/-/agent-base-7.1.4.tgz 0ms (cache hit)
6172 http cache hermes-parser@https://registry.npmjs.org/hermes-parser/-/hermes-parser-0.29.1.tgz 0ms (cache hit)
6173 http cache color-name@https://registry.npmjs.org/color-name/-/color-name-1.1.3.tgz 0ms (cache hit)
6174 http cache ws@https://registry.npmjs.org/ws/-/ws-7.5.10.tgz 0ms (cache hit)
6175 http cache ansi-styles@https://registry.npmjs.org/ansi-styles/-/ansi-styles-3.2.1.tgz 0ms (cache hit)
6176 http cache ci-info@https://registry.npmjs.org/ci-info/-/ci-info-2.0.0.tgz 0ms (cache hit)
6177 http cache color-convert@https://registry.npmjs.org/color-convert/-/color-convert-1.9.3.tgz 0ms (cache hit)
6178 http cache strip-ansi@https://registry.npmjs.org/strip-ansi/-/strip-ansi-5.2.0.tgz 0ms (cache hit)
6179 http cache semver@https://registry.npmjs.org/semver/-/semver-7.7.2.tgz 0ms (cache hit)
6180 http cache resolve-from@https://registry.npmjs.org/resolve-from/-/resolve-from-5.0.0.tgz 0ms (cache hit)
6181 http cache p-limit@https://registry.npmjs.org/p-limit/-/p-limit-2.3.0.tgz 0ms (cache hit)
6182 http cache locate-path@https://registry.npmjs.org/locate-path/-/locate-path-5.0.0.tgz 0ms (cache hit)
6183 http cache p-locate@https://registry.npmjs.org/p-locate/-/p-locate-4.1.0.tgz 0ms (cache hit)
6184 http cache brace-expansion@https://registry.npmjs.org/brace-expansion/-/brace-expansion-1.1.12.tgz 0ms (cache hit)
6185 http cache minimatch@https://registry.npmjs.org/minimatch/-/minimatch-3.1.2.tgz 0ms (cache hit)
6186 http cache ansi-regex@https://registry.npmjs.org/ansi-regex/-/ansi-regex-4.1.1.tgz 0ms (cache hit)
6187 http cache escape-string-regexp@https://registry.npmjs.org/escape-string-regexp/-/escape-string-regexp-2.0.0.tgz 0ms (cache hit)
6188 http cache p-locate@https://registry.npmjs.org/p-locate/-/p-locate-4.1.0.tgz 0ms (cache hit)
6189 http cache locate-path@https://registry.npmjs.org/locate-path/-/locate-path-5.0.0.tgz 0ms (cache hit)
6190 http cache argparse@https://registry.npmjs.org/argparse/-/argparse-1.0.10.tgz 0ms (cache hit)
6191 http cache find-up@https://registry.npmjs.org/find-up/-/find-up-4.1.0.tgz 0ms (cache hit)
6192 http cache find-up@https://registry.npmjs.org/find-up/-/find-up-4.1.0.tgz 0ms (cache hit)
6193 http cache p-limit@https://registry.npmjs.org/p-limit/-/p-limit-2.3.0.tgz 0ms (cache hit)
6194 http cache js-yaml@https://registry.npmjs.org/js-yaml/-/js-yaml-3.14.1.tgz 0ms (cache hit)
6195 http cache istanbul-lib-instrument@https://registry.npmjs.org/istanbul-lib-instrument/-/istanbul-lib-instrument-5.2.1.tgz 0ms (cache hit)
6196 http cache resolve-from@https://registry.npmjs.org/resolve-from/-/resolve-from-5.0.0.tgz 0ms (cache hit)
6197 http cache semver@https://registry.npmjs.org/semver/-/semver-7.7.2.tgz 0ms (cache hit)
6198 http cache camelcase@https://registry.npmjs.org/camelcase/-/camelcase-6.3.0.tgz 0ms (cache hit)
6199 http cache semver@https://registry.npmjs.org/semver/-/semver-7.7.2.tgz 0ms (cache hit)
6200 http cache supports-color@https://registry.npmjs.org/supports-color/-/supports-color-8.1.1.tgz 0ms (cache hit)
6201 http cache brace-expansion@https://registry.npmjs.org/brace-expansion/-/brace-expansion-1.1.12.tgz 0ms (cache hit)
6202 http cache type-fest@https://registry.npmjs.org/type-fest/-/type-fest-0.21.3.tgz 0ms (cache hit)
6203 http cache minimatch@https://registry.npmjs.org/minimatch/-/minimatch-3.1.2.tgz 0ms (cache hit)
6204 http cache react-is@https://registry.npmjs.org/react-is/-/react-is-16.13.1.tgz 0ms (cache hit)
6205 http cache minimatch@https://registry.npmjs.org/minimatch/-/minimatch-3.1.2.tgz 0ms (cache hit)
6206 http cache negotiator@https://registry.npmjs.org/negotiator/-/negotiator-0.6.3.tgz 0ms (cache hit)
6207 http cache ms@https://registry.npmjs.org/ms/-/ms-2.0.0.tgz 0ms (cache hit)
6208 http cache eslint-visitor-keys@https://registry.npmjs.org/eslint-visitor-keys/-/eslint-visitor-keys-3.4.3.tgz 0ms (cache hit)
6209 http cache on-finished@https://registry.npmjs.org/on-finished/-/on-finished-2.3.0.tgz 0ms (cache hit)
6210 http cache mime-db@https://registry.npmjs.org/mime-db/-/mime-db-1.52.0.tgz 0ms (cache hit)
6211 http cache debug@https://registry.npmjs.org/debug/-/debug-2.6.9.tgz 0ms (cache hit)
6212 http cache is-arrayish@https://registry.npmjs.org/is-arrayish/-/is-arrayish-0.3.2.tgz 0ms (cache hit)
6213 http cache eslint-visitor-keys@https://registry.npmjs.org/eslint-visitor-keys/-/eslint-visitor-keys-3.4.3.tgz 0ms (cache hit)
6214 http cache brace-expansion@https://registry.npmjs.org/brace-expansion/-/brace-expansion-1.1.12.tgz 0ms (cache hit)
6215 http cache eslint-visitor-keys@https://registry.npmjs.org/eslint-visitor-keys/-/eslint-visitor-keys-3.4.3.tgz 0ms (cache hit)
6216 http cache react-is@https://registry.npmjs.org/react-is/-/react-is-16.13.1.tgz 0ms (cache hit)
6217 http cache statuses@https://registry.npmjs.org/statuses/-/statuses-2.0.1.tgz 0ms (cache hit)
6218 http cache semver@https://registry.npmjs.org/semver/-/semver-7.7.2.tgz 0ms (cache hit)
6219 http cache parse-json@https://registry.npmjs.org/parse-json/-/parse-json-4.0.0.tgz 0ms (cache hit)
6220 http cache argparse@https://registry.npmjs.org/argparse/-/argparse-1.0.10.tgz 0ms (cache hit)
6221 http cache resolve-from@https://registry.npmjs.org/resolve-from/-/resolve-from-3.0.0.tgz 0ms (cache hit)
6222 http cache import-fresh@https://registry.npmjs.org/import-fresh/-/import-fresh-2.0.0.tgz 0ms (cache hit)
6223 http cache minimatch@https://registry.npmjs.org/minimatch/-/minimatch-3.1.2.tgz 0ms (cache hit)
6224 http cache resolve@https://registry.npmjs.org/resolve/-/resolve-2.0.0-next.5.tgz 0ms (cache hit)
6225 http cache js-yaml@https://registry.npmjs.org/js-yaml/-/js-yaml-3.14.1.tgz 0ms (cache hit)
6226 http cache doctrine@https://registry.npmjs.org/doctrine/-/doctrine-2.1.0.tgz 0ms (cache hit)
6227 http cache estraverse@https://registry.npmjs.org/estraverse/-/estraverse-4.3.0.tgz 0ms (cache hit)
6228 http cache cosmiconfig@https://registry.npmjs.org/cosmiconfig/-/cosmiconfig-5.2.1.tgz 0ms (cache hit)
6229 http cache brace-expansion@https://registry.npmjs.org/brace-expansion/-/brace-expansion-1.1.12.tgz 0ms (cache hit)
6230 http cache eslint-visitor-keys@https://registry.npmjs.org/eslint-visitor-keys/-/eslint-visitor-keys-3.4.3.tgz 0ms (cache hit)
6231 http cache @typescript-eslint/types@https://registry.npmjs.org/@typescript-eslint/types/-/types-5.62.0.tgz 0ms (cache hit)
6232 http cache @typescript-eslint/scope-manager@https://registry.npmjs.org/@typescript-eslint/scope-manager/-/scope-manager-5.62.0.tgz 0ms (cache hit)
6233 http cache @typescript-eslint/typescript-estree@https://registry.npmjs.org/@typescript-eslint/typescript-estree/-/typescript-estree-5.62.0.tgz 0ms (cache hit)
6234 http cache @typescript-eslint/utils@https://registry.npmjs.org/@typescript-eslint/utils/-/utils-5.62.0.tgz 0ms (cache hit)
6235 http cache @typescript-eslint/visitor-keys@https://registry.npmjs.org/@typescript-eslint/visitor-keys/-/visitor-keys-5.62.0.tgz 0ms (cache hit)
6236 http cache escape-string-regexp@https://registry.npmjs.org/escape-string-regexp/-/escape-string-regexp-1.0.5.tgz 0ms (cache hit)
6237 http cache brace-expansion@https://registry.npmjs.org/brace-expansion/-/brace-expansion-1.1.12.tgz 0ms (cache hit)
6238 http cache minimatch@https://registry.npmjs.org/minimatch/-/minimatch-3.1.2.tgz 0ms (cache hit)
6239 http cache semver@https://registry.npmjs.org/semver/-/semver-7.7.2.tgz 0ms (cache hit)
6240 http cache ms@https://registry.npmjs.org/ms/-/ms-2.0.0.tgz 0ms (cache hit)
6241 http cache encodeurl@https://registry.npmjs.org/encodeurl/-/encodeurl-2.0.0.tgz 0ms (cache hit)
6242 http cache debug@https://registry.npmjs.org/debug/-/debug-2.6.9.tgz 0ms (cache hit)
6243 http cache ms@https://registry.npmjs.org/ms/-/ms-2.0.0.tgz 0ms (cache hit)
6244 http cache ansi-styles@https://registry.npmjs.org/ansi-styles/-/ansi-styles-5.2.0.tgz 0ms (cache hit)
6245 http cache react-is@https://registry.npmjs.org/react-is/-/react-is-18.3.1.tgz 0ms (cache hit)
6246 http cache debug@https://registry.npmjs.org/debug/-/debug-2.6.9.tgz 0ms (cache hit)
6247 http cache locate-path@https://registry.npmjs.org/locate-path/-/locate-path-5.0.0.tgz 0ms (cache hit)
6248 http cache yargs-parser@https://registry.npmjs.org/yargs-parser/-/yargs-parser-18.1.3.tgz 0ms (cache hit)
6249 http cache find-up@https://registry.npmjs.org/find-up/-/find-up-4.1.0.tgz 0ms (cache hit)
6250 http cache cliui@https://registry.npmjs.org/cliui/-/cliui-6.0.0.tgz 0ms (cache hit)
6251 http cache p-limit@https://registry.npmjs.org/p-limit/-/p-limit-2.3.0.tgz 0ms (cache hit)
6252 http cache y18n@https://registry.npmjs.org/y18n/-/y18n-4.0.3.tgz 0ms (cache hit)
6253 http cache yargs@https://registry.npmjs.org/yargs/-/yargs-15.4.1.tgz 0ms (cache hit)
6254 http cache semver@https://registry.npmjs.org/semver/-/semver-7.7.2.tgz 0ms (cache hit)
6255 http cache @react-native-community/cli-tools@https://registry.npmjs.org/@react-native-community/cli-tools/-/cli-tools-18.0.0.tgz 0ms (cache hit)
6256 http cache glob-parent@https://registry.npmjs.org/glob-parent/-/glob-parent-5.1.2.tgz 0ms (cache hit)
6257 http cache wrap-ansi@https://registry.npmjs.org/wrap-ansi/-/wrap-ansi-6.2.0.tgz 0ms (cache hit)
6258 http cache debug@https://registry.npmjs.org/debug/-/debug-2.6.9.tgz 0ms (cache hit)
6259 http cache semver@https://registry.npmjs.org/semver/-/semver-7.7.2.tgz 0ms (cache hit)
6260 http cache @react-native-community/cli-config-android@https://registry.npmjs.org/@react-native-community/cli-config-android/-/cli-config-android-20.0.1.tgz 0ms (cache hit)
6261 http cache semver@https://registry.npmjs.org/semver/-/semver-7.7.2.tgz 0ms (cache hit)
6262 http cache @react-native-community/cli-platform-android@https://registry.npmjs.org/@react-native-community/cli-platform-android/-/cli-platform-android-20.0.1.tgz 0ms (cache hit)
6263 http cache @react-native-community/cli-platform-ios@https://registry.npmjs.org/@react-native-community/cli-platform-ios/-/cli-platform-ios-20.0.1.tgz 0ms (cache hit)
6264 http cache react-is@https://registry.npmjs.org/react-is/-/react-is-18.3.1.tgz 0ms (cache hit)
6265 http cache ms@https://registry.npmjs.org/ms/-/ms-2.0.0.tgz 0ms (cache hit)
6266 http cache ansi-styles@https://registry.npmjs.org/ansi-styles/-/ansi-styles-5.2.0.tgz 0ms (cache hit)
6267 http cache @sinclair/typebox@https://registry.npmjs.org/@sinclair/typebox/-/typebox-0.34.40.tgz 0ms (cache hit)
6268 http cache pretty-format@https://registry.npmjs.org/pretty-format/-/pretty-format-30.0.5.tgz 0ms (cache hit)
6269 http cache @jest/schemas@https://registry.npmjs.org/@jest/schemas/-/schemas-30.0.5.tgz 0ms (cache hit)
6270 http cache jest-diff@https://registry.npmjs.org/jest-diff/-/jest-diff-30.0.5.tgz 0ms (cache hit)
6271 http cache jest-matcher-utils@https://registry.npmjs.org/jest-matcher-utils/-/jest-matcher-utils-30.0.5.tgz 0ms (cache hit)
6272 http cache p-locate@https://registry.npmjs.org/p-locate/-/p-locate-4.1.0.tgz 0ms (cache hit)
6273 http cache brace-expansion@https://registry.npmjs.org/brace-expansion/-/brace-expansion-1.1.12.tgz 0ms (cache hit)
6274 http cache eslint-visitor-keys@https://registry.npmjs.org/eslint-visitor-keys/-/eslint-visitor-keys-3.4.3.tgz 0ms (cache hit)
6275 http cache minimatch@https://registry.npmjs.org/minimatch/-/minimatch-3.1.2.tgz 0ms (cache hit)
6276 http cache semver@https://registry.npmjs.org/semver/-/semver-7.7.2.tgz 0ms (cache hit)
6277 http cache @react-native-community/cli-config-apple@https://registry.npmjs.org/@react-native-community/cli-config-apple/-/cli-config-apple-18.0.0.tgz 0ms (cache hit)
6278 http cache @react-native-community/cli-tools@https://registry.npmjs.org/@react-native-community/cli-tools/-/cli-tools-18.0.0.tgz 0ms (cache hit)
6279 http cache semver@https://registry.npmjs.org/semver/-/semver-7.7.2.tgz 0ms (cache hit)
6280 http cache eslint-scope@https://registry.npmjs.org/eslint-scope/-/eslint-scope-7.2.2.tgz 0ms (cache hit)
6281 http cache semver@https://registry.npmjs.org/semver/-/semver-7.7.2.tgz 0ms (cache hit)
6282 http cache hermes-estree@https://registry.npmjs.org/hermes-estree/-/hermes-estree-0.28.1.tgz 0ms (cache hit)
6283 http cache @react-native-community/cli-tools@https://registry.npmjs.org/@react-native-community/cli-tools/-/cli-tools-18.0.0.tgz 0ms (cache hit)
6284 http cache semver@https://registry.npmjs.org/semver/-/semver-7.7.2.tgz 0ms (cache hit)
6285 http cache hermes-parser@https://registry.npmjs.org/hermes-parser/-/hermes-parser-0.28.1.tgz 0ms (cache hit)
6286 http cache babel-plugin-syntax-hermes-parser@https://registry.npmjs.org/babel-plugin-syntax-hermes-parser/-/babel-plugin-syntax-hermes-parser-0.28.1.tgz 0ms (cache hit)
6287 http cache commander@https://registry.npmjs.org/commander/-/commander-12.1.0.tgz 0ms (cache hit)
6288 http cache @react-native-community/cli-platform-apple@https://registry.npmjs.org/@react-native-community/cli-platform-apple/-/cli-platform-apple-18.0.0.tgz 0ms (cache hit)
6289 silly tarball no local data for caller-callsite@https://registry.npmjs.org/caller-callsite/-/caller-callsite-2.0.0.tgz. Extracting by manifest.
6290 silly tarball no local data for caller-path@https://registry.npmjs.org/caller-path/-/caller-path-2.0.0.tgz. Extracting by manifest.
6291 silly tarball no local data for set-blocking@https://registry.npmjs.org/set-blocking/-/set-blocking-2.0.0.tgz. Extracting by manifest.
6292 silly tarball no local data for which-module@https://registry.npmjs.org/which-module/-/which-module-2.0.1.tgz. Extracting by manifest.
6293 silly tarball no local data for is-directory@https://registry.npmjs.org/is-directory/-/is-directory-0.3.1.tgz. Extracting by manifest.
6294 silly tarball no local data for require-main-filename@https://registry.npmjs.org/require-main-filename/-/require-main-filename-2.0.0.tgz. Extracting by manifest.
6295 silly tarball no local data for decamelize@https://registry.npmjs.org/decamelize/-/decamelize-1.2.0.tgz. Extracting by manifest.
6296 silly tarball no local data for @types/semver@https://registry.npmjs.org/@types/semver/-/semver-7.7.0.tgz. Extracting by manifest.
6297 silly tarball no local data for tslib@https://registry.npmjs.org/tslib/-/tslib-1.14.1.tgz. Extracting by manifest.
6298 silly tarball no local data for tsutils@https://registry.npmjs.org/tsutils/-/tsutils-3.21.0.tgz. Extracting by manifest.
6299 silly tarball no local data for @jest/diff-sequences@https://registry.npmjs.org/@jest/diff-sequences/-/diff-sequences-30.0.1.tgz. Extracting by manifest.
6300 silly tarball no local data for @jest/get-type@https://registry.npmjs.org/@jest/get-type/-/get-type-30.0.1.tgz. Extracting by manifest.
6301 silly tarball no local data for json-parse-better-errors@https://registry.npmjs.org/json-parse-better-errors/-/json-parse-better-errors-1.0.2.tgz. Extracting by manifest.
6302 silly tarball no local data for @types/json-schema@https://registry.npmjs.org/@types/json-schema/-/json-schema-7.0.15.tgz. Extracting by manifest.
6303 silly tarball no local data for is-docker@https://registry.npmjs.org/is-docker/-/is-docker-2.2.1.tgz. Extracting by manifest.
6304 silly tarball no local data for esprima@https://registry.npmjs.org/esprima/-/esprima-4.0.1.tgz. Extracting by manifest.
6305 silly tarball no local data for sprintf-js@https://registry.npmjs.org/sprintf-js/-/sprintf-js-1.0.3.tgz. Extracting by manifest.
6306 silly tarball no local data for p-try@https://registry.npmjs.org/p-try/-/p-try-2.2.0.tgz. Extracting by manifest.
6307 silly tarball no local data for wrap-ansi@https://registry.npmjs.org/wrap-ansi/-/wrap-ansi-7.0.0.tgz. Extracting by manifest.
6308 silly tarball no local data for yargs-parser@https://registry.npmjs.org/yargs-parser/-/yargs-parser-21.1.1.tgz. Extracting by manifest.
6309 silly tarball no local data for string-width@https://registry.npmjs.org/string-width/-/string-width-4.2.3.tgz. Extracting by manifest.
6310 silly tarball no local data for emoji-regex@https://registry.npmjs.org/emoji-regex/-/emoji-regex-8.0.0.tgz. Extracting by manifest.
6311 silly tarball no local data for require-directory@https://registry.npmjs.org/require-directory/-/require-directory-2.1.1.tgz. Extracting by manifest.
6312 silly tarball no local data for concat-map@https://registry.npmjs.org/concat-map/-/concat-map-0.0.1.tgz. Extracting by manifest.
6313 silly tarball no local data for get-caller-file@https://registry.npmjs.org/get-caller-file/-/get-caller-file-2.0.5.tgz. Extracting by manifest.
6314 silly tarball no local data for y18n@https://registry.npmjs.org/y18n/-/y18n-5.0.8.tgz. Extracting by manifest.
6315 silly tarball no local data for async-limiter@https://registry.npmjs.org/async-limiter/-/async-limiter-1.0.1.tgz. Extracting by manifest.
6316 silly tarball no local data for cliui@https://registry.npmjs.org/cliui/-/cliui-8.0.1.tgz. Extracting by manifest.
6317 silly tarball no local data for is-weakmap@https://registry.npmjs.org/is-weakmap/-/is-weakmap-2.0.2.tgz. Extracting by manifest.
6318 silly tarball no local data for is-map@https://registry.npmjs.org/is-map/-/is-map-2.0.3.tgz. Extracting by manifest.
6319 silly tarball no local data for async-function@https://registry.npmjs.org/async-function/-/async-function-1.0.0.tgz. Extracting by manifest.
6320 silly tarball no local data for which-collection@https://registry.npmjs.org/which-collection/-/which-collection-1.0.2.tgz. Extracting by manifest.
6321 silly tarball no local data for is-weakset@https://registry.npmjs.org/is-weakset/-/is-weakset-2.0.4.tgz. Extracting by manifest.
6322 silly tarball no local data for is-generator-function@https://registry.npmjs.org/is-generator-function/-/is-generator-function-1.1.0.tgz. Extracting by manifest.
6323 silly tarball no local data for is-finalizationregistry@https://registry.npmjs.org/is-finalizationregistry/-/is-finalizationregistry-1.1.1.tgz. Extracting by manifest.
6324 silly tarball no local data for is-number-object@https://registry.npmjs.org/is-number-object/-/is-number-object-1.1.1.tgz. Extracting by manifest.
6325 silly tarball no local data for is-boolean-object@https://registry.npmjs.org/is-boolean-object/-/is-boolean-object-1.2.2.tgz. Extracting by manifest.
6326 silly tarball no local data for is-bigint@https://registry.npmjs.org/is-bigint/-/is-bigint-1.1.0.tgz. Extracting by manifest.
6327 silly tarball no local data for isexe@https://registry.npmjs.org/isexe/-/isexe-2.0.0.tgz. Extracting by manifest.
6328 silly tarball no local data for webidl-conversions@https://registry.npmjs.org/webidl-conversions/-/webidl-conversions-3.0.1.tgz. Extracting by manifest.
6329 silly tarball no local data for is-async-function@https://registry.npmjs.org/is-async-function/-/is-async-function-2.1.1.tgz. Extracting by manifest.
6330 silly tarball no local data for clone@https://registry.npmjs.org/clone/-/clone-1.0.4.tgz. Extracting by manifest.
6331 silly tarball no local data for defaults@https://registry.npmjs.org/defaults/-/defaults-1.0.4.tgz. Extracting by manifest.
6332 silly tarball no local data for tr46@https://registry.npmjs.org/tr46/-/tr46-0.0.3.tgz. Extracting by manifest.
6333 silly tarball no local data for tmpl@https://registry.npmjs.org/tmpl/-/tmpl-1.0.5.tgz. Extracting by manifest.
6334 silly tarball no local data for punycode@https://registry.npmjs.org/punycode/-/punycode-2.3.1.tgz. Extracting by manifest.
6335 silly tarball no local data for makeerror@https://registry.npmjs.org/makeerror/-/makeerror-1.0.12.tgz. Extracting by manifest.
6336 silly tarball no local data for escalade@https://registry.npmjs.org/escalade/-/escalade-3.2.0.tgz. Extracting by manifest.
6337 silly tarball no local data for unicode-property-aliases-ecmascript@https://registry.npmjs.org/unicode-property-aliases-ecmascript/-/unicode-property-aliases-ecmascript-2.1.0.tgz. Extracting by manifest.
6338 http cache @react-native/js-polyfills@https://registry.npmjs.org/@react-native/js-polyfills/-/js-polyfills-0.80.0.tgz 0ms (cache hit)
6339 silly tarball no local data for which-boxed-primitive@https://registry.npmjs.org/which-boxed-primitive/-/which-boxed-primitive-1.1.1.tgz. Extracting by manifest.
6340 silly tarball no local data for has-bigints@https://registry.npmjs.org/has-bigints/-/has-bigints-1.1.0.tgz. Extracting by manifest.
6341 silly tarball no local data for unicode-canonical-property-names-ecmascript@https://registry.npmjs.org/unicode-canonical-property-names-ecmascript/-/unicode-canonical-property-names-ecmascript-2.0.1.tgz. Extracting by manifest.
6342 silly tarball no local data for which-builtin-type@https://registry.npmjs.org/which-builtin-type/-/which-builtin-type-1.2.1.tgz. Extracting by manifest.
6343 silly tarball no local data for for-each@https://registry.npmjs.org/for-each/-/for-each-0.3.5.tgz. Extracting by manifest.
6344 silly tarball no local data for media-typer@https://registry.npmjs.org/media-typer/-/media-typer-0.3.0.tgz. Extracting by manifest.
6345 http cache @react-native/codegen@https://registry.npmjs.org/@react-native/codegen/-/codegen-0.80.0.tgz 0ms (cache hit)
6346 silly tarball no local data for is-number@https://registry.npmjs.org/is-number/-/is-number-7.0.0.tgz. Extracting by manifest.
6347 silly tarball no local data for @jridgewell/source-map@https://registry.npmjs.org/@jridgewell/source-map/-/source-map-0.3.11.tgz. Extracting by manifest.
6348 silly tarball no local data for min-indent@https://registry.npmjs.org/min-indent/-/min-indent-1.0.1.tgz. Extracting by manifest.
6349 silly tarball no local data for char-regex@https://registry.npmjs.org/char-regex/-/char-regex-1.0.2.tgz. Extracting by manifest.
6350 silly tarball no local data for has-flag@https://registry.npmjs.org/has-flag/-/has-flag-4.0.0.tgz. Extracting by manifest.
6351 silly tarball no local data for buffer-from@https://registry.npmjs.org/buffer-from/-/buffer-from-1.1.2.tgz. Extracting by manifest.
6352 silly tarball no local data for astral-regex@https://registry.npmjs.org/astral-regex/-/astral-regex-1.0.0.tgz. Extracting by manifest.
6353 silly tarball no local data for side-channel-weakmap@https://registry.npmjs.org/side-channel-weakmap/-/side-channel-weakmap-1.0.2.tgz. Extracting by manifest.
6354 silly tarball no local data for side-channel-list@https://registry.npmjs.org/side-channel-list/-/side-channel-list-1.0.0.tgz. Extracting by manifest.
6355 silly tarball no local data for reflect.getprototypeof@https://registry.npmjs.org/reflect.getprototypeof/-/reflect.getprototypeof-1.0.10.tgz. Extracting by manifest.
6356 silly tarball no local data for side-channel-map@https://registry.npmjs.org/side-channel-map/-/side-channel-map-1.0.1.tgz. Extracting by manifest.
6357 silly tarball no local data for shebang-regex@https://registry.npmjs.org/shebang-regex/-/shebang-regex-3.0.0.tgz. Extracting by manifest.
6358 silly tarball no local data for range-parser@https://registry.npmjs.org/range-parser/-/range-parser-1.2.1.tgz. Extracting by manifest.
6359 silly tarball no local data for isarray@https://registry.npmjs.org/isarray/-/isarray-2.0.5.tgz. Extracting by manifest.
6360 silly tarball no local data for queue-microtask@https://registry.npmjs.org/queue-microtask/-/queue-microtask-1.2.3.tgz. Extracting by manifest.
6361 silly tarball no local data for etag@https://registry.npmjs.org/etag/-/etag-1.8.1.tgz. Extracting by manifest.
6362 silly tarball no local data for supports-preserve-symlinks-flag@https://registry.npmjs.org/supports-preserve-symlinks-flag/-/supports-preserve-symlinks-flag-1.0.0.tgz. Extracting by manifest.
6363 silly tarball no local data for fresh@https://registry.npmjs.org/fresh/-/fresh-0.5.2.tgz. Extracting by manifest.
6364 silly tarball no local data for send@https://registry.npmjs.org/send/-/send-0.19.0.tgz. Extracting by manifest.
6365 silly tarball no local data for is-core-module@https://registry.npmjs.org/is-core-module/-/is-core-module-2.16.1.tgz. Extracting by manifest.
6366 silly tarball no local data for path-parse@https://registry.npmjs.org/path-parse/-/path-parse-1.0.7.tgz. Extracting by manifest.
6367 silly tarball no local data for unicode-match-property-value-ecmascript@https://registry.npmjs.org/unicode-match-property-value-ecmascript/-/unicode-match-property-value-ecmascript-2.2.0.tgz. Extracting by manifest.
6368 silly tarball no local data for is-fullwidth-code-point@https://registry.npmjs.org/is-fullwidth-code-point/-/is-fullwidth-code-point-2.0.0.tgz. Extracting by manifest.
6369 silly tarball no local data for regjsparser@https://registry.npmjs.org/regjsparser/-/regjsparser-0.12.0.tgz. Extracting by manifest.
6370 silly tarball no local data for unicode-match-property-ecmascript@https://registry.npmjs.org/unicode-match-property-ecmascript/-/unicode-match-property-ecmascript-2.0.0.tgz. Extracting by manifest.
6371 silly tarball no local data for regjsgen@https://registry.npmjs.org/regjsgen/-/regjsgen-0.8.0.tgz. Extracting by manifest.
6372 silly tarball no local data for regenerate@https://registry.npmjs.org/regenerate/-/regenerate-1.4.2.tgz. Extracting by manifest.
6373 silly tarball no local data for util-deprecate@https://registry.npmjs.org/util-deprecate/-/util-deprecate-1.0.2.tgz. Extracting by manifest.
6374 silly tarball no local data for string_decoder@https://registry.npmjs.org/string_decoder/-/string_decoder-1.3.0.tgz. Extracting by manifest.
6375 silly tarball no local data for warn-once@https://registry.npmjs.org/warn-once/-/warn-once-0.1.1.tgz. Extracting by manifest.
6376 silly tarball no local data for indent-string@https://registry.npmjs.org/indent-string/-/indent-string-4.0.0.tgz. Extracting by manifest.
6377 silly tarball no local data for react-native-is-edge-to-edge@https://registry.npmjs.org/react-native-is-edge-to-edge/-/react-native-is-edge-to-edge-1.2.1.tgz. Extracting by manifest.
6378 silly tarball no local data for regenerate-unicode-properties@https://registry.npmjs.org/regenerate-unicode-properties/-/regenerate-unicode-properties-10.2.0.tgz. Extracting by manifest.
6379 silly tarball no local data for strip-indent@https://registry.npmjs.org/strip-indent/-/strip-indent-3.0.0.tgz. Extracting by manifest.
6380 silly tarball no local data for whatwg-url-without-unicode@https://registry.npmjs.org/whatwg-url-without-unicode/-/whatwg-url-without-unicode-8.0.0-3.tgz. Extracting by manifest.
6381 silly tarball no local data for react-freeze@https://registry.npmjs.org/react-freeze/-/react-freeze-1.0.4.tgz. Extracting by manifest.
6382 silly tarball no local data for @types/hammerjs@https://registry.npmjs.org/@types/hammerjs/-/hammerjs-2.0.46.tgz. Extracting by manifest.
6383 silly tarball no local data for @revenuecat/purchases-typescript-internal@https://registry.npmjs.org/@revenuecat/purchases-typescript-internal/-/purchases-typescript-internal-14.2.0.tgz. Extracting by manifest.
6384 silly tarball no local data for mkdirp@https://registry.npmjs.org/mkdirp/-/mkdirp-1.0.4.tgz. Extracting by manifest.
6385 silly tarball no local data for marky@https://registry.npmjs.org/marky/-/marky-1.3.0.tgz. Extracting by manifest.
6386 silly tarball no local data for @egjs/hammerjs@https://registry.npmjs.org/@egjs/hammerjs/-/hammerjs-2.0.17.tgz. Extracting by manifest.
6387 silly tarball no local data for lighthouse-logger@https://registry.npmjs.org/lighthouse-logger/-/lighthouse-logger-1.4.2.tgz. Extracting by manifest.
6388 silly tarball no local data for event-target-shim@https://registry.npmjs.org/event-target-shim/-/event-target-shim-5.0.1.tgz. Extracting by manifest.
6389 silly tarball no local data for asap@https://registry.npmjs.org/asap/-/asap-2.0.6.tgz. Extracting by manifest.
6390 silly tarball no local data for chromium-edge-launcher@https://registry.npmjs.org/chromium-edge-launcher/-/chromium-edge-launcher-0.2.0.tgz. Extracting by manifest.
6391 silly tarball no local data for chrome-launcher@https://registry.npmjs.org/chrome-launcher/-/chrome-launcher-0.15.2.tgz. Extracting by manifest.
6392 silly tarball no local data for @isaacs/ttlcache@https://registry.npmjs.org/@isaacs/ttlcache/-/ttlcache-1.4.1.tgz. Extracting by manifest.
6393 silly tarball no local data for @react-native/debugger-frontend@https://registry.npmjs.org/@react-native/debugger-frontend/-/debugger-frontend-0.80.0.tgz. Extracting by manifest.
6394 silly tarball no local data for whatwg-fetch@https://registry.npmjs.org/whatwg-fetch/-/whatwg-fetch-3.6.20.tgz. Extracting by manifest.
6395 silly tarball no local data for @react-native/dev-middleware@https://registry.npmjs.org/@react-native/dev-middleware/-/dev-middleware-0.80.0.tgz. Extracting by manifest.
6396 silly tarball no local data for scheduler@https://registry.npmjs.org/scheduler/-/scheduler-0.26.0.tgz. Extracting by manifest.
6397 silly tarball no local data for regenerator-runtime@https://registry.npmjs.org/regenerator-runtime/-/regenerator-runtime-0.13.11.tgz. Extracting by manifest.
6398 silly tarball no local data for stacktrace-parser@https://registry.npmjs.org/stacktrace-parser/-/stacktrace-parser-0.1.11.tgz. Extracting by manifest.
6399 silly tarball no local data for promise@https://registry.npmjs.org/promise/-/promise-8.3.0.tgz. Extracting by manifest.
6400 silly tarball no local data for ansi-regex@https://registry.npmjs.org/ansi-regex/-/ansi-regex-5.0.1.tgz. Extracting by manifest.
6401 silly tarball no local data for react-devtools-core@https://registry.npmjs.org/react-devtools-core/-/react-devtools-core-6.1.5.tgz. Extracting by manifest.
6402 silly tarball no local data for anser@https://registry.npmjs.org/anser/-/anser-1.4.10.tgz. Extracting by manifest.
6403 silly tarball no local data for memoize-one@https://registry.npmjs.org/memoize-one/-/memoize-one-5.2.1.tgz. Extracting by manifest.
6404 silly tarball no local data for abort-controller@https://registry.npmjs.org/abort-controller/-/abort-controller-3.0.0.tgz. Extracting by manifest.
6405 silly tarball no local data for @react-native/normalize-colors@https://registry.npmjs.org/@react-native/normalize-colors/-/normalize-colors-0.80.0.tgz. Extracting by manifest.
6406 silly tarball no local data for @react-native/community-cli-plugin@https://registry.npmjs.org/@react-native/community-cli-plugin/-/community-cli-plugin-0.80.0.tgz. Extracting by manifest.
6407 silly tarball no local data for @react-native/virtualized-lists@https://registry.npmjs.org/@react-native/virtualized-lists/-/virtualized-lists-0.80.0.tgz. Extracting by manifest.
6408 silly tarball no local data for @react-native/assets-registry@https://registry.npmjs.org/@react-native/assets-registry/-/assets-registry-0.80.0.tgz. Extracting by manifest.
6409 silly tarball no local data for strict-uri-encode@https://registry.npmjs.org/strict-uri-encode/-/strict-uri-encode-2.0.0.tgz. Extracting by manifest.
6410 silly tarball no local data for @react-native/gradle-plugin@https://registry.npmjs.org/@react-native/gradle-plugin/-/gradle-plugin-0.80.0.tgz. Extracting by manifest.
6411 silly tarball no local data for filter-obj@https://registry.npmjs.org/filter-obj/-/filter-obj-1.1.0.tgz. Extracting by manifest.
6412 silly tarball no local data for decode-uri-component@https://registry.npmjs.org/decode-uri-component/-/decode-uri-component-0.2.2.tgz. Extracting by manifest.
6413 silly tarball no local data for object-assign@https://registry.npmjs.org/object-assign/-/object-assign-4.1.1.tgz. Extracting by manifest.
6414 silly tarball no local data for sisteransi@https://registry.npmjs.org/sisteransi/-/sisteransi-1.0.5.tgz. Extracting by manifest.
6415 silly tarball no local data for @jest/create-cache-key-function@https://registry.npmjs.org/@jest/create-cache-key-function/-/create-cache-key-function-29.7.0.tgz. Extracting by manifest.
6416 silly tarball no local data for split-on-first@https://registry.npmjs.org/split-on-first/-/split-on-first-1.1.0.tgz. Extracting by manifest.
6417 silly tarball no local data for is-arrayish@https://registry.npmjs.org/is-arrayish/-/is-arrayish-0.2.1.tgz. Extracting by manifest.
6418 silly tarball no local data for kleur@https://registry.npmjs.org/kleur/-/kleur-3.0.3.tgz. Extracting by manifest.
6419 silly tarball no local data for json-parse-even-better-errors@https://registry.npmjs.org/json-parse-even-better-errors/-/json-parse-even-better-errors-2.3.1.tgz. Extracting by manifest.
6420 silly tarball no local data for lines-and-columns@https://registry.npmjs.org/lines-and-columns/-/lines-and-columns-1.2.4.tgz. Extracting by manifest.
6421 silly tarball no local data for error-ex@https://registry.npmjs.org/error-ex/-/error-ex-1.3.2.tgz. Extracting by manifest.
6422 silly tarball no local data for yocto-queue@https://registry.npmjs.org/yocto-queue/-/yocto-queue-0.1.0.tgz. Extracting by manifest.
6423 silly tarball no local data for base64-js@https://registry.npmjs.org/base64-js/-/base64-js-1.5.1.tgz. Extracting by manifest.
6424 silly tarball no local data for ieee754@https://registry.npmjs.org/ieee754/-/ieee754-1.2.1.tgz. Extracting by manifest.
6425 silly tarball no local data for restore-cursor@https://registry.npmjs.org/restore-cursor/-/restore-cursor-3.1.0.tgz. Extracting by manifest.
6426 silly tarball no local data for buffer@https://registry.npmjs.org/buffer/-/buffer-5.7.1.tgz. Extracting by manifest.
6427 silly tarball no local data for log-symbols@https://registry.npmjs.org/log-symbols/-/log-symbols-4.1.0.tgz. Extracting by manifest.
6428 silly tarball no local data for readable-stream@https://registry.npmjs.org/readable-stream/-/readable-stream-3.6.2.tgz. Extracting by manifest.
6429 silly tarball no local data for is-unicode-supported@https://registry.npmjs.org/is-unicode-supported/-/is-unicode-supported-0.1.0.tgz. Extracting by manifest.
6430 silly tarball no local data for cli-cursor@https://registry.npmjs.org/cli-cursor/-/cli-cursor-3.1.0.tgz. Extracting by manifest.
6431 silly tarball no local data for bl@https://registry.npmjs.org/bl/-/bl-4.1.0.tgz. Extracting by manifest.
6432 silly tarball no local data for cli-spinners@https://registry.npmjs.org/cli-spinners/-/cli-spinners-2.9.2.tgz. Extracting by manifest.
6433 silly tarball no local data for is-interactive@https://registry.npmjs.org/is-interactive/-/is-interactive-1.0.0.tgz. Extracting by manifest.
6434 silly tarball no local data for is-wsl@https://registry.npmjs.org/is-wsl/-/is-wsl-1.1.0.tgz. Extracting by manifest.
6435 silly tarball no local data for word-wrap@https://registry.npmjs.org/word-wrap/-/word-wrap-1.2.5.tgz. Extracting by manifest.
6436 silly tarball no local data for mimic-fn@https://registry.npmjs.org/mimic-fn/-/mimic-fn-2.1.0.tgz. Extracting by manifest.
6437 silly tarball no local data for ee-first@https://registry.npmjs.org/ee-first/-/ee-first-1.1.1.tgz. Extracting by manifest.
6438 silly tarball no local data for balanced-match@https://registry.npmjs.org/balanced-match/-/balanced-match-1.0.2.tgz. Extracting by manifest.
6439 silly tarball no local data for deep-is@https://registry.npmjs.org/deep-is/-/deep-is-0.1.4.tgz. Extracting by manifest.
6440 silly tarball no local data for whatwg-url@https://registry.npmjs.org/whatwg-url/-/whatwg-url-5.0.0.tgz. Extracting by manifest.
6441 silly tarball no local data for fast-levenshtein@https://registry.npmjs.org/fast-levenshtein/-/fast-levenshtein-2.0.6.tgz. Extracting by manifest.
6442 silly tarball no local data for braces@https://registry.npmjs.org/braces/-/braces-3.0.3.tgz. Extracting by manifest.
6443 silly tarball no local data for fill-range@https://registry.npmjs.org/fill-range/-/fill-range-7.1.1.tgz. Extracting by manifest.
6444 silly tarball no local data for to-regex-range@https://registry.npmjs.org/to-regex-range/-/to-regex-range-5.0.1.tgz. Extracting by manifest.
6445 silly tarball no local data for terser@https://registry.npmjs.org/terser/-/terser-5.43.1.tgz. Extracting by manifest.
6446 silly tarball no local data for metro-minify-terser@https://registry.npmjs.org/metro-minify-terser/-/metro-minify-terser-0.82.5.tgz. Extracting by manifest.
6447 silly tarball no local data for @babel/traverse--for-generate-function-map@https://registry.npmjs.org/@babel/traverse/-/traverse-7.28.3.tgz. Extracting by manifest.
6448 silly tarball no local data for exponential-backoff@https://registry.npmjs.org/exponential-backoff/-/exponential-backoff-3.1.2.tgz. Extracting by manifest.
6449 silly tarball no local data for ob1@https://registry.npmjs.org/ob1/-/ob1-0.82.5.tgz. Extracting by manifest.
6450 silly tarball no local data for queue@https://registry.npmjs.org/queue/-/queue-6.0.2.tgz. Extracting by manifest.
6451 silly tarball no local data for stackframe@https://registry.npmjs.org/stackframe/-/stackframe-1.3.4.tgz. Extracting by manifest.
6452 silly tarball no local data for serialize-error@https://registry.npmjs.org/serialize-error/-/serialize-error-2.1.0.tgz. Extracting by manifest.
6453 silly tarball no local data for metro-transform-worker@https://registry.npmjs.org/metro-transform-worker/-/metro-transform-worker-0.82.5.tgz. Extracting by manifest.
6454 silly tarball no local data for brace-expansion@https://registry.npmjs.org/brace-expansion/-/brace-expansion-2.0.2.tgz. Extracting by manifest.
6455 silly tarball no local data for metro-transform-plugins@https://registry.npmjs.org/metro-transform-plugins/-/metro-transform-plugins-0.82.5.tgz. Extracting by manifest.
6456 silly tarball no local data for vlq@https://registry.npmjs.org/vlq/-/vlq-1.0.1.tgz. Extracting by manifest.
6457 silly tarball no local data for metro-symbolicate@https://registry.npmjs.org/metro-symbolicate/-/metro-symbolicate-0.82.5.tgz. Extracting by manifest.
6458 silly tarball no local data for throat@https://registry.npmjs.org/throat/-/throat-5.0.0.tgz. Extracting by manifest.
6459 silly tarball no local data for metro-resolver@https://registry.npmjs.org/metro-resolver/-/metro-resolver-0.82.5.tgz. Extracting by manifest.
6460 silly tarball no local data for metro-source-map@https://registry.npmjs.org/metro-source-map/-/metro-source-map-0.82.5.tgz. Extracting by manifest.
6461 silly tarball no local data for metro-cache-key@https://registry.npmjs.org/metro-cache-key/-/metro-cache-key-0.82.5.tgz. Extracting by manifest.
6462 silly tarball no local data for lodash.throttle@https://registry.npmjs.org/lodash.throttle/-/lodash.throttle-4.1.1.tgz. Extracting by manifest.
6463 silly tarball no local data for error-stack-parser@https://registry.npmjs.org/error-stack-parser/-/error-stack-parser-2.1.4.tgz. Extracting by manifest.
6464 silly tarball no local data for metro-core@https://registry.npmjs.org/metro-core/-/metro-core-0.82.5.tgz. Extracting by manifest.
6465 silly tarball no local data for jsc-safe-url@https://registry.npmjs.org/jsc-safe-url/-/jsc-safe-url-0.2.4.tgz. Extracting by manifest.
6466 silly tarball no local data for metro-file-map@https://registry.npmjs.org/metro-file-map/-/metro-file-map-0.82.5.tgz. Extracting by manifest.
6467 silly tarball no local data for metro-babel-transformer@https://registry.npmjs.org/metro-babel-transformer/-/metro-babel-transformer-0.82.5.tgz. Extracting by manifest.
6468 silly tarball no local data for yallist@https://registry.npmjs.org/yallist/-/yallist-3.1.1.tgz. Extracting by manifest.
6469 silly tarball no local data for metro-cache@https://registry.npmjs.org/metro-cache/-/metro-cache-0.82.5.tgz. Extracting by manifest.
6470 silly tarball no local data for is-plain-obj@https://registry.npmjs.org/is-plain-obj/-/is-plain-obj-2.1.0.tgz. Extracting by manifest.
6471 silly tarball no local data for flow-enums-runtime@https://registry.npmjs.org/flow-enums-runtime/-/flow-enums-runtime-0.0.6.tgz. Extracting by manifest.
6472 silly tarball no local data for ansi-fragments@https://registry.npmjs.org/ansi-fragments/-/ansi-fragments-0.2.1.tgz. Extracting by manifest.
6473 silly tarball no local data for colorette@https://registry.npmjs.org/colorette/-/colorette-1.4.0.tgz. Extracting by manifest.
6474 silly tarball no local data for slice-ansi@https://registry.npmjs.org/slice-ansi/-/slice-ansi-2.1.0.tgz. Extracting by manifest.
6475 silly tarball no local data for type-check@https://registry.npmjs.org/type-check/-/type-check-0.4.0.tgz. Extracting by manifest.
6476 silly tarball no local data for prelude-ls@https://registry.npmjs.org/prelude-ls/-/prelude-ls-1.2.1.tgz. Extracting by manifest.
6477 silly tarball no local data for dayjs@https://registry.npmjs.org/dayjs/-/dayjs-1.11.13.tgz. Extracting by manifest.
6478 silly tarball no local data for shell-quote@https://registry.npmjs.org/shell-quote/-/shell-quote-1.8.3.tgz. Extracting by manifest.
6479 silly tarball no local data for argparse@https://registry.npmjs.org/argparse/-/argparse-2.0.1.tgz. Extracting by manifest.
6480 silly tarball no local data for metro@https://registry.npmjs.org/metro/-/metro-0.82.5.tgz. Extracting by manifest.
6481 silly tarball no local data for image-size@https://registry.npmjs.org/image-size/-/image-size-1.2.1.tgz. Extracting by manifest.
6482 silly tarball no local data for json-buffer@https://registry.npmjs.org/json-buffer/-/json-buffer-3.0.1.tgz. Extracting by manifest.
6483 silly tarball no local data for @sideway/formula@https://registry.npmjs.org/@sideway/formula/-/formula-3.0.1.tgz. Extracting by manifest.
6484 silly tarball no local data for @sideway/address@https://registry.npmjs.org/@sideway/address/-/address-4.1.5.tgz. Extracting by manifest.
6485 silly tarball no local data for array.prototype.flat@https://registry.npmjs.org/array.prototype.flat/-/array.prototype.flat-1.3.3.tgz. Extracting by manifest.
6486 silly tarball no local data for @sideway/pinpoint@https://registry.npmjs.org/@sideway/pinpoint/-/pinpoint-2.0.0.tgz. Extracting by manifest.
6487 silly tarball no local data for @hapi/topo@https://registry.npmjs.org/@hapi/topo/-/topo-5.1.0.tgz. Extracting by manifest.
6488 silly tarball no local data for @hapi/hoek@https://registry.npmjs.org/@hapi/hoek/-/hoek-9.3.0.tgz. Extracting by manifest.
6489 silly tarball no local data for callsites@https://registry.npmjs.org/callsites/-/callsites-3.1.0.tgz. Extracting by manifest.
6490 silly tarball no local data for cjs-module-lexer@https://registry.npmjs.org/cjs-module-lexer/-/cjs-module-lexer-1.4.3.tgz. Extracting by manifest.
6491 silly tarball no local data for p-locate@https://registry.npmjs.org/p-locate/-/p-locate-5.0.0.tgz. Extracting by manifest.
6492 silly tarball no local data for @jest/source-map@https://registry.npmjs.org/@jest/source-map/-/source-map-29.6.3.tgz. Extracting by manifest.
6493 silly tarball no local data for strip-bom@https://registry.npmjs.org/strip-bom/-/strip-bom-4.0.0.tgz. Extracting by manifest.
6494 silly tarball no local data for @jest/globals@https://registry.npmjs.org/@jest/globals/-/globals-29.7.0.tgz. Extracting by manifest.
6495 silly tarball no local data for leven@https://registry.npmjs.org/leven/-/leven-3.1.0.tgz. Extracting by manifest.
6496 silly tarball no local data for detect-newline@https://registry.npmjs.org/detect-newline/-/detect-newline-3.1.0.tgz. Extracting by manifest.
6497 silly tarball no local data for emittery@https://registry.npmjs.org/emittery/-/emittery-0.13.1.tgz. Extracting by manifest.
6498 silly tarball no local data for source-map-support@https://registry.npmjs.org/source-map-support/-/source-map-support-0.5.13.tgz. Extracting by manifest.
6499 silly tarball no local data for resolve.exports@https://registry.npmjs.org/resolve.exports/-/resolve.exports-2.0.3.tgz. Extracting by manifest.
6500 silly tarball no local data for bser@https://registry.npmjs.org/bser/-/bser-2.1.1.tgz. Extracting by manifest.
6501 silly tarball no local data for @types/stack-utils@https://registry.npmjs.org/@types/stack-utils/-/stack-utils-2.0.3.tgz. Extracting by manifest.
6502 silly tarball no local data for picomatch@https://registry.npmjs.org/picomatch/-/picomatch-2.3.1.tgz. Extracting by manifest.
6503 silly tarball no local data for jest-pnp-resolver@https://registry.npmjs.org/jest-pnp-resolver/-/jest-pnp-resolver-1.2.3.tgz. Extracting by manifest.
6504 silly tarball no local data for node-int64@https://registry.npmjs.org/node-int64/-/node-int64-0.4.0.tgz. Extracting by manifest.
6505 silly tarball no local data for jest-docblock@https://registry.npmjs.org/jest-docblock/-/jest-docblock-29.7.0.tgz. Extracting by manifest.
6506 silly tarball no local data for walker@https://registry.npmjs.org/walker/-/walker-1.0.8.tgz. Extracting by manifest.
6507 silly tarball no local data for fb-watchman@https://registry.npmjs.org/fb-watchman/-/fb-watchman-2.0.2.tgz. Extracting by manifest.
6508 silly tarball no local data for normalize-path@https://registry.npmjs.org/normalize-path/-/normalize-path-3.0.0.tgz. Extracting by manifest.
6509 silly tarball no local data for anymatch@https://registry.npmjs.org/anymatch/-/anymatch-3.1.3.tgz. Extracting by manifest.
6510 silly tarball no local data for type-detect@https://registry.npmjs.org/type-detect/-/type-detect-4.0.8.tgz. Extracting by manifest.
6511 silly tarball no local data for fsevents@https://registry.npmjs.org/fsevents/-/fsevents-2.3.3.tgz. Extracting by manifest.
6512 silly tarball no local data for jest-leak-detector@https://registry.npmjs.org/jest-leak-detector/-/jest-leak-detector-29.7.0.tgz. Extracting by manifest.
6513 silly tarball no local data for diff-sequences@https://registry.npmjs.org/diff-sequences/-/diff-sequences-29.6.3.tgz. Extracting by manifest.
6514 silly tarball no local data for @types/graceful-fs@https://registry.npmjs.org/@types/graceful-fs/-/graceful-fs-4.1.9.tgz. Extracting by manifest.
6515 silly tarball no local data for jest-mock@https://registry.npmjs.org/jest-mock/-/jest-mock-29.7.0.tgz. Extracting by manifest.
6516 silly tarball no local data for @jest/fake-timers@https://registry.npmjs.org/@jest/fake-timers/-/fake-timers-29.7.0.tgz. Extracting by manifest.
6517 silly tarball no local data for @sinonjs/commons@https://registry.npmjs.org/@sinonjs/commons/-/commons-3.0.1.tgz. Extracting by manifest.
6518 silly tarball no local data for @sinonjs/fake-timers@https://registry.npmjs.org/@sinonjs/fake-timers/-/fake-timers-10.3.0.tgz. Extracting by manifest.
6519 silly tarball no local data for stack-utils@https://registry.npmjs.org/stack-utils/-/stack-utils-2.0.6.tgz. Extracting by manifest.
6520 silly tarball no local data for pure-rand@https://registry.npmjs.org/pure-rand/-/pure-rand-6.1.0.tgz. Extracting by manifest.
6521 silly tarball no local data for jest-each@https://registry.npmjs.org/jest-each/-/jest-each-29.7.0.tgz. Extracting by manifest.
6522 silly tarball no local data for is-generator-fn@https://registry.npmjs.org/is-generator-fn/-/is-generator-fn-2.1.0.tgz. Extracting by manifest.
6523 silly tarball no local data for @jest/expect@https://registry.npmjs.org/@jest/expect/-/expect-29.7.0.tgz. Extracting by manifest.
6524 silly tarball no local data for co@https://registry.npmjs.org/co/-/co-4.6.0.tgz. Extracting by manifest.
6525 silly tarball no local data for @jest/environment@https://registry.npmjs.org/@jest/environment/-/environment-29.7.0.tgz. Extracting by manifest.
6526 silly tarball no local data for @babel/plugin-syntax-object-rest-spread@https://registry.npmjs.org/@babel/plugin-syntax-object-rest-spread/-/plugin-syntax-object-rest-spread-7.8.3.tgz. Extracting by manifest.
6527 silly tarball no local data for @babel/plugin-syntax-optional-catch-binding@https://registry.npmjs.org/@babel/plugin-syntax-optional-catch-binding/-/plugin-syntax-optional-catch-binding-7.8.3.tgz. Extracting by manifest.
6528 silly tarball no local data for @babel/plugin-syntax-numeric-separator@https://registry.npmjs.org/@babel/plugin-syntax-numeric-separator/-/plugin-syntax-numeric-separator-7.10.4.tgz. Extracting by manifest.
6529 silly tarball no local data for @babel/plugin-syntax-private-property-in-object@https://registry.npmjs.org/@babel/plugin-syntax-private-property-in-object/-/plugin-syntax-private-property-in-object-7.14.5.tgz. Extracting by manifest.
6530 silly tarball no local data for @babel/plugin-syntax-logical-assignment-operators@https://registry.npmjs.org/@babel/plugin-syntax-logical-assignment-operators/-/plugin-syntax-logical-assignment-operators-7.10.4.tgz. Extracting by manifest.
6531 silly tarball no local data for @babel/plugin-syntax-json-strings@https://registry.npmjs.org/@babel/plugin-syntax-json-strings/-/plugin-syntax-json-strings-7.8.3.tgz. Extracting by manifest.
6532 silly tarball no local data for @babel/plugin-syntax-top-level-await@https://registry.npmjs.org/@babel/plugin-syntax-top-level-await/-/plugin-syntax-top-level-await-7.14.5.tgz. Extracting by manifest.
6533 silly tarball no local data for @babel/plugin-syntax-import-meta@https://registry.npmjs.org/@babel/plugin-syntax-import-meta/-/plugin-syntax-import-meta-7.10.4.tgz. Extracting by manifest.
6534 silly tarball no local data for @babel/plugin-syntax-class-static-block@https://registry.npmjs.org/@babel/plugin-syntax-class-static-block/-/plugin-syntax-class-static-block-7.14.5.tgz. Extracting by manifest.
6535 silly tarball no local data for @babel/plugin-syntax-class-properties@https://registry.npmjs.org/@babel/plugin-syntax-class-properties/-/plugin-syntax-class-properties-7.12.13.tgz. Extracting by manifest.
6536 silly tarball no local data for @babel/plugin-syntax-bigint@https://registry.npmjs.org/@babel/plugin-syntax-bigint/-/plugin-syntax-bigint-7.8.3.tgz. Extracting by manifest.
6537 silly tarball no local data for babel-preset-current-node-syntax@https://registry.npmjs.org/babel-preset-current-node-syntax/-/babel-preset-current-node-syntax-1.2.0.tgz. Extracting by manifest.
6538 silly tarball no local data for @types/babel__traverse@https://registry.npmjs.org/@types/babel__traverse/-/babel__traverse-7.28.0.tgz. Extracting by manifest.
6539 silly tarball no local data for @types/babel__core@https://registry.npmjs.org/@types/babel__core/-/babel__core-7.20.5.tgz. Extracting by manifest.
6540 silly tarball no local data for babel-preset-jest@https://registry.npmjs.org/babel-preset-jest/-/babel-preset-jest-29.6.3.tgz. Extracting by manifest.
6541 silly tarball no local data for @types/babel__generator@https://registry.npmjs.org/@types/babel__generator/-/babel__generator-7.27.0.tgz. Extracting by manifest.
6542 silly tarball no local data for @babel/plugin-syntax-async-generators@https://registry.npmjs.org/@babel/plugin-syntax-async-generators/-/plugin-syntax-async-generators-7.8.4.tgz. Extracting by manifest.
6543 silly tarball no local data for babel-plugin-jest-hoist@https://registry.npmjs.org/babel-plugin-jest-hoist/-/babel-plugin-jest-hoist-29.6.3.tgz. Extracting by manifest.
6544 silly tarball no local data for jest-environment-node@https://registry.npmjs.org/jest-environment-node/-/jest-environment-node-29.7.0.tgz. Extracting by manifest.
6545 silly tarball no local data for jest-circus@https://registry.npmjs.org/jest-circus/-/jest-circus-29.7.0.tgz. Extracting by manifest.
6546 silly tarball no local data for babel-jest@https://registry.npmjs.org/babel-jest/-/babel-jest-29.7.0.tgz. Extracting by manifest.
6547 silly tarball no local data for @jest/test-sequencer@https://registry.npmjs.org/@jest/test-sequencer/-/test-sequencer-29.7.0.tgz. Extracting by manifest.
6548 silly tarball no local data for p-limit@https://registry.npmjs.org/p-limit/-/p-limit-3.1.0.tgz. Extracting by manifest.
6549 silly tarball no local data for @types/babel__template@https://registry.npmjs.org/@types/babel__template/-/babel__template-7.4.4.tgz. Extracting by manifest.
6550 silly tarball no local data for create-jest@https://registry.npmjs.org/create-jest/-/create-jest-29.7.0.tgz. Extracting by manifest.
6551 silly tarball no local data for source-map@https://registry.npmjs.org/source-map/-/source-map-0.6.1.tgz. Extracting by manifest.
6552 silly tarball no local data for html-escaper@https://registry.npmjs.org/html-escaper/-/html-escaper-2.0.2.tgz. Extracting by manifest.
6553 silly tarball no local data for get-package-type@https://registry.npmjs.org/get-package-type/-/get-package-type-0.1.0.tgz. Extracting by manifest.
6554 silly tarball no local data for make-dir@https://registry.npmjs.org/make-dir/-/make-dir-4.0.0.tgz. Extracting by manifest.
6555 silly tarball no local data for resolve-cwd@https://registry.npmjs.org/resolve-cwd/-/resolve-cwd-3.0.0.tgz. Extracting by manifest.
6556 silly tarball no local data for camelcase@https://registry.npmjs.org/camelcase/-/camelcase-5.3.1.tgz. Extracting by manifest.
6557 silly tarball no local data for pkg-dir@https://registry.npmjs.org/pkg-dir/-/pkg-dir-4.2.0.tgz. Extracting by manifest.
6558 silly tarball no local data for @istanbuljs/load-nyc-config@https://registry.npmjs.org/@istanbuljs/load-nyc-config/-/load-nyc-config-1.1.0.tgz. Extracting by manifest.
6559 silly tarball no local data for test-exclude@https://registry.npmjs.org/test-exclude/-/test-exclude-6.0.0.tgz. Extracting by manifest.
6560 silly tarball no local data for @types/yargs-parser@https://registry.npmjs.org/@types/yargs-parser/-/yargs-parser-21.0.3.tgz. Extracting by manifest.
6561 silly tarball no local data for @istanbuljs/schema@https://registry.npmjs.org/@istanbuljs/schema/-/schema-0.1.3.tgz. Extracting by manifest.
6562 silly tarball no local data for @types/istanbul-lib-report@https://registry.npmjs.org/@types/istanbul-lib-report/-/istanbul-lib-report-3.0.3.tgz. Extracting by manifest.
6563 silly tarball no local data for undici-types@https://registry.npmjs.org/undici-types/-/undici-types-7.10.0.tgz. Extracting by manifest.
6564 silly tarball no local data for @jest/schemas@https://registry.npmjs.org/@jest/schemas/-/schemas-29.6.3.tgz. Extracting by manifest.
6565 silly tarball no local data for @sinclair/typebox@https://registry.npmjs.org/@sinclair/typebox/-/typebox-0.27.8.tgz. Extracting by manifest.
6566 silly tarball no local data for @types/istanbul-reports@https://registry.npmjs.org/@types/istanbul-reports/-/istanbul-reports-3.0.4.tgz. Extracting by manifest.
6567 silly tarball no local data for pirates@https://registry.npmjs.org/pirates/-/pirates-4.0.7.tgz. Extracting by manifest.
6568 silly tarball no local data for @types/yargs@https://registry.npmjs.org/@types/yargs/-/yargs-17.0.33.tgz. Extracting by manifest.
6569 silly tarball no local data for babel-plugin-istanbul@https://registry.npmjs.org/babel-plugin-istanbul/-/babel-plugin-istanbul-6.1.1.tgz. Extracting by manifest.
6570 silly tarball no local data for write-file-atomic@https://registry.npmjs.org/write-file-atomic/-/write-file-atomic-4.0.2.tgz. Extracting by manifest.
6571 silly tarball no local data for @types/istanbul-lib-coverage@https://registry.npmjs.org/@types/istanbul-lib-coverage/-/istanbul-lib-coverage-2.0.6.tgz. Extracting by manifest.
6572 silly tarball no local data for istanbul-lib-instrument@https://registry.npmjs.org/istanbul-lib-instrument/-/istanbul-lib-instrument-6.0.3.tgz. Extracting by manifest.
6573 silly tarball no local data for string-length@https://registry.npmjs.org/string-length/-/string-length-4.0.2.tgz. Extracting by manifest.
6574 silly tarball no local data for v8-to-istanbul@https://registry.npmjs.org/v8-to-istanbul/-/v8-to-istanbul-9.3.0.tgz. Extracting by manifest.
6575 silly tarball no local data for istanbul-lib-source-maps@https://registry.npmjs.org/istanbul-lib-source-maps/-/istanbul-lib-source-maps-4.0.1.tgz. Extracting by manifest.
6576 silly tarball no local data for istanbul-reports@https://registry.npmjs.org/istanbul-reports/-/istanbul-reports-3.2.0.tgz. Extracting by manifest.
6577 silly tarball no local data for istanbul-lib-report@https://registry.npmjs.org/istanbul-lib-report/-/istanbul-lib-report-3.0.1.tgz. Extracting by manifest.
6578 silly tarball no local data for dedent@https://registry.npmjs.org/dedent/-/dedent-1.6.0.tgz. Extracting by manifest.
6579 silly tarball no local data for istanbul-lib-coverage@https://registry.npmjs.org/istanbul-lib-coverage/-/istanbul-lib-coverage-3.2.2.tgz. Extracting by manifest.
6580 silly tarball no local data for jest-worker@https://registry.npmjs.org/jest-worker/-/jest-worker-29.7.0.tgz. Extracting by manifest.
6581 silly tarball no local data for jest-watcher@https://registry.npmjs.org/jest-watcher/-/jest-watcher-29.7.0.tgz. Extracting by manifest.
6582 silly tarball no local data for jest-snapshot@https://registry.npmjs.org/jest-snapshot/-/jest-snapshot-29.7.0.tgz. Extracting by manifest.
6583 silly tarball no local data for jest-runner@https://registry.npmjs.org/jest-runner/-/jest-runner-29.7.0.tgz. Extracting by manifest.
6584 silly tarball no local data for jest-validate@https://registry.npmjs.org/jest-validate/-/jest-validate-29.7.0.tgz. Extracting by manifest.
6585 silly tarball no local data for jest-runtime@https://registry.npmjs.org/jest-runtime/-/jest-runtime-29.7.0.tgz. Extracting by manifest.
6586 silly tarball no local data for @bcoe/v8-coverage@https://registry.npmjs.org/@bcoe/v8-coverage/-/v8-coverage-0.2.3.tgz. Extracting by manifest.
6587 silly tarball no local data for jest-regex-util@https://registry.npmjs.org/jest-regex-util/-/jest-regex-util-29.6.3.tgz. Extracting by manifest.
6588 silly tarball no local data for collect-v8-coverage@https://registry.npmjs.org/collect-v8-coverage/-/collect-v8-coverage-1.0.2.tgz. Extracting by manifest.
6589 silly tarball no local data for jest-resolve@https://registry.npmjs.org/jest-resolve/-/jest-resolve-29.7.0.tgz. Extracting by manifest.
6590 silly tarball no local data for jest-changed-files@https://registry.npmjs.org/jest-changed-files/-/jest-changed-files-29.7.0.tgz. Extracting by manifest.
6591 silly tarball no local data for jest-config@https://registry.npmjs.org/jest-config/-/jest-config-29.7.0.tgz. Extracting by manifest.
6592 silly tarball no local data for ci-info@https://registry.npmjs.org/ci-info/-/ci-info-3.9.0.tgz. Extracting by manifest.
6593 silly tarball no local data for exit@https://registry.npmjs.org/exit/-/exit-0.1.2.tgz. Extracting by manifest.
6594 silly tarball no local data for ansi-escapes@https://registry.npmjs.org/ansi-escapes/-/ansi-escapes-4.3.2.tgz. Extracting by manifest.
6595 silly tarball no local data for @jest/test-result@https://registry.npmjs.org/@jest/test-result/-/test-result-29.7.0.tgz. Extracting by manifest.
6596 silly tarball no local data for jest-haste-map@https://registry.npmjs.org/jest-haste-map/-/jest-haste-map-29.7.0.tgz. Extracting by manifest.
6597 silly tarball no local data for @types/node@https://registry.npmjs.org/@types/node/-/node-24.3.0.tgz. Extracting by manifest.
6598 silly tarball no local data for @jest/transform@https://registry.npmjs.org/@jest/transform/-/transform-29.7.0.tgz. Extracting by manifest.
6599 silly tarball no local data for @jest/reporters@https://registry.npmjs.org/@jest/reporters/-/reporters-29.7.0.tgz. Extracting by manifest.
6600 silly tarball no local data for jest-cli@https://registry.npmjs.org/jest-cli/-/jest-cli-29.7.0.tgz. Extracting by manifest.
6601 silly tarball no local data for @jest/types@https://registry.npmjs.org/@jest/types/-/types-29.6.3.tgz. Extracting by manifest.
6602 silly tarball no local data for @jest/core@https://registry.npmjs.org/@jest/core/-/core-29.7.0.tgz. Extracting by manifest.
6603 silly tarball no local data for loose-envify@https://registry.npmjs.org/loose-envify/-/loose-envify-1.4.0.tgz. Extracting by manifest.
6604 silly tarball no local data for import-local@https://registry.npmjs.org/import-local/-/import-local-3.2.0.tgz. Extracting by manifest.
6605 silly tarball no local data for jest-resolve-dependencies@https://registry.npmjs.org/jest-resolve-dependencies/-/jest-resolve-dependencies-29.7.0.tgz. Extracting by manifest.
6606 silly tarball no local data for side-channel@https://registry.npmjs.org/side-channel/-/side-channel-1.1.0.tgz. Extracting by manifest.
6607 silly tarball no local data for safer-buffer@https://registry.npmjs.org/safer-buffer/-/safer-buffer-2.1.2.tgz. Extracting by manifest.
6608 silly tarball no local data for parent-module@https://registry.npmjs.org/parent-module/-/parent-module-1.0.1.tgz. Extracting by manifest.
6609 silly tarball no local data for set-function-name@https://registry.npmjs.org/set-function-name/-/set-function-name-2.0.2.tgz. Extracting by manifest.
6610 silly tarball no local data for agent-base@https://registry.npmjs.org/agent-base/-/agent-base-6.0.2.tgz. Extracting by manifest.
6611 silly tarball no local data for @jest/console@https://registry.npmjs.org/@jest/console/-/console-29.7.0.tgz. Extracting by manifest.
6612 silly tarball no local data for wrappy@https://registry.npmjs.org/wrappy/-/wrappy-1.0.2.tgz. Extracting by manifest.
6613 silly tarball no local data for toidentifier@https://registry.npmjs.org/toidentifier/-/toidentifier-1.0.1.tgz. Extracting by manifest.
6614 silly tarball no local data for setprototypeof@https://registry.npmjs.org/setprototypeof/-/setprototypeof-1.2.0.tgz. Extracting by manifest.
6615 silly tarball no local data for hermes-estree@https://registry.npmjs.org/hermes-estree/-/hermes-estree-0.25.1.tgz. Extracting by manifest.
6616 silly tarball no local data for slash@https://registry.npmjs.org/slash/-/slash-3.0.0.tgz. Extracting by manifest.
6617 silly tarball no local data for path-type@https://registry.npmjs.org/path-type/-/path-type-4.0.0.tgz. Extracting by manifest.
6618 silly tarball no local data for array-union@https://registry.npmjs.org/array-union/-/array-union-2.1.0.tgz. Extracting by manifest.
6619 silly tarball no local data for dir-glob@https://registry.npmjs.org/dir-glob/-/dir-glob-3.0.1.tgz. Extracting by manifest.
6620 silly tarball no local data for type-fest@https://registry.npmjs.org/type-fest/-/type-fest-0.20.2.tgz. Extracting by manifest.
6621 silly tarball no local data for path-is-absolute@https://registry.npmjs.org/path-is-absolute/-/path-is-absolute-1.0.1.tgz. Extracting by manifest.
6622 silly tarball no local data for is-extglob@https://registry.npmjs.org/is-extglob/-/is-extglob-2.1.1.tgz. Extracting by manifest.
6623 silly tarball no local data for inherits@https://registry.npmjs.org/inherits/-/inherits-2.0.4.tgz. Extracting by manifest.
6624 silly tarball no local data for fs.realpath@https://registry.npmjs.org/fs.realpath/-/fs.realpath-1.0.0.tgz. Extracting by manifest.
6625 silly tarball no local data for dunder-proto@https://registry.npmjs.org/dunder-proto/-/dunder-proto-1.0.1.tgz. Extracting by manifest.
6626 silly tarball no local data for inflight@https://registry.npmjs.org/inflight/-/inflight-1.0.6.tgz. Extracting by manifest.
6627 silly tarball no local data for once@https://registry.npmjs.org/once/-/once-1.4.0.tgz. Extracting by manifest.
6628 silly tarball no local data for universalify@https://registry.npmjs.org/universalify/-/universalify-0.1.2.tgz. Extracting by manifest.
6629 silly tarball no local data for resolve-from@https://registry.npmjs.org/resolve-from/-/resolve-from-4.0.0.tgz. Extracting by manifest.
6630 silly tarball no local data for rimraf@https://registry.npmjs.org/rimraf/-/rimraf-3.0.2.tgz. Extracting by manifest.
6631 silly tarball no local data for functions-have-names@https://registry.npmjs.org/functions-have-names/-/functions-have-names-1.2.3.tgz. Extracting by manifest.
6632 silly tarball no local data for flatted@https://registry.npmjs.org/flatted/-/flatted-3.3.3.tgz. Extracting by manifest.
6633 silly tarball no local data for locate-path@https://registry.npmjs.org/locate-path/-/locate-path-6.0.0.tgz. Extracting by manifest.
6634 silly tarball no local data for jsonfile@https://registry.npmjs.org/jsonfile/-/jsonfile-4.0.0.tgz. Extracting by manifest.
6635 silly tarball no local data for path-exists@https://registry.npmjs.org/path-exists/-/path-exists-4.0.0.tgz. Extracting by manifest.
6636 silly tarball no local data for keyv@https://registry.npmjs.org/keyv/-/keyv-4.5.4.tgz. Extracting by manifest.
6637 silly tarball no local data for encodeurl@https://registry.npmjs.org/encodeurl/-/encodeurl-1.0.2.tgz. Extracting by manifest.
6638 silly tarball no local data for statuses@https://registry.npmjs.org/statuses/-/statuses-1.5.0.tgz. Extracting by manifest.
6639 silly tarball no local data for flat-cache@https://registry.npmjs.org/flat-cache/-/flat-cache-3.2.0.tgz. Extracting by manifest.
6640 silly tarball no local data for reusify@https://registry.npmjs.org/reusify/-/reusify-1.1.0.tgz. Extracting by manifest.
6641 silly tarball no local data for strnum@https://registry.npmjs.org/strnum/-/strnum-1.1.2.tgz. Extracting by manifest.
6642 silly tarball no local data for jest-get-type@https://registry.npmjs.org/jest-get-type/-/jest-get-type-29.6.3.tgz. Extracting by manifest.
6643 silly tarball no local data for merge2@https://registry.npmjs.org/merge2/-/merge2-1.4.1.tgz. Extracting by manifest.
6644 silly tarball no local data for jest-util@https://registry.npmjs.org/jest-util/-/jest-util-29.7.0.tgz. Extracting by manifest.
6645 silly tarball no local data for strip-final-newline@https://registry.npmjs.org/strip-final-newline/-/strip-final-newline-2.0.0.tgz. Extracting by manifest.
6646 silly tarball no local data for signal-exit@https://registry.npmjs.org/signal-exit/-/signal-exit-3.0.7.tgz. Extracting by manifest.
6647 silly tarball no local data for @jest/expect-utils@https://registry.npmjs.org/@jest/expect-utils/-/expect-utils-29.7.0.tgz. Extracting by manifest.
6648 silly tarball no local data for onetime@https://registry.npmjs.org/onetime/-/onetime-5.1.2.tgz. Extracting by manifest.
6649 silly tarball no local data for merge-stream@https://registry.npmjs.org/merge-stream/-/merge-stream-2.0.0.tgz. Extracting by manifest.
6650 silly tarball no local data for human-signals@https://registry.npmjs.org/human-signals/-/human-signals-2.1.0.tgz. Extracting by manifest.
6651 silly tarball no local data for micromatch@https://registry.npmjs.org/micromatch/-/micromatch-4.0.8.tgz. Extracting by manifest.
6652 silly tarball no local data for get-stream@https://registry.npmjs.org/get-stream/-/get-stream-6.0.1.tgz. Extracting by manifest.
6653 silly tarball no local data for jest-message-util@https://registry.npmjs.org/jest-message-util/-/jest-message-util-29.7.0.tgz. Extracting by manifest.
6654 silly tarball no local data for is-stream@https://registry.npmjs.org/is-stream/-/is-stream-2.0.1.tgz. Extracting by manifest.
6655 silly tarball no local data for esrecurse@https://registry.npmjs.org/esrecurse/-/esrecurse-4.3.0.tgz. Extracting by manifest.
6656 silly tarball no local data for acorn@https://registry.npmjs.org/acorn/-/acorn-8.15.0.tgz. Extracting by manifest.
6657 silly tarball no local data for acorn-jsx@https://registry.npmjs.org/acorn-jsx/-/acorn-jsx-5.3.2.tgz. Extracting by manifest.
6658 silly tarball no local data for npm-run-path@https://registry.npmjs.org/npm-run-path/-/npm-run-path-4.0.1.tgz. Extracting by manifest.
6659 silly tarball no local data for is-symbol@https://registry.npmjs.org/is-symbol/-/is-symbol-1.1.1.tgz. Extracting by manifest.
6660 silly tarball no local data for has-tostringtag@https://registry.npmjs.org/has-tostringtag/-/has-tostringtag-1.0.2.tgz. Extracting by manifest.
6661 silly tarball no local data for iterator.prototype@https://registry.npmjs.org/iterator.prototype/-/iterator.prototype-1.1.5.tgz. Extracting by manifest.
6662 silly tarball no local data for which-typed-array@https://registry.npmjs.org/which-typed-array/-/which-typed-array-1.1.19.tgz. Extracting by manifest.
6663 silly tarball no local data for possible-typed-array-names@https://registry.npmjs.org/possible-typed-array-names/-/possible-typed-array-names-1.1.0.tgz. Extracting by manifest.
6664 silly tarball no local data for is-date-object@https://registry.npmjs.org/is-date-object/-/is-date-object-1.1.0.tgz. Extracting by manifest.
6665 silly tarball no local data for typed-array-length@https://registry.npmjs.org/typed-array-length/-/typed-array-length-1.0.7.tgz. Extracting by manifest.
6666 silly tarball no local data for unbox-primitive@https://registry.npmjs.org/unbox-primitive/-/unbox-primitive-1.1.0.tgz. Extracting by manifest.
6667 silly tarball no local data for eslint-plugin-react-native-globals@https://registry.npmjs.org/eslint-plugin-react-native-globals/-/eslint-plugin-react-native-globals-0.1.2.tgz. Extracting by manifest.
6668 silly tarball no local data for typed-array-byte-length@https://registry.npmjs.org/typed-array-byte-length/-/typed-array-byte-length-1.0.3.tgz. Extracting by manifest.
6669 silly tarball no local data for string.prototype.trimstart@https://registry.npmjs.org/string.prototype.trimstart/-/string.prototype.trimstart-1.0.8.tgz. Extracting by manifest.
6670 silly tarball no local data for typed-array-byte-offset@https://registry.npmjs.org/typed-array-byte-offset/-/typed-array-byte-offset-1.0.4.tgz. Extracting by manifest.
6671 silly tarball no local data for string.prototype.trim@https://registry.npmjs.org/string.prototype.trim/-/string.prototype.trim-1.2.10.tgz. Extracting by manifest.
6672 silly tarball no local data for set-proto@https://registry.npmjs.org/set-proto/-/set-proto-1.0.0.tgz. Extracting by manifest.
6673 silly tarball no local data for stop-iteration-iterator@https://registry.npmjs.org/stop-iteration-iterator/-/stop-iteration-iterator-1.1.0.tgz. Extracting by manifest.
6674 silly tarball no local data for string.prototype.trimend@https://registry.npmjs.org/string.prototype.trimend/-/string.prototype.trimend-1.0.9.tgz. Extracting by manifest.
6675 silly tarball no local data for safe-array-concat@https://registry.npmjs.org/safe-array-concat/-/safe-array-concat-1.1.3.tgz. Extracting by manifest.
6676 silly tarball no local data for regexp.prototype.flags@https://registry.npmjs.org/regexp.prototype.flags/-/regexp.prototype.flags-1.5.4.tgz. Extracting by manifest.
6677 silly tarball no local data for safe-push-apply@https://registry.npmjs.org/safe-push-apply/-/safe-push-apply-1.0.0.tgz. Extracting by manifest.
6678 silly tarball no local data for safe-regex-test@https://registry.npmjs.org/safe-regex-test/-/safe-regex-test-1.1.0.tgz. Extracting by manifest.
6679 silly tarball no local data for object-inspect@https://registry.npmjs.org/object-inspect/-/object-inspect-1.13.4.tgz. Extracting by manifest.
6680 silly tarball no local data for object.assign@https://registry.npmjs.org/object.assign/-/object.assign-4.1.7.tgz. Extracting by manifest.
6681 silly tarball no local data for is-typed-array@https://registry.npmjs.org/is-typed-array/-/is-typed-array-1.1.15.tgz. Extracting by manifest.
6682 silly tarball no local data for typed-array-buffer@https://registry.npmjs.org/typed-array-buffer/-/typed-array-buffer-1.0.3.tgz. Extracting by manifest.
6683 silly tarball no local data for is-shared-array-buffer@https://registry.npmjs.org/is-shared-array-buffer/-/is-shared-array-buffer-1.0.4.tgz. Extracting by manifest.
6684 silly tarball no local data for is-regex@https://registry.npmjs.org/is-regex/-/is-regex-1.2.1.tgz. Extracting by manifest.
6685 silly tarball no local data for is-negative-zero@https://registry.npmjs.org/is-negative-zero/-/is-negative-zero-2.0.3.tgz. Extracting by manifest.
6686 silly tarball no local data for is-weakref@https://registry.npmjs.org/is-weakref/-/is-weakref-1.1.1.tgz. Extracting by manifest.
6687 silly tarball no local data for is-set@https://registry.npmjs.org/is-set/-/is-set-2.0.3.tgz. Extracting by manifest.
6688 silly tarball no local data for is-data-view@https://registry.npmjs.org/is-data-view/-/is-data-view-1.0.2.tgz. Extracting by manifest.
6689 silly tarball no local data for is-callable@https://registry.npmjs.org/is-callable/-/is-callable-1.2.7.tgz. Extracting by manifest.
6690 silly tarball no local data for internal-slot@https://registry.npmjs.org/internal-slot/-/internal-slot-1.1.0.tgz. Extracting by manifest.
6691 silly tarball no local data for own-keys@https://registry.npmjs.org/own-keys/-/own-keys-1.0.1.tgz. Extracting by manifest.
6692 silly tarball no local data for has-proto@https://registry.npmjs.org/has-proto/-/has-proto-1.2.0.tgz. Extracting by manifest.
6693 silly tarball no local data for get-symbol-description@https://registry.npmjs.org/get-symbol-description/-/get-symbol-description-1.1.0.tgz. Extracting by manifest.
6694 silly tarball no local data for es-to-primitive@https://registry.npmjs.org/es-to-primitive/-/es-to-primitive-1.3.0.tgz. Extracting by manifest.
6695 silly tarball no local data for get-proto@https://registry.npmjs.org/get-proto/-/get-proto-1.0.1.tgz. Extracting by manifest.
6696 silly tarball no local data for globalthis@https://registry.npmjs.org/globalthis/-/globalthis-1.0.4.tgz. Extracting by manifest.
6697 silly tarball no local data for has-symbols@https://registry.npmjs.org/has-symbols/-/has-symbols-1.1.0.tgz. Extracting by manifest.
6698 silly tarball no local data for data-view-byte-offset@https://registry.npmjs.org/data-view-byte-offset/-/data-view-byte-offset-1.0.1.tgz. Extracting by manifest.
6699 silly tarball no local data for function.prototype.name@https://registry.npmjs.org/function.prototype.name/-/function.prototype.name-1.1.8.tgz. Extracting by manifest.
6700 silly tarball no local data for es-set-tostringtag@https://registry.npmjs.org/es-set-tostringtag/-/es-set-tostringtag-2.1.0.tgz. Extracting by manifest.
6701 silly tarball no local data for data-view-byte-length@https://registry.npmjs.org/data-view-byte-length/-/data-view-byte-length-1.0.2.tgz. Extracting by manifest.
6702 silly tarball no local data for data-view-buffer@https://registry.npmjs.org/data-view-buffer/-/data-view-buffer-1.0.2.tgz. Extracting by manifest.
6703 silly tarball no local data for is-array-buffer@https://registry.npmjs.org/is-array-buffer/-/is-array-buffer-3.0.5.tgz. Extracting by manifest.
6704 silly tarball no local data for available-typed-arrays@https://registry.npmjs.org/available-typed-arrays/-/available-typed-arrays-1.0.7.tgz. Extracting by manifest.
6705 silly tarball no local data for arraybuffer.prototype.slice@https://registry.npmjs.org/arraybuffer.prototype.slice/-/arraybuffer.prototype.slice-1.0.4.tgz. Extracting by manifest.
6706 silly tarball no local data for array-buffer-byte-length@https://registry.npmjs.org/array-buffer-byte-length/-/array-buffer-byte-length-1.0.2.tgz. Extracting by manifest.
6707 silly tarball no local data for object-keys@https://registry.npmjs.org/object-keys/-/object-keys-1.1.1.tgz. Extracting by manifest.
6708 silly tarball no local data for has-property-descriptors@https://registry.npmjs.org/has-property-descriptors/-/has-property-descriptors-1.0.2.tgz. Extracting by manifest.
6709 silly tarball no local data for define-data-property@https://registry.npmjs.org/define-data-property/-/define-data-property-1.1.4.tgz. Extracting by manifest.
6710 silly tarball no local data for function-bind@https://registry.npmjs.org/function-bind/-/function-bind-1.1.2.tgz. Extracting by manifest.
6711 silly tarball no local data for set-function-length@https://registry.npmjs.org/set-function-length/-/set-function-length-1.2.2.tgz. Extracting by manifest.
6712 silly tarball no local data for es-define-property@https://registry.npmjs.org/es-define-property/-/es-define-property-1.0.1.tgz. Extracting by manifest.
6713 silly tarball no local data for gopd@https://registry.npmjs.org/gopd/-/gopd-1.2.0.tgz. Extracting by manifest.
6714 silly tarball no local data for call-bind-apply-helpers@https://registry.npmjs.org/call-bind-apply-helpers/-/call-bind-apply-helpers-1.0.2.tgz. Extracting by manifest.
6715 silly tarball no local data for es-shim-unscopables@https://registry.npmjs.org/es-shim-unscopables/-/es-shim-unscopables-1.1.0.tgz. Extracting by manifest.
6716 silly tarball no local data for es-errors@https://registry.npmjs.org/es-errors/-/es-errors-1.3.0.tgz. Extracting by manifest.
6717 silly tarball no local data for math-intrinsics@https://registry.npmjs.org/math-intrinsics/-/math-intrinsics-1.1.0.tgz. Extracting by manifest.
6718 silly tarball no local data for is-string@https://registry.npmjs.org/is-string/-/is-string-1.1.1.tgz. Extracting by manifest.
6719 silly tarball no local data for es-object-atoms@https://registry.npmjs.org/es-object-atoms/-/es-object-atoms-1.1.1.tgz. Extracting by manifest.
6720 silly tarball no local data for get-intrinsic@https://registry.npmjs.org/get-intrinsic/-/get-intrinsic-1.3.0.tgz. Extracting by manifest.
6721 silly tarball no local data for es-abstract@https://registry.npmjs.org/es-abstract/-/es-abstract-1.24.0.tgz. Extracting by manifest.
6722 silly tarball no local data for call-bind@https://registry.npmjs.org/call-bind/-/call-bind-1.0.8.tgz. Extracting by manifest.
6723 silly tarball no local data for string.prototype.matchall@https://registry.npmjs.org/string.prototype.matchall/-/string.prototype.matchall-4.0.12.tgz. Extracting by manifest.
6724 silly tarball no local data for define-properties@https://registry.npmjs.org/define-properties/-/define-properties-1.2.1.tgz. Extracting by manifest.
6725 silly tarball no local data for string.prototype.repeat@https://registry.npmjs.org/string.prototype.repeat/-/string.prototype.repeat-1.0.0.tgz. Extracting by manifest.
6726 silly tarball no local data for object.values@https://registry.npmjs.org/object.values/-/object.values-1.2.1.tgz. Extracting by manifest.
6727 silly tarball no local data for jsx-ast-utils@https://registry.npmjs.org/jsx-ast-utils/-/jsx-ast-utils-3.3.5.tgz. Extracting by manifest.
6728 silly tarball no local data for es-iterator-helpers@https://registry.npmjs.org/es-iterator-helpers/-/es-iterator-helpers-1.2.1.tgz. Extracting by manifest.
6729 silly tarball no local data for prop-types@https://registry.npmjs.org/prop-types/-/prop-types-15.8.1.tgz. Extracting by manifest.
6730 silly tarball no local data for call-bound@https://registry.npmjs.org/call-bound/-/call-bound-1.0.4.tgz. Extracting by manifest.
6731 silly tarball no local data for object.entries@https://registry.npmjs.org/object.entries/-/object.entries-1.1.9.tgz. Extracting by manifest.
6732 silly tarball no local data for hasown@https://registry.npmjs.org/hasown/-/hasown-2.0.2.tgz. Extracting by manifest.
6733 silly tarball no local data for array.prototype.tosorted@https://registry.npmjs.org/array.prototype.tosorted/-/array.prototype.tosorted-1.1.4.tgz. Extracting by manifest.
6734 silly tarball no local data for array.prototype.flatmap@https://registry.npmjs.org/array.prototype.flatmap/-/array.prototype.flatmap-1.3.3.tgz. Extracting by manifest.
6735 silly tarball no local data for array.prototype.findlast@https://registry.npmjs.org/array.prototype.findlast/-/array.prototype.findlast-1.2.5.tgz. Extracting by manifest.
6736 silly tarball no local data for object.fromentries@https://registry.npmjs.org/object.fromentries/-/object.fromentries-2.0.8.tgz. Extracting by manifest.
6737 silly tarball no local data for array-includes@https://registry.npmjs.org/array-includes/-/array-includes-3.1.9.tgz. Extracting by manifest.
6738 silly tarball no local data for estraverse@https://registry.npmjs.org/estraverse/-/estraverse-5.3.0.tgz. Extracting by manifest.
6739 silly tarball no local data for string-natural-compare@https://registry.npmjs.org/string-natural-compare/-/string-natural-compare-3.0.1.tgz. Extracting by manifest.
6740 silly tarball no local data for path-key@https://registry.npmjs.org/path-key/-/path-key-3.1.1.tgz. Extracting by manifest.
6741 silly tarball no local data for shebang-command@https://registry.npmjs.org/shebang-command/-/shebang-command-2.0.0.tgz. Extracting by manifest.
6742 silly tarball no local data for uri-js@https://registry.npmjs.org/uri-js/-/uri-js-4.4.1.tgz. Extracting by manifest.
6743 silly tarball no local data for json-schema-traverse@https://registry.npmjs.org/json-schema-traverse/-/json-schema-traverse-0.4.1.tgz. Extracting by manifest.
6744 silly tarball no local data for fast-json-stable-stringify@https://registry.npmjs.org/fast-json-stable-stringify/-/fast-json-stable-stringify-2.1.0.tgz. Extracting by manifest.
6745 silly tarball no local data for lodash@https://registry.npmjs.org/lodash/-/lodash-4.17.21.tgz. Extracting by manifest.
6746 silly tarball no local data for @nodelib/fs.scandir@https://registry.npmjs.org/@nodelib/fs.scandir/-/fs.scandir-2.1.5.tgz. Extracting by manifest.
6747 silly tarball no local data for fastq@https://registry.npmjs.org/fastq/-/fastq-1.19.1.tgz. Extracting by manifest.
6748 silly tarball no local data for run-parallel@https://registry.npmjs.org/run-parallel/-/run-parallel-1.2.0.tgz. Extracting by manifest.
6749 silly tarball no local data for @humanwhocodes/object-schema@https://registry.npmjs.org/@humanwhocodes/object-schema/-/object-schema-2.0.3.tgz. Extracting by manifest.
6750 silly tarball no local data for strip-json-comments@https://registry.npmjs.org/strip-json-comments/-/strip-json-comments-3.1.1.tgz. Extracting by manifest.
6751 silly tarball no local data for text-table@https://registry.npmjs.org/text-table/-/text-table-0.2.0.tgz. Extracting by manifest.
6752 silly tarball no local data for optionator@https://registry.npmjs.org/optionator/-/optionator-0.9.4.tgz. Extracting by manifest.
6753 silly tarball no local data for levn@https://registry.npmjs.org/levn/-/levn-0.4.1.tgz. Extracting by manifest.
6754 silly tarball no local data for strip-ansi@https://registry.npmjs.org/strip-ansi/-/strip-ansi-6.0.1.tgz. Extracting by manifest.
6755 silly tarball no local data for lodash.merge@https://registry.npmjs.org/lodash.merge/-/lodash.merge-4.6.2.tgz. Extracting by manifest.
6756 silly tarball no local data for @nodelib/fs.stat@https://registry.npmjs.org/@nodelib/fs.stat/-/fs.stat-2.0.5.tgz. Extracting by manifest.
6757 silly tarball no local data for is-path-inside@https://registry.npmjs.org/is-path-inside/-/is-path-inside-3.0.3.tgz. Extracting by manifest.
6758 silly tarball no local data for json-stable-stringify-without-jsonify@https://registry.npmjs.org/json-stable-stringify-without-jsonify/-/json-stable-stringify-without-jsonify-1.0.1.tgz. Extracting by manifest.
6759 silly tarball no local data for imurmurhash@https://registry.npmjs.org/imurmurhash/-/imurmurhash-0.1.4.tgz. Extracting by manifest.
6760 silly tarball no local data for glob-parent@https://registry.npmjs.org/glob-parent/-/glob-parent-6.0.2.tgz. Extracting by manifest.
6761 silly tarball no local data for file-entry-cache@https://registry.npmjs.org/file-entry-cache/-/file-entry-cache-6.0.1.tgz. Extracting by manifest.
6762 silly tarball no local data for doctrine@https://registry.npmjs.org/doctrine/-/doctrine-3.0.0.tgz. Extracting by manifest.
6763 silly tarball no local data for espree@https://registry.npmjs.org/espree/-/espree-9.6.1.tgz. Extracting by manifest.
6764 silly tarball no local data for globals@https://registry.npmjs.org/globals/-/globals-13.24.0.tgz. Extracting by manifest.
6765 silly tarball no local data for esquery@https://registry.npmjs.org/esquery/-/esquery-1.6.0.tgz. Extracting by manifest.
6766 silly tarball no local data for ajv@https://registry.npmjs.org/ajv/-/ajv-6.12.6.tgz. Extracting by manifest.
6767 silly tarball no local data for @ungap/structured-clone@https://registry.npmjs.org/@ungap/structured-clone/-/structured-clone-1.3.0.tgz. Extracting by manifest.
6768 silly tarball no local data for cross-spawn@https://registry.npmjs.org/cross-spawn/-/cross-spawn-7.0.6.tgz. Extracting by manifest.
6769 silly tarball no local data for @humanwhocodes/module-importer@https://registry.npmjs.org/@humanwhocodes/module-importer/-/module-importer-1.0.1.tgz. Extracting by manifest.
6770 silly tarball no local data for @nodelib/fs.walk@https://registry.npmjs.org/@nodelib/fs.walk/-/fs.walk-1.2.8.tgz. Extracting by manifest.
6771 silly tarball no local data for @humanwhocodes/config-array@https://registry.npmjs.org/@humanwhocodes/config-array/-/config-array-0.13.0.tgz. Extracting by manifest.
6772 silly tarball no local data for @eslint/js@https://registry.npmjs.org/@eslint/js/-/js-8.57.1.tgz. Extracting by manifest.
6773 silly tarball no local data for @eslint/eslintrc@https://registry.npmjs.org/@eslint/eslintrc/-/eslintrc-2.1.4.tgz. Extracting by manifest.
6774 silly tarball no local data for escape-html@https://registry.npmjs.org/escape-html/-/escape-html-1.0.3.tgz. Extracting by manifest.
6775 silly tarball no local data for accepts@https://registry.npmjs.org/accepts/-/accepts-1.3.8.tgz. Extracting by manifest.
6776 silly tarball no local data for mime-types@https://registry.npmjs.org/mime-types/-/mime-types-2.1.35.tgz. Extracting by manifest.
6777 silly tarball no local data for ms@https://registry.npmjs.org/ms/-/ms-2.1.3.tgz. Extracting by manifest.
6778 silly tarball no local data for parse-json@https://registry.npmjs.org/parse-json/-/parse-json-5.2.0.tgz. Extracting by manifest.
6779 silly tarball no local data for import-fresh@https://registry.npmjs.org/import-fresh/-/import-fresh-3.3.1.tgz. Extracting by manifest.
6780 silly tarball no local data for env-paths@https://registry.npmjs.org/env-paths/-/env-paths-2.2.1.tgz. Extracting by manifest.
6781 silly tarball no local data for js-yaml@https://registry.npmjs.org/js-yaml/-/js-yaml-4.1.0.tgz. Extracting by manifest.
6782 silly tarball no local data for parseurl@https://registry.npmjs.org/parseurl/-/parseurl-1.3.3.tgz. Extracting by manifest.
6783 silly tarball no local data for utils-merge@https://registry.npmjs.org/utils-merge/-/utils-merge-1.0.1.tgz. Extracting by manifest.
6784 silly tarball no local data for safe-buffer@https://registry.npmjs.org/safe-buffer/-/safe-buffer-5.2.1.tgz. Extracting by manifest.
6785 silly tarball no local data for finalhandler@https://registry.npmjs.org/finalhandler/-/finalhandler-1.1.2.tgz. Extracting by manifest.
6786 silly tarball no local data for mime-db@https://registry.npmjs.org/mime-db/-/mime-db-1.54.0.tgz. Extracting by manifest.
6787 silly tarball no local data for on-headers@https://registry.npmjs.org/on-headers/-/on-headers-1.1.0.tgz. Extracting by manifest.
6788 silly tarball no local data for vary@https://registry.npmjs.org/vary/-/vary-1.1.2.tgz. Extracting by manifest.
6789 silly tarball no local data for negotiator@https://registry.npmjs.org/negotiator/-/negotiator-0.6.4.tgz. Extracting by manifest.
6790 silly tarball no local data for simple-swizzle@https://registry.npmjs.org/simple-swizzle/-/simple-swizzle-0.2.2.tgz. Extracting by manifest.
6791 silly tarball no local data for compressible@https://registry.npmjs.org/compressible/-/compressible-2.0.18.tgz. Extracting by manifest.
6792 silly tarball no local data for color-name@https://registry.npmjs.org/color-name/-/color-name-1.1.4.tgz. Extracting by manifest.
6793 silly tarball no local data for color-string@https://registry.npmjs.org/color-string/-/color-string-1.9.1.tgz. Extracting by manifest.
6794 silly tarball no local data for ansi-styles@https://registry.npmjs.org/ansi-styles/-/ansi-styles-4.3.0.tgz. Extracting by manifest.
6795 silly tarball no local data for color-convert@https://registry.npmjs.org/color-convert/-/color-convert-2.0.1.tgz. Extracting by manifest.
6796 silly tarball no local data for update-browserslist-db@https://registry.npmjs.org/update-browserslist-db/-/update-browserslist-db-1.1.3.tgz. Extracting by manifest.
6797 silly tarball no local data for electron-to-chromium@https://registry.npmjs.org/electron-to-chromium/-/electron-to-chromium-1.5.209.tgz. Extracting by manifest.
6798 silly tarball no local data for unpipe@https://registry.npmjs.org/unpipe/-/unpipe-1.0.0.tgz. Extracting by manifest.
6799 silly tarball no local data for supports-color@https://registry.npmjs.org/supports-color/-/supports-color-7.2.0.tgz. Extracting by manifest.
6800 silly tarball no local data for node-releases@https://registry.npmjs.org/node-releases/-/node-releases-2.0.19.tgz. Extracting by manifest.
6801 silly tarball no local data for raw-body@https://registry.npmjs.org/raw-body/-/raw-body-2.5.2.tgz. Extracting by manifest.
6802 silly tarball no local data for caniuse-lite@https://registry.npmjs.org/caniuse-lite/-/caniuse-lite-1.0.30001737.tgz. Extracting by manifest.
6803 silly tarball no local data for type-is@https://registry.npmjs.org/type-is/-/type-is-1.6.18.tgz. Extracting by manifest.
6804 silly tarball no local data for qs@https://registry.npmjs.org/qs/-/qs-6.13.0.tgz. Extracting by manifest.
6805 silly tarball no local data for http-errors@https://registry.npmjs.org/http-errors/-/http-errors-2.0.0.tgz. Extracting by manifest.
6806 silly tarball no local data for iconv-lite@https://registry.npmjs.org/iconv-lite/-/iconv-lite-0.4.24.tgz. Extracting by manifest.
6807 silly tarball no local data for content-type@https://registry.npmjs.org/content-type/-/content-type-1.0.5.tgz. Extracting by manifest.
6808 silly tarball no local data for bytes@https://registry.npmjs.org/bytes/-/bytes-3.1.2.tgz. Extracting by manifest.
6809 silly tarball no local data for destroy@https://registry.npmjs.org/destroy/-/destroy-1.2.0.tgz. Extracting by manifest.
6810 silly tarball no local data for on-finished@https://registry.npmjs.org/on-finished/-/on-finished-2.4.1.tgz. Extracting by manifest.
6811 silly tarball no local data for depd@https://registry.npmjs.org/depd/-/depd-2.0.0.tgz. Extracting by manifest.
6812 silly tarball no local data for @babel/helper-define-polyfill-provider@https://registry.npmjs.org/@babel/helper-define-polyfill-provider/-/helper-define-polyfill-provider-0.6.5.tgz. Extracting by manifest.
6813 silly tarball no local data for lodash.debounce@https://registry.npmjs.org/lodash.debounce/-/lodash.debounce-4.0.8.tgz. Extracting by manifest.
6814 silly tarball no local data for @eslint-community/eslint-utils@https://registry.npmjs.org/@eslint-community/eslint-utils/-/eslint-utils-4.7.0.tgz. Extracting by manifest.
6815 silly tarball no local data for is-glob@https://registry.npmjs.org/is-glob/-/is-glob-4.0.3.tgz. Extracting by manifest.
6816 silly tarball no local data for resolve@https://registry.npmjs.org/resolve/-/resolve-1.22.10.tgz. Extracting by manifest.
6817 silly tarball no local data for globby@https://registry.npmjs.org/globby/-/globby-11.1.0.tgz. Extracting by manifest.
6818 silly tarball no local data for @typescript-eslint/types@https://registry.npmjs.org/@typescript-eslint/types/-/types-7.18.0.tgz. Extracting by manifest.
6819 silly tarball no local data for ts-api-utils@https://registry.npmjs.org/ts-api-utils/-/ts-api-utils-1.4.3.tgz. Extracting by manifest.
6820 silly tarball no local data for @typescript-eslint/visitor-keys@https://registry.npmjs.org/@typescript-eslint/visitor-keys/-/visitor-keys-7.18.0.tgz. Extracting by manifest.
6821 silly tarball no local data for graphemer@https://registry.npmjs.org/graphemer/-/graphemer-1.4.0.tgz. Extracting by manifest.
6822 silly tarball no local data for ignore@https://registry.npmjs.org/ignore/-/ignore-5.3.2.tgz. Extracting by manifest.
6823 silly tarball no local data for natural-compare@https://registry.npmjs.org/natural-compare/-/natural-compare-1.4.0.tgz. Extracting by manifest.
6824 silly tarball no local data for @typescript-eslint/utils@https://registry.npmjs.org/@typescript-eslint/utils/-/utils-7.18.0.tgz. Extracting by manifest.
6825 silly tarball no local data for @typescript-eslint/scope-manager@https://registry.npmjs.org/@typescript-eslint/scope-manager/-/scope-manager-7.18.0.tgz. Extracting by manifest.
6826 silly tarball no local data for @eslint-community/regexpp@https://registry.npmjs.org/@eslint-community/regexpp/-/regexpp-4.12.1.tgz. Extracting by manifest.
6827 silly tarball no local data for expect@https://registry.npmjs.org/expect/-/expect-29.7.0.tgz. Extracting by manifest.
6828 silly tarball no local data for minimatch@https://registry.npmjs.org/minimatch/-/minimatch-9.0.5.tgz. Extracting by manifest.
6829 silly tarball no local data for redent@https://registry.npmjs.org/redent/-/redent-3.0.0.tgz. Extracting by manifest.
6830 silly tarball no local data for @typescript-eslint/type-utils@https://registry.npmjs.org/@typescript-eslint/type-utils/-/type-utils-7.18.0.tgz. Extracting by manifest.
6831 silly tarball no local data for csstype@https://registry.npmjs.org/csstype/-/csstype-3.1.3.tgz. Extracting by manifest.
6832 silly tarball no local data for jest-matcher-utils@https://registry.npmjs.org/jest-matcher-utils/-/jest-matcher-utils-29.7.0.tgz. Extracting by manifest.
6833 silly tarball no local data for jest-diff@https://registry.npmjs.org/jest-diff/-/jest-diff-29.7.0.tgz. Extracting by manifest.
6834 silly tarball no local data for which@https://registry.npmjs.org/which/-/which-2.0.2.tgz. Extracting by manifest.
6835 silly tarball no local data for progress@https://registry.npmjs.org/progress/-/progress-2.0.3.tgz. Extracting by manifest.
6836 silly tarball no local data for hoist-non-react-statics@https://registry.npmjs.org/hoist-non-react-statics/-/hoist-non-react-statics-3.3.2.tgz. Extracting by manifest.
6837 silly tarball no local data for proxy-from-env@https://registry.npmjs.org/proxy-from-env/-/proxy-from-env-1.1.0.tgz. Extracting by manifest.
6838 silly tarball no local data for node-fetch@https://registry.npmjs.org/node-fetch/-/node-fetch-2.7.0.tgz. Extracting by manifest.
6839 silly tarball no local data for @sentry/cli-darwin@https://registry.npmjs.org/@sentry/cli-darwin/-/cli-darwin-2.51.1.tgz. Extracting by manifest.
6840 silly tarball no local data for @typescript-eslint/typescript-estree@https://registry.npmjs.org/@typescript-eslint/typescript-estree/-/typescript-estree-7.18.0.tgz. Extracting by manifest.
6841 silly tarball no local data for https-proxy-agent@https://registry.npmjs.org/https-proxy-agent/-/https-proxy-agent-5.0.1.tgz. Extracting by manifest.
6842 silly tarball no local data for @sentry-internal/replay@https://registry.npmjs.org/@sentry-internal/replay/-/replay-8.55.0.tgz. Extracting by manifest.
6843 silly tarball no local data for @sentry-internal/feedback@https://registry.npmjs.org/@sentry-internal/feedback/-/feedback-8.55.0.tgz. Extracting by manifest.
6844 silly tarball no local data for @sentry/utils@https://registry.npmjs.org/@sentry/utils/-/utils-8.55.0.tgz. Extracting by manifest.
6845 silly tarball no local data for @sentry-internal/browser-utils@https://registry.npmjs.org/@sentry-internal/browser-utils/-/browser-utils-8.55.0.tgz. Extracting by manifest.
6846 silly tarball no local data for @sentry/react@https://registry.npmjs.org/@sentry/react/-/react-8.55.0.tgz. Extracting by manifest.
6847 silly tarball no local data for @sentry/types@https://registry.npmjs.org/@sentry/types/-/types-8.55.0.tgz. Extracting by manifest.
6848 silly tarball no local data for @sentry-internal/replay-canvas@https://registry.npmjs.org/@sentry-internal/replay-canvas/-/replay-canvas-8.55.0.tgz. Extracting by manifest.
6849 silly tarball no local data for @sentry/browser@https://registry.npmjs.org/@sentry/browser/-/browser-8.55.0.tgz. Extracting by manifest.
6850 silly tarball no local data for @sentry/core@https://registry.npmjs.org/@sentry/core/-/core-8.55.0.tgz. Extracting by manifest.
6851 silly tarball no local data for @sentry/babel-plugin-component-annotate@https://registry.npmjs.org/@sentry/babel-plugin-component-annotate/-/babel-plugin-component-annotate-4.1.1.tgz. Extracting by manifest.
6852 silly tarball no local data for @sentry/cli@https://registry.npmjs.org/@sentry/cli/-/cli-2.51.1.tgz. Extracting by manifest.
6853 silly tarball no local data for @react-navigation/routers@https://registry.npmjs.org/@react-navigation/routers/-/routers-7.5.1.tgz. Extracting by manifest.
6854 silly tarball no local data for query-string@https://registry.npmjs.org/query-string/-/query-string-7.1.3.tgz. Extracting by manifest.
6855 silly tarball no local data for fast-deep-equal@https://registry.npmjs.org/fast-deep-equal/-/fast-deep-equal-3.1.3.tgz. Extracting by manifest.
6856 silly tarball no local data for @react-navigation/core@https://registry.npmjs.org/@react-navigation/core/-/core-7.12.4.tgz. Extracting by manifest.
6857 silly tarball no local data for react-is@https://registry.npmjs.org/react-is/-/react-is-19.1.1.tgz. Extracting by manifest.
6858 silly tarball no local data for nanoid@https://registry.npmjs.org/nanoid/-/nanoid-3.3.11.tgz. Extracting by manifest.
6859 silly tarball no local data for escape-string-regexp@https://registry.npmjs.org/escape-string-regexp/-/escape-string-regexp-4.0.0.tgz. Extracting by manifest.
6860 silly tarball no local data for color@https://registry.npmjs.org/color/-/color-4.2.3.tgz. Extracting by manifest.
6861 silly tarball no local data for @react-navigation/elements@https://registry.npmjs.org/@react-navigation/elements/-/elements-2.6.3.tgz. Extracting by manifest.
6862 silly tarball no local data for use-latest-callback@https://registry.npmjs.org/use-latest-callback/-/use-latest-callback-0.2.4.tgz. Extracting by manifest.
6863 silly tarball no local data for use-sync-external-store@https://registry.npmjs.org/use-sync-external-store/-/use-sync-external-store-1.5.0.tgz. Extracting by manifest.
6864 silly tarball no local data for metro-runtime@https://registry.npmjs.org/metro-runtime/-/metro-runtime-0.82.5.tgz. Extracting by manifest.
6865 silly tarball no local data for @react-native/metro-babel-transformer@https://registry.npmjs.org/@react-native/metro-babel-transformer/-/metro-babel-transformer-0.79.3.tgz. Extracting by manifest.
6866 silly tarball no local data for eslint-scope@https://registry.npmjs.org/eslint-scope/-/eslint-scope-5.1.1.tgz. Extracting by manifest.
6867 silly tarball no local data for @nicolo-ribaudo/eslint-scope-5-internals@https://registry.npmjs.org/@nicolo-ribaudo/eslint-scope-5-internals/-/eslint-scope-5-internals-5.1.1-v1.tgz. Extracting by manifest.
6868 silly tarball no local data for eslint-visitor-keys@https://registry.npmjs.org/eslint-visitor-keys/-/eslint-visitor-keys-2.1.0.tgz. Extracting by manifest.
6869 silly tarball no local data for @react-native/js-polyfills@https://registry.npmjs.org/@react-native/js-polyfills/-/js-polyfills-0.79.3.tgz. Extracting by manifest.
6870 silly tarball no local data for metro-config@https://registry.npmjs.org/metro-config/-/metro-config-0.82.5.tgz. Extracting by manifest.
6871 silly tarball no local data for eslint-plugin-jest@https://registry.npmjs.org/eslint-plugin-jest/-/eslint-plugin-jest-27.9.0.tgz. Extracting by manifest.
6872 silly tarball no local data for eslint-plugin-react-hooks@https://registry.npmjs.org/eslint-plugin-react-hooks/-/eslint-plugin-react-hooks-4.6.2.tgz. Extracting by manifest.
6873 silly tarball no local data for eslint-plugin-react@https://registry.npmjs.org/eslint-plugin-react/-/eslint-plugin-react-7.37.5.tgz. Extracting by manifest.
6874 silly tarball no local data for eslint-plugin-react-native@https://registry.npmjs.org/eslint-plugin-react-native/-/eslint-plugin-react-native-4.1.0.tgz. Extracting by manifest.
6875 silly tarball no local data for eslint-config-prettier@https://registry.npmjs.org/eslint-config-prettier/-/eslint-config-prettier-8.10.2.tgz. Extracting by manifest.
6876 silly tarball no local data for eslint-plugin-ft-flow@https://registry.npmjs.org/eslint-plugin-ft-flow/-/eslint-plugin-ft-flow-2.0.3.tgz. Extracting by manifest.
6877 silly tarball no local data for @typescript-eslint/eslint-plugin@https://registry.npmjs.org/@typescript-eslint/eslint-plugin/-/eslint-plugin-7.18.0.tgz. Extracting by manifest.
6878 silly tarball no local data for eslint-plugin-eslint-comments@https://registry.npmjs.org/eslint-plugin-eslint-comments/-/eslint-plugin-eslint-comments-3.2.0.tgz. Extracting by manifest.
6879 silly tarball no local data for hermes-parser@https://registry.npmjs.org/hermes-parser/-/hermes-parser-0.25.1.tgz. Extracting by manifest.
6880 silly tarball no local data for @typescript-eslint/parser@https://registry.npmjs.org/@typescript-eslint/parser/-/parser-7.18.0.tgz. Extracting by manifest.
6881 silly tarball no local data for @react-native/eslint-plugin@https://registry.npmjs.org/@react-native/eslint-plugin/-/eslint-plugin-0.79.3.tgz. Extracting by manifest.
6882 silly tarball no local data for glob@https://registry.npmjs.org/glob/-/glob-7.2.3.tgz. Extracting by manifest.
6883 silly tarball no local data for @react-native/codegen@https://registry.npmjs.org/@react-native/codegen/-/codegen-0.79.3.tgz. Extracting by manifest.
6884 silly tarball no local data for @babel/plugin-syntax-typescript@https://registry.npmjs.org/@babel/plugin-syntax-typescript/-/plugin-syntax-typescript-7.27.1.tgz. Extracting by manifest.
6885 silly tarball no local data for @babel/eslint-parser@https://registry.npmjs.org/@babel/eslint-parser/-/eslint-parser-7.28.0.tgz. Extracting by manifest.
6886 silly tarball no local data for @babel/plugin-syntax-flow@https://registry.npmjs.org/@babel/plugin-syntax-flow/-/plugin-syntax-flow-7.27.1.tgz. Extracting by manifest.
6887 silly tarball no local data for nullthrows@https://registry.npmjs.org/nullthrows/-/nullthrows-1.1.1.tgz. Extracting by manifest.
6888 silly tarball no local data for @babel/plugin-syntax-jsx@https://registry.npmjs.org/@babel/plugin-syntax-jsx/-/plugin-syntax-jsx-7.27.1.tgz. Extracting by manifest.
6889 silly tarball no local data for babel-plugin-transform-flow-enums@https://registry.npmjs.org/babel-plugin-transform-flow-enums/-/babel-plugin-transform-flow-enums-0.0.2.tgz. Extracting by manifest.
6890 silly tarball no local data for @babel/plugin-transform-typescript@https://registry.npmjs.org/@babel/plugin-transform-typescript/-/plugin-transform-typescript-7.28.0.tgz. Extracting by manifest.
6891 silly tarball no local data for react-refresh@https://registry.npmjs.org/react-refresh/-/react-refresh-0.14.2.tgz. Extracting by manifest.
6892 silly tarball no local data for yargs@https://registry.npmjs.org/yargs/-/yargs-17.7.2.tgz. Extracting by manifest.
6893 silly tarball no local data for babel-plugin-syntax-hermes-parser@https://registry.npmjs.org/babel-plugin-syntax-hermes-parser/-/babel-plugin-syntax-hermes-parser-0.25.1.tgz. Extracting by manifest.
6894 silly tarball no local data for @babel/plugin-transform-runtime@https://registry.npmjs.org/@babel/plugin-transform-runtime/-/plugin-transform-runtime-7.28.3.tgz. Extracting by manifest.
6895 silly tarball no local data for @react-native/babel-plugin-codegen@https://registry.npmjs.org/@react-native/babel-plugin-codegen/-/babel-plugin-codegen-0.79.3.tgz. Extracting by manifest.
6896 silly tarball no local data for @babel/plugin-transform-react-jsx-self@https://registry.npmjs.org/@babel/plugin-transform-react-jsx-self/-/plugin-transform-react-jsx-self-7.27.1.tgz. Extracting by manifest.
6897 silly tarball no local data for @babel/plugin-transform-react-jsx-source@https://registry.npmjs.org/@babel/plugin-transform-react-jsx-source/-/plugin-transform-react-jsx-source-7.27.1.tgz. Extracting by manifest.
6898 silly tarball no local data for @babel/plugin-transform-react-jsx@https://registry.npmjs.org/@babel/plugin-transform-react-jsx/-/plugin-transform-react-jsx-7.27.1.tgz. Extracting by manifest.
6899 silly tarball no local data for @babel/plugin-syntax-nullish-coalescing-operator@https://registry.npmjs.org/@babel/plugin-syntax-nullish-coalescing-operator/-/plugin-syntax-nullish-coalescing-operator-7.8.3.tgz. Extracting by manifest.
6900 silly tarball no local data for @babel/plugin-syntax-optional-chaining@https://registry.npmjs.org/@babel/plugin-syntax-optional-chaining/-/plugin-syntax-optional-chaining-7.8.3.tgz. Extracting by manifest.
6901 silly tarball no local data for @babel/plugin-proposal-export-default-from@https://registry.npmjs.org/@babel/plugin-proposal-export-default-from/-/plugin-proposal-export-default-from-7.27.1.tgz. Extracting by manifest.
6902 silly tarball no local data for mime@https://registry.npmjs.org/mime/-/mime-2.6.0.tgz. Extracting by manifest.
6903 silly tarball no local data for @babel/plugin-syntax-export-default-from@https://registry.npmjs.org/@babel/plugin-syntax-export-default-from/-/plugin-syntax-export-default-from-7.27.1.tgz. Extracting by manifest.
6904 silly tarball no local data for @babel/plugin-transform-react-display-name@https://registry.npmjs.org/@babel/plugin-transform-react-display-name/-/plugin-transform-react-display-name-7.28.0.tgz. Extracting by manifest.
6905 silly tarball no local data for launch-editor@https://registry.npmjs.org/launch-editor/-/launch-editor-2.11.1.tgz. Extracting by manifest.
6906 silly tarball no local data for @babel/plugin-syntax-dynamic-import@https://registry.npmjs.org/@babel/plugin-syntax-dynamic-import/-/plugin-syntax-dynamic-import-7.8.3.tgz. Extracting by manifest.
6907 silly tarball no local data for ws@https://registry.npmjs.org/ws/-/ws-6.2.3.tgz. Extracting by manifest.
6908 silly tarball no local data for @babel/plugin-transform-flow-strip-types@https://registry.npmjs.org/@babel/plugin-transform-flow-strip-types/-/plugin-transform-flow-strip-types-7.27.1.tgz. Extracting by manifest.
6909 silly tarball no local data for pretty-format@https://registry.npmjs.org/pretty-format/-/pretty-format-29.7.0.tgz. Extracting by manifest.
6910 silly tarball no local data for @vscode/sudo-prompt@https://registry.npmjs.org/@vscode/sudo-prompt/-/sudo-prompt-9.3.1.tgz. Extracting by manifest.
6911 silly tarball no local data for appdirsjs@https://registry.npmjs.org/appdirsjs/-/appdirsjs-1.2.7.tgz. Extracting by manifest.
6912 silly tarball no local data for serve-static@https://registry.npmjs.org/serve-static/-/serve-static-1.16.2.tgz. Extracting by manifest.
6913 silly tarball no local data for errorhandler@https://registry.npmjs.org/errorhandler/-/errorhandler-1.5.1.tgz. Extracting by manifest.
6914 silly tarball no local data for connect@https://registry.npmjs.org/connect/-/connect-3.7.0.tgz. Extracting by manifest.
6915 silly tarball no local data for compression@https://registry.npmjs.org/compression/-/compression-1.8.1.tgz. Extracting by manifest.
6916 silly tarball no local data for body-parser@https://registry.npmjs.org/body-parser/-/body-parser-1.20.3.tgz. Extracting by manifest.
6917 silly tarball no local data for nocache@https://registry.npmjs.org/nocache/-/nocache-3.0.4.tgz. Extracting by manifest.
6918 silly tarball no local data for logkitty@https://registry.npmjs.org/logkitty/-/logkitty-0.7.1.tgz. Extracting by manifest.
6919 silly tarball no local data for open@https://registry.npmjs.org/open/-/open-6.4.0.tgz. Extracting by manifest.
6920 silly tarball no local data for yaml@https://registry.npmjs.org/yaml/-/yaml-2.8.1.tgz. Extracting by manifest.
6921 silly tarball no local data for @react-native-community/cli-config-android@https://registry.npmjs.org/@react-native-community/cli-config-android/-/cli-config-android-18.0.0.tgz. Extracting by manifest.
6922 silly tarball no local data for wcwidth@https://registry.npmjs.org/wcwidth/-/wcwidth-1.0.1.tgz. Extracting by manifest.
6923 silly tarball no local data for fast-xml-parser@https://registry.npmjs.org/fast-xml-parser/-/fast-xml-parser-4.5.3.tgz. Extracting by manifest.
6924 silly tarball no local data for envinfo@https://registry.npmjs.org/envinfo/-/envinfo-7.14.0.tgz. Extracting by manifest.
6925 silly tarball no local data for command-exists@https://registry.npmjs.org/command-exists/-/command-exists-1.2.9.tgz. Extracting by manifest.
6926 silly tarball no local data for @react-native-community/cli-platform-apple@https://registry.npmjs.org/@react-native-community/cli-platform-apple/-/cli-platform-apple-20.0.1.tgz. Extracting by manifest.
6927 silly tarball no local data for @react-native-community/cli-config-apple@https://registry.npmjs.org/@react-native-community/cli-config-apple/-/cli-config-apple-20.0.1.tgz. Extracting by manifest.
6928 silly tarball no local data for ora@https://registry.npmjs.org/ora/-/ora-5.4.1.tgz. Extracting by manifest.
6929 silly tarball no local data for joi@https://registry.npmjs.org/joi/-/joi-17.13.3.tgz. Extracting by manifest.
6930 silly tarball no local data for fast-glob@https://registry.npmjs.org/fast-glob/-/fast-glob-3.3.3.tgz. Extracting by manifest.
6931 silly tarball no local data for cosmiconfig@https://registry.npmjs.org/cosmiconfig/-/cosmiconfig-9.0.0.tgz. Extracting by manifest.
6932 silly tarball no local data for prompts@https://registry.npmjs.org/prompts/-/prompts-2.4.2.tgz. Extracting by manifest.
6933 silly tarball no local data for graceful-fs@https://registry.npmjs.org/graceful-fs/-/graceful-fs-4.2.11.tgz. Extracting by manifest.
6934 silly tarball no local data for find-up@https://registry.npmjs.org/find-up/-/find-up-5.0.0.tgz. Extracting by manifest.
6935 silly tarball no local data for execa@https://registry.npmjs.org/execa/-/execa-5.1.1.tgz. Extracting by manifest.
6936 silly tarball no local data for node-stream-zip@https://registry.npmjs.org/node-stream-zip/-/node-stream-zip-1.15.0.tgz. Extracting by manifest.
6937 silly tarball no local data for commander@https://registry.npmjs.org/commander/-/commander-9.5.0.tgz. Extracting by manifest.
6938 silly tarball no local data for @react-native-community/cli-types@https://registry.npmjs.org/@react-native-community/cli-types/-/cli-types-20.0.1.tgz. Extracting by manifest.
6939 silly tarball no local data for chalk@https://registry.npmjs.org/chalk/-/chalk-4.1.2.tgz. Extracting by manifest.
6940 silly tarball no local data for @react-native-community/cli-tools@https://registry.npmjs.org/@react-native-community/cli-tools/-/cli-tools-20.0.1.tgz. Extracting by manifest.
6941 silly tarball no local data for deepmerge@https://registry.npmjs.org/deepmerge/-/deepmerge-4.3.1.tgz. Extracting by manifest.
6942 silly tarball no local data for @react-native-community/cli-doctor@https://registry.npmjs.org/@react-native-community/cli-doctor/-/cli-doctor-20.0.1.tgz. Extracting by manifest.
6943 silly tarball no local data for @react-native-community/cli-server-api@https://registry.npmjs.org/@react-native-community/cli-server-api/-/cli-server-api-20.0.1.tgz. Extracting by manifest.
6944 silly tarball no local data for @react-native-community/cli-config@https://registry.npmjs.org/@react-native-community/cli-config/-/cli-config-20.0.1.tgz. Extracting by manifest.
6945 silly tarball no local data for @jridgewell/resolve-uri@https://registry.npmjs.org/@jridgewell/resolve-uri/-/resolve-uri-3.1.2.tgz. Extracting by manifest.
6946 silly tarball no local data for merge-options@https://registry.npmjs.org/merge-options/-/merge-options-3.0.4.tgz. Extracting by manifest.
6947 silly tarball no local data for fs-extra@https://registry.npmjs.org/fs-extra/-/fs-extra-8.1.0.tgz. Extracting by manifest.
6948 silly tarball no local data for @babel/helper-string-parser@https://registry.npmjs.org/@babel/helper-string-parser/-/helper-string-parser-7.27.1.tgz. Extracting by manifest.
6949 silly tarball no local data for @babel/helper-globals@https://registry.npmjs.org/@babel/helper-globals/-/helper-globals-7.28.0.tgz. Extracting by manifest.
6950 silly tarball no local data for @babel/helper-replace-supers@https://registry.npmjs.org/@babel/helper-replace-supers/-/helper-replace-supers-7.27.1.tgz. Extracting by manifest.
6951 silly tarball no local data for @jridgewell/sourcemap-codec@https://registry.npmjs.org/@jridgewell/sourcemap-codec/-/sourcemap-codec-1.5.5.tgz. Extracting by manifest.
6952 silly tarball no local data for @babel/helper-optimise-call-expression@https://registry.npmjs.org/@babel/helper-optimise-call-expression/-/helper-optimise-call-expression-7.27.1.tgz. Extracting by manifest.
6953 silly tarball no local data for esutils@https://registry.npmjs.org/esutils/-/esutils-2.0.3.tgz. Extracting by manifest.
6954 silly tarball no local data for @react-native-community/cli-clean@https://registry.npmjs.org/@react-native-community/cli-clean/-/cli-clean-20.0.1.tgz. Extracting by manifest.
6955 silly tarball no local data for @babel/helper-create-class-features-plugin@https://registry.npmjs.org/@babel/helper-create-class-features-plugin/-/helper-create-class-features-plugin-7.28.3.tgz. Extracting by manifest.
6956 silly tarball no local data for @babel/helper-wrap-function@https://registry.npmjs.org/@babel/helper-wrap-function/-/helper-wrap-function-7.28.3.tgz. Extracting by manifest.
6957 silly tarball no local data for @babel/helper-remap-async-to-generator@https://registry.npmjs.org/@babel/helper-remap-async-to-generator/-/helper-remap-async-to-generator-7.27.1.tgz. Extracting by manifest.
6958 silly tarball no local data for @babel/helper-member-expression-to-functions@https://registry.npmjs.org/@babel/helper-member-expression-to-functions/-/helper-member-expression-to-functions-7.27.1.tgz. Extracting by manifest.
6959 silly tarball no local data for regexpu-core@https://registry.npmjs.org/regexpu-core/-/regexpu-core-6.2.0.tgz. Extracting by manifest.
6960 silly tarball no local data for @babel/helper-create-regexp-features-plugin@https://registry.npmjs.org/@babel/helper-create-regexp-features-plugin/-/helper-create-regexp-features-plugin-7.27.1.tgz. Extracting by manifest.
6961 silly tarball no local data for @babel/helper-skip-transparent-expression-wrappers@https://registry.npmjs.org/@babel/helper-skip-transparent-expression-wrappers/-/helper-skip-transparent-expression-wrappers-7.27.1.tgz. Extracting by manifest.
6962 silly tarball no local data for core-js-compat@https://registry.npmjs.org/core-js-compat/-/core-js-compat-3.45.1.tgz. Extracting by manifest.
6963 silly tarball no local data for @babel/helper-annotate-as-pure@https://registry.npmjs.org/@babel/helper-annotate-as-pure/-/helper-annotate-as-pure-7.27.3.tgz. Extracting by manifest.
6964 silly tarball no local data for babel-plugin-polyfill-corejs2@https://registry.npmjs.org/babel-plugin-polyfill-corejs2/-/babel-plugin-polyfill-corejs2-0.4.14.tgz. Extracting by manifest.
6965 silly tarball no local data for babel-plugin-polyfill-corejs3@https://registry.npmjs.org/babel-plugin-polyfill-corejs3/-/babel-plugin-polyfill-corejs3-0.13.0.tgz. Extracting by manifest.
6966 silly tarball no local data for babel-plugin-polyfill-regenerator@https://registry.npmjs.org/babel-plugin-polyfill-regenerator/-/babel-plugin-polyfill-regenerator-0.6.5.tgz. Extracting by manifest.
6967 silly tarball no local data for @babel/plugin-transform-unicode-property-regex@https://registry.npmjs.org/@babel/plugin-transform-unicode-property-regex/-/plugin-transform-unicode-property-regex-7.27.1.tgz. Extracting by manifest.
6968 silly tarball no local data for @babel/plugin-transform-typeof-symbol@https://registry.npmjs.org/@babel/plugin-transform-typeof-symbol/-/plugin-transform-typeof-symbol-7.27.1.tgz. Extracting by manifest.
6969 silly tarball no local data for @babel/plugin-transform-unicode-escapes@https://registry.npmjs.org/@babel/plugin-transform-unicode-escapes/-/plugin-transform-unicode-escapes-7.27.1.tgz. Extracting by manifest.
6970 silly tarball no local data for @babel/plugin-transform-unicode-sets-regex@https://registry.npmjs.org/@babel/plugin-transform-unicode-sets-regex/-/plugin-transform-unicode-sets-regex-7.27.1.tgz. Extracting by manifest.
6971 silly tarball no local data for @babel/plugin-transform-unicode-regex@https://registry.npmjs.org/@babel/plugin-transform-unicode-regex/-/plugin-transform-unicode-regex-7.27.1.tgz. Extracting by manifest.
6972 silly tarball no local data for @babel/plugin-transform-shorthand-properties@https://registry.npmjs.org/@babel/plugin-transform-shorthand-properties/-/plugin-transform-shorthand-properties-7.27.1.tgz. Extracting by manifest.
6973 silly tarball no local data for @babel/plugin-transform-sticky-regex@https://registry.npmjs.org/@babel/plugin-transform-sticky-regex/-/plugin-transform-sticky-regex-7.27.1.tgz. Extracting by manifest.
6974 silly tarball no local data for @babel/preset-modules@https://registry.npmjs.org/@babel/preset-modules/-/preset-modules-0.1.6-no-external-plugins.tgz. Extracting by manifest.
6975 silly tarball no local data for @babel/plugin-transform-reserved-words@https://registry.npmjs.org/@babel/plugin-transform-reserved-words/-/plugin-transform-reserved-words-7.27.1.tgz. Extracting by manifest.
6976 silly tarball no local data for @babel/plugin-transform-regexp-modifiers@https://registry.npmjs.org/@babel/plugin-transform-regexp-modifiers/-/plugin-transform-regexp-modifiers-7.27.1.tgz. Extracting by manifest.
6977 silly tarball no local data for @babel/plugin-transform-regenerator@https://registry.npmjs.org/@babel/plugin-transform-regenerator/-/plugin-transform-regenerator-7.28.3.tgz. Extracting by manifest.
6978 silly tarball no local data for @babel/plugin-transform-template-literals@https://registry.npmjs.org/@babel/plugin-transform-template-literals/-/plugin-transform-template-literals-7.27.1.tgz. Extracting by manifest.
6979 silly tarball no local data for @babel/plugin-transform-private-methods@https://registry.npmjs.org/@babel/plugin-transform-private-methods/-/plugin-transform-private-methods-7.27.1.tgz. Extracting by manifest.
6980 silly tarball no local data for @babel/plugin-transform-parameters@https://registry.npmjs.org/@babel/plugin-transform-parameters/-/plugin-transform-parameters-7.27.7.tgz. Extracting by manifest.
6981 silly tarball no local data for @babel/plugin-transform-spread@https://registry.npmjs.org/@babel/plugin-transform-spread/-/plugin-transform-spread-7.27.1.tgz. Extracting by manifest.
6982 silly tarball no local data for @babel/plugin-transform-property-literals@https://registry.npmjs.org/@babel/plugin-transform-property-literals/-/plugin-transform-property-literals-7.27.1.tgz. Extracting by manifest.
6983 silly tarball no local data for @babel/plugin-transform-optional-chaining@https://registry.npmjs.org/@babel/plugin-transform-optional-chaining/-/plugin-transform-optional-chaining-7.27.1.tgz. Extracting by manifest.
6984 silly tarball no local data for @babel/plugin-transform-optional-catch-binding@https://registry.npmjs.org/@babel/plugin-transform-optional-catch-binding/-/plugin-transform-optional-catch-binding-7.27.1.tgz. Extracting by manifest.
6985 silly tarball no local data for @babel/plugin-transform-object-super@https://registry.npmjs.org/@babel/plugin-transform-object-super/-/plugin-transform-object-super-7.27.1.tgz. Extracting by manifest.
6986 silly tarball no local data for @babel/plugin-transform-nullish-coalescing-operator@https://registry.npmjs.org/@babel/plugin-transform-nullish-coalescing-operator/-/plugin-transform-nullish-coalescing-operator-7.27.1.tgz. Extracting by manifest.
6987 silly tarball no local data for @babel/plugin-transform-numeric-separator@https://registry.npmjs.org/@babel/plugin-transform-numeric-separator/-/plugin-transform-numeric-separator-7.27.1.tgz. Extracting by manifest.
6988 silly tarball no local data for @babel/plugin-transform-new-target@https://registry.npmjs.org/@babel/plugin-transform-new-target/-/plugin-transform-new-target-7.27.1.tgz. Extracting by manifest.
6989 silly tarball no local data for @babel/plugin-transform-modules-umd@https://registry.npmjs.org/@babel/plugin-transform-modules-umd/-/plugin-transform-modules-umd-7.27.1.tgz. Extracting by manifest.
6990 silly tarball no local data for @babel/plugin-transform-object-rest-spread@https://registry.npmjs.org/@babel/plugin-transform-object-rest-spread/-/plugin-transform-object-rest-spread-7.28.0.tgz. Extracting by manifest.
6991 silly tarball no local data for @babel/plugin-transform-private-property-in-object@https://registry.npmjs.org/@babel/plugin-transform-private-property-in-object/-/plugin-transform-private-property-in-object-7.27.1.tgz. Extracting by manifest.
6992 silly tarball no local data for @babel/plugin-transform-modules-commonjs@https://registry.npmjs.org/@babel/plugin-transform-modules-commonjs/-/plugin-transform-modules-commonjs-7.27.1.tgz. Extracting by manifest.
6993 silly tarball no local data for @babel/plugin-transform-modules-amd@https://registry.npmjs.org/@babel/plugin-transform-modules-amd/-/plugin-transform-modules-amd-7.27.1.tgz. Extracting by manifest.
6994 silly tarball no local data for @babel/plugin-transform-logical-assignment-operators@https://registry.npmjs.org/@babel/plugin-transform-logical-assignment-operators/-/plugin-transform-logical-assignment-operators-7.27.1.tgz. Extracting by manifest.
6995 silly tarball no local data for @babel/plugin-transform-literals@https://registry.npmjs.org/@babel/plugin-transform-literals/-/plugin-transform-literals-7.27.1.tgz. Extracting by manifest.
6996 silly tarball no local data for @babel/plugin-transform-named-capturing-groups-regex@https://registry.npmjs.org/@babel/plugin-transform-named-capturing-groups-regex/-/plugin-transform-named-capturing-groups-regex-7.27.1.tgz. Extracting by manifest.
6997 silly tarball no local data for @babel/plugin-transform-json-strings@https://registry.npmjs.org/@babel/plugin-transform-json-strings/-/plugin-transform-json-strings-7.27.1.tgz. Extracting by manifest.
6998 silly tarball no local data for @babel/plugin-transform-modules-systemjs@https://registry.npmjs.org/@babel/plugin-transform-modules-systemjs/-/plugin-transform-modules-systemjs-7.27.1.tgz. Extracting by manifest.
6999 silly tarball no local data for @babel/plugin-transform-member-expression-literals@https://registry.npmjs.org/@babel/plugin-transform-member-expression-literals/-/plugin-transform-member-expression-literals-7.27.1.tgz. Extracting by manifest.
7000 silly tarball no local data for @babel/plugin-transform-for-of@https://registry.npmjs.org/@babel/plugin-transform-for-of/-/plugin-transform-for-of-7.27.1.tgz. Extracting by manifest.
7001 silly tarball no local data for @babel/plugin-transform-exponentiation-operator@https://registry.npmjs.org/@babel/plugin-transform-exponentiation-operator/-/plugin-transform-exponentiation-operator-7.27.1.tgz. Extracting by manifest.
7002 silly tarball no local data for @babel/plugin-transform-function-name@https://registry.npmjs.org/@babel/plugin-transform-function-name/-/plugin-transform-function-name-7.27.1.tgz. Extracting by manifest.
7003 silly tarball no local data for @babel/plugin-transform-export-namespace-from@https://registry.npmjs.org/@babel/plugin-transform-export-namespace-from/-/plugin-transform-export-namespace-from-7.27.1.tgz. Extracting by manifest.
7004 silly tarball no local data for @babel/plugin-transform-duplicate-keys@https://registry.npmjs.org/@babel/plugin-transform-duplicate-keys/-/plugin-transform-duplicate-keys-7.27.1.tgz. Extracting by manifest.
7005 silly tarball no local data for @babel/plugin-transform-dynamic-import@https://registry.npmjs.org/@babel/plugin-transform-dynamic-import/-/plugin-transform-dynamic-import-7.27.1.tgz. Extracting by manifest.
7006 silly tarball no local data for @babel/plugin-transform-dotall-regex@https://registry.npmjs.org/@babel/plugin-transform-dotall-regex/-/plugin-transform-dotall-regex-7.27.1.tgz. Extracting by manifest.
7007 silly tarball no local data for @babel/plugin-transform-computed-properties@https://registry.npmjs.org/@babel/plugin-transform-computed-properties/-/plugin-transform-computed-properties-7.27.1.tgz. Extracting by manifest.
7008 silly tarball no local data for @babel/plugin-transform-explicit-resource-management@https://registry.npmjs.org/@babel/plugin-transform-explicit-resource-management/-/plugin-transform-explicit-resource-management-7.28.0.tgz. Extracting by manifest.
7009 silly tarball no local data for @babel/plugin-transform-class-static-block@https://registry.npmjs.org/@babel/plugin-transform-class-static-block/-/plugin-transform-class-static-block-7.28.3.tgz. Extracting by manifest.
7010 silly tarball no local data for @babel/plugin-transform-block-scoping@https://registry.npmjs.org/@babel/plugin-transform-block-scoping/-/plugin-transform-block-scoping-7.28.0.tgz. Extracting by manifest.
7011 silly tarball no local data for @babel/plugin-transform-block-scoped-functions@https://registry.npmjs.org/@babel/plugin-transform-block-scoped-functions/-/plugin-transform-block-scoped-functions-7.27.1.tgz. Extracting by manifest.
7012 silly tarball no local data for @babel/plugin-transform-async-to-generator@https://registry.npmjs.org/@babel/plugin-transform-async-to-generator/-/plugin-transform-async-to-generator-7.27.1.tgz. Extracting by manifest.
7013 silly tarball no local data for @babel/plugin-transform-duplicate-named-capturing-groups-regex@https://registry.npmjs.org/@babel/plugin-transform-duplicate-named-capturing-groups-regex/-/plugin-transform-duplicate-named-capturing-groups-regex-7.27.1.tgz. Extracting by manifest.
7014 silly tarball no local data for @babel/plugin-transform-classes@https://registry.npmjs.org/@babel/plugin-transform-classes/-/plugin-transform-classes-7.28.3.tgz. Extracting by manifest.
7015 silly tarball no local data for @babel/plugin-transform-destructuring@https://registry.npmjs.org/@babel/plugin-transform-destructuring/-/plugin-transform-destructuring-7.28.0.tgz. Extracting by manifest.
7016 silly tarball no local data for @babel/plugin-transform-async-generator-functions@https://registry.npmjs.org/@babel/plugin-transform-async-generator-functions/-/plugin-transform-async-generator-functions-7.28.0.tgz. Extracting by manifest.
7017 silly tarball no local data for @babel/plugin-syntax-unicode-sets-regex@https://registry.npmjs.org/@babel/plugin-syntax-unicode-sets-regex/-/plugin-syntax-unicode-sets-regex-7.18.6.tgz. Extracting by manifest.
7018 silly tarball no local data for @babel/plugin-transform-arrow-functions@https://registry.npmjs.org/@babel/plugin-transform-arrow-functions/-/plugin-transform-arrow-functions-7.27.1.tgz. Extracting by manifest.
7019 silly tarball no local data for @babel/plugin-syntax-import-assertions@https://registry.npmjs.org/@babel/plugin-syntax-import-assertions/-/plugin-syntax-import-assertions-7.27.1.tgz. Extracting by manifest.
7020 silly tarball no local data for @babel/plugin-transform-class-properties@https://registry.npmjs.org/@babel/plugin-transform-class-properties/-/plugin-transform-class-properties-7.27.1.tgz. Extracting by manifest.
7021 silly tarball no local data for @babel/plugin-bugfix-v8-static-class-fields-redefine-readonly@https://registry.npmjs.org/@babel/plugin-bugfix-v8-static-class-fields-redefine-readonly/-/plugin-bugfix-v8-static-class-fields-redefine-readonly-7.28.3.tgz. Extracting by manifest.
7022 silly tarball no local data for @babel/plugin-proposal-private-property-in-object@https://registry.npmjs.org/@babel/plugin-proposal-private-property-in-object/-/plugin-proposal-private-property-in-object-7.21.0-placeholder-for-preset-env.2.tgz. Extracting by manifest.
7023 silly tarball no local data for @babel/plugin-bugfix-safari-id-destructuring-collision-in-function-expression@https://registry.npmjs.org/@babel/plugin-bugfix-safari-id-destructuring-collision-in-function-expression/-/plugin-bugfix-safari-id-destructuring-collision-in-function-expression-7.27.1.tgz. Extracting by manifest.
7024 silly tarball no local data for @babel/plugin-bugfix-safari-class-field-initializer-scope@https://registry.npmjs.org/@babel/plugin-bugfix-safari-class-field-initializer-scope/-/plugin-bugfix-safari-class-field-initializer-scope-7.27.1.tgz. Extracting by manifest.
7025 silly tarball no local data for @babel/plugin-bugfix-firefox-class-in-computed-class-key@https://registry.npmjs.org/@babel/plugin-bugfix-firefox-class-in-computed-class-key/-/plugin-bugfix-firefox-class-in-computed-class-key-7.27.1.tgz. Extracting by manifest.
7026 silly tarball no local data for @babel/helper-plugin-utils@https://registry.npmjs.org/@babel/helper-plugin-utils/-/helper-plugin-utils-7.27.1.tgz. Extracting by manifest.
7027 silly tarball no local data for @babel/plugin-bugfix-v8-spread-parameters-in-optional-chaining@https://registry.npmjs.org/@babel/plugin-bugfix-v8-spread-parameters-in-optional-chaining/-/plugin-bugfix-v8-spread-parameters-in-optional-chaining-7.27.1.tgz. Extracting by manifest.
7028 silly tarball no local data for browserslist@https://registry.npmjs.org/browserslist/-/browserslist-4.25.3.tgz. Extracting by manifest.
7029 silly tarball no local data for @babel/helper-module-imports@https://registry.npmjs.org/@babel/helper-module-imports/-/helper-module-imports-7.27.1.tgz. Extracting by manifest.
7030 silly tarball no local data for lru-cache@https://registry.npmjs.org/lru-cache/-/lru-cache-5.1.1.tgz. Extracting by manifest.
7031 silly tarball no local data for @babel/plugin-syntax-import-attributes@https://registry.npmjs.org/@babel/plugin-syntax-import-attributes/-/plugin-syntax-import-attributes-7.27.1.tgz. Extracting by manifest.
7032 silly tarball no local data for @babel/compat-data@https://registry.npmjs.org/@babel/compat-data/-/compat-data-7.28.0.tgz. Extracting by manifest.
7033 silly tarball no local data for picocolors@https://registry.npmjs.org/picocolors/-/picocolors-1.1.1.tgz. Extracting by manifest.
7034 silly tarball no local data for jsesc@https://registry.npmjs.org/jsesc/-/jsesc-3.1.0.tgz. Extracting by manifest.
7035 silly tarball no local data for js-tokens@https://registry.npmjs.org/js-tokens/-/js-tokens-4.0.0.tgz. Extracting by manifest.
7036 silly tarball no local data for @jridgewell/gen-mapping@https://registry.npmjs.org/@jridgewell/gen-mapping/-/gen-mapping-0.3.13.tgz. Extracting by manifest.
7037 silly tarball no local data for @jridgewell/trace-mapping@https://registry.npmjs.org/@jridgewell/trace-mapping/-/trace-mapping-0.3.30.tgz. Extracting by manifest.
7038 silly tarball no local data for @babel/helper-validator-option@https://registry.npmjs.org/@babel/helper-validator-option/-/helper-validator-option-7.27.1.tgz. Extracting by manifest.
7039 silly tarball no local data for @babel/helper-validator-identifier@https://registry.npmjs.org/@babel/helper-validator-identifier/-/helper-validator-identifier-7.27.1.tgz. Extracting by manifest.
7040 silly tarball no local data for debug@https://registry.npmjs.org/debug/-/debug-4.4.1.tgz. Extracting by manifest.
7041 silly tarball no local data for gensync@https://registry.npmjs.org/gensync/-/gensync-1.0.0-beta.2.tgz. Extracting by manifest.
7042 silly tarball no local data for @babel/types@https://registry.npmjs.org/@babel/types/-/types-7.28.2.tgz. Extracting by manifest.
7043 silly tarball no local data for convert-source-map@https://registry.npmjs.org/convert-source-map/-/convert-source-map-2.0.0.tgz. Extracting by manifest.
7044 silly tarball no local data for @babel/traverse@https://registry.npmjs.org/@babel/traverse/-/traverse-7.28.3.tgz. Extracting by manifest.
7045 silly tarball no local data for @babel/parser@https://registry.npmjs.org/@babel/parser/-/parser-7.28.3.tgz. Extracting by manifest.
7046 silly tarball no local data for semver@https://registry.npmjs.org/semver/-/semver-6.3.1.tgz. Extracting by manifest.
7047 silly tarball no local data for json5@https://registry.npmjs.org/json5/-/json5-2.2.3.tgz. Extracting by manifest.
7048 silly tarball no local data for @babel/helper-module-transforms@https://registry.npmjs.org/@babel/helper-module-transforms/-/helper-module-transforms-7.28.3.tgz. Extracting by manifest.
7049 silly tarball no local data for @babel/template@https://registry.npmjs.org/@babel/template/-/template-7.27.2.tgz. Extracting by manifest.
7050 silly tarball no local data for @babel/generator@https://registry.npmjs.org/@babel/generator/-/generator-7.28.3.tgz. Extracting by manifest.
7051 silly tarball no local data for @babel/helpers@https://registry.npmjs.org/@babel/helpers/-/helpers-7.28.3.tgz. Extracting by manifest.
7052 silly tarball no local data for @ampproject/remapping@https://registry.npmjs.org/@ampproject/remapping/-/remapping-2.3.0.tgz. Extracting by manifest.
7053 silly tarball no local data for @babel/code-frame@https://registry.npmjs.org/@babel/code-frame/-/code-frame-7.27.1.tgz. Extracting by manifest.
7054 silly tarball no local data for @babel/helper-compilation-targets@https://registry.npmjs.org/@babel/helper-compilation-targets/-/helper-compilation-targets-7.27.2.tgz. Extracting by manifest.
7055 silly tarball no local data for typescript@https://registry.npmjs.org/typescript/-/typescript-5.0.4.tgz. Extracting by manifest.
7056 silly tarball no local data for react-native-sqlite-storage@https://registry.npmjs.org/react-native-sqlite-storage/-/react-native-sqlite-storage-6.0.1.tgz. Extracting by manifest.
7057 silly tarball no local data for zustand@https://registry.npmjs.org/zustand/-/zustand-5.0.8.tgz. Extracting by manifest.
7058 silly tarball no local data for react-native-purchases@https://registry.npmjs.org/react-native-purchases/-/react-native-purchases-8.11.10.tgz. Extracting by manifest.
7059 silly tarball no local data for react-native-date-picker@https://registry.npmjs.org/react-native-date-picker/-/react-native-date-picker-5.0.13.tgz. Extracting by manifest.
7060 silly tarball no local data for invariant@https://registry.npmjs.org/invariant/-/invariant-2.2.4.tgz. Extracting by manifest.
7061 silly tarball no local data for @types/react-test-renderer@https://registry.npmjs.org/@types/react-test-renderer/-/react-test-renderer-19.1.0.tgz. Extracting by manifest.
7062 silly tarball no local data for @types/react@https://registry.npmjs.org/@types/react/-/react-19.1.11.tgz. Extracting by manifest.
7063 silly tarball no local data for react-test-renderer@https://registry.npmjs.org/react-test-renderer/-/react-test-renderer-19.1.0.tgz. Extracting by manifest.
7064 silly tarball no local data for react-native-iap@https://registry.npmjs.org/react-native-iap/-/react-native-iap-13.0.4.tgz. Extracting by manifest.
7065 silly tarball no local data for @testing-library/jest-native@https://registry.npmjs.org/@testing-library/jest-native/-/jest-native-5.4.3.tgz. Extracting by manifest.
7066 silly tarball no local data for @types/jest@https://registry.npmjs.org/@types/jest/-/jest-29.5.14.tgz. Extracting by manifest.
7067 silly tarball no local data for react-native-url-polyfill@https://registry.npmjs.org/react-native-url-polyfill/-/react-native-url-polyfill-2.0.0.tgz. Extracting by manifest.
7068 silly tarball no local data for react-native-gesture-handler@https://registry.npmjs.org/react-native-gesture-handler/-/react-native-gesture-handler-2.28.0.tgz. Extracting by manifest.
7069 silly tarball no local data for @testing-library/react-native@https://registry.npmjs.org/@testing-library/react-native/-/react-native-13.3.2.tgz. Extracting by manifest.
7070 silly tarball no local data for @sentry/react-native@https://registry.npmjs.org/@sentry/react-native/-/react-native-6.20.0.tgz. Extracting by manifest.
7071 silly tarball no local data for react-native-screens@https://registry.npmjs.org/react-native-screens/-/react-native-screens-4.15.2.tgz. Extracting by manifest.
7072 silly tarball no local data for @react-navigation/native@https://registry.npmjs.org/@react-navigation/native/-/native-7.1.17.tgz. Extracting by manifest.
7073 silly tarball no local data for @react-navigation/stack@https://registry.npmjs.org/@react-navigation/stack/-/stack-7.4.7.tgz. Extracting by manifest.
7074 silly tarball no local data for react-native-safe-area-context@https://registry.npmjs.org/react-native-safe-area-context/-/react-native-safe-area-context-5.6.1.tgz. Extracting by manifest.
7075 silly tarball no local data for prettier@https://registry.npmjs.org/prettier/-/prettier-2.8.8.tgz. Extracting by manifest.
7076 silly tarball no local data for @react-navigation/bottom-tabs@https://registry.npmjs.org/@react-navigation/bottom-tabs/-/bottom-tabs-7.4.6.tgz. Extracting by manifest.
7077 silly tarball no local data for eslint@https://registry.npmjs.org/eslint/-/eslint-8.57.1.tgz. Extracting by manifest.
7078 silly tarball no local data for @react-native/typescript-config@https://registry.npmjs.org/@react-native/typescript-config/-/typescript-config-0.79.3.tgz. Extracting by manifest.
7079 silly tarball no local data for @react-native/eslint-config@https://registry.npmjs.org/@react-native/eslint-config/-/eslint-config-0.79.3.tgz. Extracting by manifest.
7080 silly tarball no local data for @react-native/metro-config@https://registry.npmjs.org/@react-native/metro-config/-/metro-config-0.79.3.tgz. Extracting by manifest.
7081 silly tarball no local data for @react-native/babel-preset@https://registry.npmjs.org/@react-native/babel-preset/-/babel-preset-0.79.3.tgz. Extracting by manifest.
7082 silly tarball no local data for @react-native-community/cli-platform-android@https://registry.npmjs.org/@react-native-community/cli-platform-android/-/cli-platform-android-18.0.0.tgz. Extracting by manifest.
7083 silly tarball no local data for @react-native-community/cli@https://registry.npmjs.org/@react-native-community/cli/-/cli-20.0.1.tgz. Extracting by manifest.
7084 silly tarball no local data for react-native@https://registry.npmjs.org/react-native/-/react-native-0.80.0.tgz. Extracting by manifest.
7085 silly tarball no local data for jest@https://registry.npmjs.org/jest/-/jest-29.7.0.tgz. Extracting by manifest.
7086 silly tarball no local data for react@https://registry.npmjs.org/react/-/react-19.1.0.tgz. Extracting by manifest.
7087 silly tarball no local data for @babel/runtime@https://registry.npmjs.org/@babel/runtime/-/runtime-7.28.3.tgz. Extracting by manifest.
7088 silly tarball no local data for @react-native-community/cli-platform-ios@https://registry.npmjs.org/@react-native-community/cli-platform-ios/-/cli-platform-ios-18.0.0.tgz. Extracting by manifest.
7089 silly tarball no local data for @babel/preset-env@https://registry.npmjs.org/@babel/preset-env/-/preset-env-7.28.3.tgz. Extracting by manifest.
7090 silly tarball no local data for callsites@https://registry.npmjs.org/callsites/-/callsites-2.0.0.tgz. Extracting by manifest.
7091 silly tarball no local data for is-fullwidth-code-point@https://registry.npmjs.org/is-fullwidth-code-point/-/is-fullwidth-code-point-3.0.0.tgz. Extracting by manifest.
7092 silly tarball no local data for @react-native-async-storage/async-storage@https://registry.npmjs.org/@react-native-async-storage/async-storage/-/async-storage-2.2.0.tgz. Extracting by manifest.
7093 silly tarball no local data for debug@https://registry.npmjs.org/debug/-/debug-2.6.9.tgz. Extracting by manifest.
7094 silly tarball no local data for @babel/core@https://registry.npmjs.org/@babel/core/-/core-7.28.3.tgz. Extracting by manifest.
7095 silly tarball no local data for jsesc@https://registry.npmjs.org/jsesc/-/jsesc-3.0.2.tgz. Extracting by manifest.
7096 silly tarball no local data for ms@https://registry.npmjs.org/ms/-/ms-2.0.0.tgz. Extracting by manifest.
7097 silly tarball no local data for statuses@https://registry.npmjs.org/statuses/-/statuses-2.0.1.tgz. Extracting by manifest.
7098 silly tarball no local data for debug@https://registry.npmjs.org/debug/-/debug-2.6.9.tgz. Extracting by manifest.
7099 silly tarball no local data for mime@https://registry.npmjs.org/mime/-/mime-1.6.0.tgz. Extracting by manifest.
7100 silly tarball no local data for webidl-conversions@https://registry.npmjs.org/webidl-conversions/-/webidl-conversions-5.0.0.tgz. Extracting by manifest.
7101 silly tarball no local data for open@https://registry.npmjs.org/open/-/open-7.4.2.tgz. Extracting by manifest.
7102 silly tarball no local data for is-wsl@https://registry.npmjs.org/is-wsl/-/is-wsl-2.2.0.tgz. Extracting by manifest.
7103 silly tarball no local data for is-wsl@https://registry.npmjs.org/is-wsl/-/is-wsl-2.2.0.tgz. Extracting by manifest.
7104 silly tarball no local data for is-wsl@https://registry.npmjs.org/is-wsl/-/is-wsl-2.2.0.tgz. Extracting by manifest.
7105 silly tarball no local data for ms@https://registry.npmjs.org/ms/-/ms-2.0.0.tgz. Extracting by manifest.
7106 silly tarball no local data for source-map-support@https://registry.npmjs.org/source-map-support/-/source-map-support-0.5.21.tgz. Extracting by manifest.
7107 silly tarball no local data for type-fest@https://registry.npmjs.org/type-fest/-/type-fest-0.7.1.tgz. Extracting by manifest.
7108 silly tarball no local data for semver@https://registry.npmjs.org/semver/-/semver-7.7.2.tgz. Extracting by manifest.
7109 silly tarball no local data for source-map@https://registry.npmjs.org/source-map/-/source-map-0.5.7.tgz. Extracting by manifest.
7110 silly tarball no local data for source-map@https://registry.npmjs.org/source-map/-/source-map-0.5.7.tgz. Extracting by manifest.
7111 silly tarball no local data for hermes-estree@https://registry.npmjs.org/hermes-estree/-/hermes-estree-0.29.1.tgz. Extracting by manifest.
7112 silly tarball no local data for commander@https://registry.npmjs.org/commander/-/commander-2.20.3.tgz. Extracting by manifest.
7113 silly tarball no local data for https-proxy-agent@https://registry.npmjs.org/https-proxy-agent/-/https-proxy-agent-7.0.6.tgz. Extracting by manifest.
7114 silly tarball no local data for hermes-parser@https://registry.npmjs.org/hermes-parser/-/hermes-parser-0.29.1.tgz. Extracting by manifest.
7115 silly tarball no local data for hermes-estree@https://registry.npmjs.org/hermes-estree/-/hermes-estree-0.29.1.tgz. Extracting by manifest.
7116 silly tarball no local data for ws@https://registry.npmjs.org/ws/-/ws-7.5.10.tgz. Extracting by manifest.
7117 silly tarball no local data for source-map@https://registry.npmjs.org/source-map/-/source-map-0.5.7.tgz. Extracting by manifest.
7118 silly tarball no local data for agent-base@https://registry.npmjs.org/agent-base/-/agent-base-7.1.4.tgz. Extracting by manifest.
7119 silly tarball no local data for hermes-parser@https://registry.npmjs.org/hermes-parser/-/hermes-parser-0.29.1.tgz. Extracting by manifest.
7120 silly tarball no local data for color-name@https://registry.npmjs.org/color-name/-/color-name-1.1.3.tgz. Extracting by manifest.
7121 silly tarball no local data for ws@https://registry.npmjs.org/ws/-/ws-7.5.10.tgz. Extracting by manifest.
7122 silly tarball no local data for ansi-styles@https://registry.npmjs.org/ansi-styles/-/ansi-styles-3.2.1.tgz. Extracting by manifest.
7123 silly tarball no local data for ci-info@https://registry.npmjs.org/ci-info/-/ci-info-2.0.0.tgz. Extracting by manifest.
7124 silly tarball no local data for color-convert@https://registry.npmjs.org/color-convert/-/color-convert-1.9.3.tgz. Extracting by manifest.
7125 silly tarball no local data for strip-ansi@https://registry.npmjs.org/strip-ansi/-/strip-ansi-5.2.0.tgz. Extracting by manifest.
7126 silly tarball no local data for semver@https://registry.npmjs.org/semver/-/semver-7.7.2.tgz. Extracting by manifest.
7127 silly tarball no local data for resolve-from@https://registry.npmjs.org/resolve-from/-/resolve-from-5.0.0.tgz. Extracting by manifest.
7128 silly tarball no local data for p-limit@https://registry.npmjs.org/p-limit/-/p-limit-2.3.0.tgz. Extracting by manifest.
7129 silly tarball no local data for locate-path@https://registry.npmjs.org/locate-path/-/locate-path-5.0.0.tgz. Extracting by manifest.
7130 silly tarball no local data for p-locate@https://registry.npmjs.org/p-locate/-/p-locate-4.1.0.tgz. Extracting by manifest.
7131 silly tarball no local data for brace-expansion@https://registry.npmjs.org/brace-expansion/-/brace-expansion-1.1.12.tgz. Extracting by manifest.
7132 silly tarball no local data for minimatch@https://registry.npmjs.org/minimatch/-/minimatch-3.1.2.tgz. Extracting by manifest.
7133 silly tarball no local data for ansi-regex@https://registry.npmjs.org/ansi-regex/-/ansi-regex-4.1.1.tgz. Extracting by manifest.
7134 silly tarball no local data for escape-string-regexp@https://registry.npmjs.org/escape-string-regexp/-/escape-string-regexp-2.0.0.tgz. Extracting by manifest.
7135 silly tarball no local data for p-locate@https://registry.npmjs.org/p-locate/-/p-locate-4.1.0.tgz. Extracting by manifest.
7136 silly tarball no local data for locate-path@https://registry.npmjs.org/locate-path/-/locate-path-5.0.0.tgz. Extracting by manifest.
7137 silly tarball no local data for argparse@https://registry.npmjs.org/argparse/-/argparse-1.0.10.tgz. Extracting by manifest.
7138 silly tarball no local data for find-up@https://registry.npmjs.org/find-up/-/find-up-4.1.0.tgz. Extracting by manifest.
7139 silly tarball no local data for find-up@https://registry.npmjs.org/find-up/-/find-up-4.1.0.tgz. Extracting by manifest.
7140 silly tarball no local data for p-limit@https://registry.npmjs.org/p-limit/-/p-limit-2.3.0.tgz. Extracting by manifest.
7141 silly tarball no local data for js-yaml@https://registry.npmjs.org/js-yaml/-/js-yaml-3.14.1.tgz. Extracting by manifest.
7142 silly tarball no local data for istanbul-lib-instrument@https://registry.npmjs.org/istanbul-lib-instrument/-/istanbul-lib-instrument-5.2.1.tgz. Extracting by manifest.
7143 silly tarball no local data for resolve-from@https://registry.npmjs.org/resolve-from/-/resolve-from-5.0.0.tgz. Extracting by manifest.
7144 silly tarball no local data for semver@https://registry.npmjs.org/semver/-/semver-7.7.2.tgz. Extracting by manifest.
7145 silly tarball no local data for camelcase@https://registry.npmjs.org/camelcase/-/camelcase-6.3.0.tgz. Extracting by manifest.
7146 silly tarball no local data for semver@https://registry.npmjs.org/semver/-/semver-7.7.2.tgz. Extracting by manifest.
7147 silly tarball no local data for supports-color@https://registry.npmjs.org/supports-color/-/supports-color-8.1.1.tgz. Extracting by manifest.
7148 silly tarball no local data for brace-expansion@https://registry.npmjs.org/brace-expansion/-/brace-expansion-1.1.12.tgz. Extracting by manifest.
7149 silly tarball no local data for type-fest@https://registry.npmjs.org/type-fest/-/type-fest-0.21.3.tgz. Extracting by manifest.
7150 silly tarball no local data for minimatch@https://registry.npmjs.org/minimatch/-/minimatch-3.1.2.tgz. Extracting by manifest.
7151 silly tarball no local data for react-is@https://registry.npmjs.org/react-is/-/react-is-16.13.1.tgz. Extracting by manifest.
7152 silly tarball no local data for minimatch@https://registry.npmjs.org/minimatch/-/minimatch-3.1.2.tgz. Extracting by manifest.
7153 silly tarball no local data for negotiator@https://registry.npmjs.org/negotiator/-/negotiator-0.6.3.tgz. Extracting by manifest.
7154 silly tarball no local data for ms@https://registry.npmjs.org/ms/-/ms-2.0.0.tgz. Extracting by manifest.
7155 silly tarball no local data for eslint-visitor-keys@https://registry.npmjs.org/eslint-visitor-keys/-/eslint-visitor-keys-3.4.3.tgz. Extracting by manifest.
7156 silly tarball no local data for on-finished@https://registry.npmjs.org/on-finished/-/on-finished-2.3.0.tgz. Extracting by manifest.
7157 silly tarball no local data for mime-db@https://registry.npmjs.org/mime-db/-/mime-db-1.52.0.tgz. Extracting by manifest.
7158 silly tarball no local data for debug@https://registry.npmjs.org/debug/-/debug-2.6.9.tgz. Extracting by manifest.
7159 silly tarball no local data for is-arrayish@https://registry.npmjs.org/is-arrayish/-/is-arrayish-0.3.2.tgz. Extracting by manifest.
7160 silly tarball no local data for eslint-visitor-keys@https://registry.npmjs.org/eslint-visitor-keys/-/eslint-visitor-keys-3.4.3.tgz. Extracting by manifest.
7161 silly tarball no local data for brace-expansion@https://registry.npmjs.org/brace-expansion/-/brace-expansion-1.1.12.tgz. Extracting by manifest.
7162 silly tarball no local data for eslint-visitor-keys@https://registry.npmjs.org/eslint-visitor-keys/-/eslint-visitor-keys-3.4.3.tgz. Extracting by manifest.
7163 silly tarball no local data for react-is@https://registry.npmjs.org/react-is/-/react-is-16.13.1.tgz. Extracting by manifest.
7164 silly tarball no local data for statuses@https://registry.npmjs.org/statuses/-/statuses-2.0.1.tgz. Extracting by manifest.
7165 silly tarball no local data for semver@https://registry.npmjs.org/semver/-/semver-7.7.2.tgz. Extracting by manifest.
7166 silly tarball no local data for parse-json@https://registry.npmjs.org/parse-json/-/parse-json-4.0.0.tgz. Extracting by manifest.
7167 silly tarball no local data for argparse@https://registry.npmjs.org/argparse/-/argparse-1.0.10.tgz. Extracting by manifest.
7168 silly tarball no local data for resolve-from@https://registry.npmjs.org/resolve-from/-/resolve-from-3.0.0.tgz. Extracting by manifest.
7169 silly tarball no local data for import-fresh@https://registry.npmjs.org/import-fresh/-/import-fresh-2.0.0.tgz. Extracting by manifest.
7170 silly tarball no local data for minimatch@https://registry.npmjs.org/minimatch/-/minimatch-3.1.2.tgz. Extracting by manifest.
7171 silly tarball no local data for resolve@https://registry.npmjs.org/resolve/-/resolve-2.0.0-next.5.tgz. Extracting by manifest.
7172 silly tarball no local data for js-yaml@https://registry.npmjs.org/js-yaml/-/js-yaml-3.14.1.tgz. Extracting by manifest.
7173 silly tarball no local data for doctrine@https://registry.npmjs.org/doctrine/-/doctrine-2.1.0.tgz. Extracting by manifest.
7174 silly tarball no local data for estraverse@https://registry.npmjs.org/estraverse/-/estraverse-4.3.0.tgz. Extracting by manifest.
7175 silly tarball no local data for cosmiconfig@https://registry.npmjs.org/cosmiconfig/-/cosmiconfig-5.2.1.tgz. Extracting by manifest.
7176 silly tarball no local data for brace-expansion@https://registry.npmjs.org/brace-expansion/-/brace-expansion-1.1.12.tgz. Extracting by manifest.
7177 silly tarball no local data for eslint-visitor-keys@https://registry.npmjs.org/eslint-visitor-keys/-/eslint-visitor-keys-3.4.3.tgz. Extracting by manifest.
7178 silly tarball no local data for @typescript-eslint/types@https://registry.npmjs.org/@typescript-eslint/types/-/types-5.62.0.tgz. Extracting by manifest.
7179 silly tarball no local data for @typescript-eslint/scope-manager@https://registry.npmjs.org/@typescript-eslint/scope-manager/-/scope-manager-5.62.0.tgz. Extracting by manifest.
7180 silly tarball no local data for @typescript-eslint/typescript-estree@https://registry.npmjs.org/@typescript-eslint/typescript-estree/-/typescript-estree-5.62.0.tgz. Extracting by manifest.
7181 silly tarball no local data for @typescript-eslint/utils@https://registry.npmjs.org/@typescript-eslint/utils/-/utils-5.62.0.tgz. Extracting by manifest.
7182 silly tarball no local data for @typescript-eslint/visitor-keys@https://registry.npmjs.org/@typescript-eslint/visitor-keys/-/visitor-keys-5.62.0.tgz. Extracting by manifest.
7183 silly tarball no local data for escape-string-regexp@https://registry.npmjs.org/escape-string-regexp/-/escape-string-regexp-1.0.5.tgz. Extracting by manifest.
7184 silly tarball no local data for brace-expansion@https://registry.npmjs.org/brace-expansion/-/brace-expansion-1.1.12.tgz. Extracting by manifest.
7185 silly tarball no local data for minimatch@https://registry.npmjs.org/minimatch/-/minimatch-3.1.2.tgz. Extracting by manifest.
7186 silly tarball no local data for semver@https://registry.npmjs.org/semver/-/semver-7.7.2.tgz. Extracting by manifest.
7187 silly tarball no local data for ms@https://registry.npmjs.org/ms/-/ms-2.0.0.tgz. Extracting by manifest.
7188 silly tarball no local data for encodeurl@https://registry.npmjs.org/encodeurl/-/encodeurl-2.0.0.tgz. Extracting by manifest.
7189 silly tarball no local data for debug@https://registry.npmjs.org/debug/-/debug-2.6.9.tgz. Extracting by manifest.
7190 silly tarball no local data for ms@https://registry.npmjs.org/ms/-/ms-2.0.0.tgz. Extracting by manifest.
7191 silly tarball no local data for ansi-styles@https://registry.npmjs.org/ansi-styles/-/ansi-styles-5.2.0.tgz. Extracting by manifest.
7192 silly tarball no local data for react-is@https://registry.npmjs.org/react-is/-/react-is-18.3.1.tgz. Extracting by manifest.
7193 silly tarball no local data for debug@https://registry.npmjs.org/debug/-/debug-2.6.9.tgz. Extracting by manifest.
7194 silly tarball no local data for locate-path@https://registry.npmjs.org/locate-path/-/locate-path-5.0.0.tgz. Extracting by manifest.
7195 silly tarball no local data for yargs-parser@https://registry.npmjs.org/yargs-parser/-/yargs-parser-18.1.3.tgz. Extracting by manifest.
7196 silly tarball no local data for find-up@https://registry.npmjs.org/find-up/-/find-up-4.1.0.tgz. Extracting by manifest.
7197 silly tarball no local data for cliui@https://registry.npmjs.org/cliui/-/cliui-6.0.0.tgz. Extracting by manifest.
7198 silly tarball no local data for p-limit@https://registry.npmjs.org/p-limit/-/p-limit-2.3.0.tgz. Extracting by manifest.
7199 silly tarball no local data for y18n@https://registry.npmjs.org/y18n/-/y18n-4.0.3.tgz. Extracting by manifest.
7200 silly tarball no local data for yargs@https://registry.npmjs.org/yargs/-/yargs-15.4.1.tgz. Extracting by manifest.
7201 silly tarball no local data for semver@https://registry.npmjs.org/semver/-/semver-7.7.2.tgz. Extracting by manifest.
7202 silly tarball no local data for @react-native-community/cli-tools@https://registry.npmjs.org/@react-native-community/cli-tools/-/cli-tools-18.0.0.tgz. Extracting by manifest.
7203 silly tarball no local data for glob-parent@https://registry.npmjs.org/glob-parent/-/glob-parent-5.1.2.tgz. Extracting by manifest.
7204 silly tarball no local data for wrap-ansi@https://registry.npmjs.org/wrap-ansi/-/wrap-ansi-6.2.0.tgz. Extracting by manifest.
7205 silly tarball no local data for debug@https://registry.npmjs.org/debug/-/debug-2.6.9.tgz. Extracting by manifest.
7206 silly tarball no local data for semver@https://registry.npmjs.org/semver/-/semver-7.7.2.tgz. Extracting by manifest.
7207 silly tarball no local data for @react-native-community/cli-config-android@https://registry.npmjs.org/@react-native-community/cli-config-android/-/cli-config-android-20.0.1.tgz. Extracting by manifest.
7208 silly tarball no local data for semver@https://registry.npmjs.org/semver/-/semver-7.7.2.tgz. Extracting by manifest.
7209 silly tarball no local data for @react-native-community/cli-platform-android@https://registry.npmjs.org/@react-native-community/cli-platform-android/-/cli-platform-android-20.0.1.tgz. Extracting by manifest.
7210 silly tarball no local data for @react-native-community/cli-platform-ios@https://registry.npmjs.org/@react-native-community/cli-platform-ios/-/cli-platform-ios-20.0.1.tgz. Extracting by manifest.
7211 silly tarball no local data for react-is@https://registry.npmjs.org/react-is/-/react-is-18.3.1.tgz. Extracting by manifest.
7212 silly tarball no local data for ms@https://registry.npmjs.org/ms/-/ms-2.0.0.tgz. Extracting by manifest.
7213 silly tarball no local data for ansi-styles@https://registry.npmjs.org/ansi-styles/-/ansi-styles-5.2.0.tgz. Extracting by manifest.
7214 silly tarball no local data for @sinclair/typebox@https://registry.npmjs.org/@sinclair/typebox/-/typebox-0.34.40.tgz. Extracting by manifest.
7215 silly tarball no local data for pretty-format@https://registry.npmjs.org/pretty-format/-/pretty-format-30.0.5.tgz. Extracting by manifest.
7216 silly tarball no local data for @jest/schemas@https://registry.npmjs.org/@jest/schemas/-/schemas-30.0.5.tgz. Extracting by manifest.
7217 silly tarball no local data for jest-diff@https://registry.npmjs.org/jest-diff/-/jest-diff-30.0.5.tgz. Extracting by manifest.
7218 silly tarball no local data for jest-matcher-utils@https://registry.npmjs.org/jest-matcher-utils/-/jest-matcher-utils-30.0.5.tgz. Extracting by manifest.
7219 silly tarball no local data for p-locate@https://registry.npmjs.org/p-locate/-/p-locate-4.1.0.tgz. Extracting by manifest.
7220 silly tarball no local data for brace-expansion@https://registry.npmjs.org/brace-expansion/-/brace-expansion-1.1.12.tgz. Extracting by manifest.
7221 silly tarball no local data for eslint-visitor-keys@https://registry.npmjs.org/eslint-visitor-keys/-/eslint-visitor-keys-3.4.3.tgz. Extracting by manifest.
7222 silly tarball no local data for minimatch@https://registry.npmjs.org/minimatch/-/minimatch-3.1.2.tgz. Extracting by manifest.
7223 silly tarball no local data for semver@https://registry.npmjs.org/semver/-/semver-7.7.2.tgz. Extracting by manifest.
7224 silly tarball no local data for @react-native-community/cli-config-apple@https://registry.npmjs.org/@react-native-community/cli-config-apple/-/cli-config-apple-18.0.0.tgz. Extracting by manifest.
7225 silly tarball no local data for @react-native-community/cli-tools@https://registry.npmjs.org/@react-native-community/cli-tools/-/cli-tools-18.0.0.tgz. Extracting by manifest.
7226 silly tarball no local data for semver@https://registry.npmjs.org/semver/-/semver-7.7.2.tgz. Extracting by manifest.
7227 silly tarball no local data for eslint-scope@https://registry.npmjs.org/eslint-scope/-/eslint-scope-7.2.2.tgz. Extracting by manifest.
7228 silly tarball no local data for semver@https://registry.npmjs.org/semver/-/semver-7.7.2.tgz. Extracting by manifest.
7229 silly tarball no local data for hermes-estree@https://registry.npmjs.org/hermes-estree/-/hermes-estree-0.28.1.tgz. Extracting by manifest.
7230 silly tarball no local data for @react-native-community/cli-tools@https://registry.npmjs.org/@react-native-community/cli-tools/-/cli-tools-18.0.0.tgz. Extracting by manifest.
7231 silly tarball no local data for semver@https://registry.npmjs.org/semver/-/semver-7.7.2.tgz. Extracting by manifest.
7232 silly tarball no local data for hermes-parser@https://registry.npmjs.org/hermes-parser/-/hermes-parser-0.28.1.tgz. Extracting by manifest.
7233 silly tarball no local data for babel-plugin-syntax-hermes-parser@https://registry.npmjs.org/babel-plugin-syntax-hermes-parser/-/babel-plugin-syntax-hermes-parser-0.28.1.tgz. Extracting by manifest.
7234 silly tarball no local data for commander@https://registry.npmjs.org/commander/-/commander-12.1.0.tgz. Extracting by manifest.
7235 silly tarball no local data for @react-native-community/cli-platform-apple@https://registry.npmjs.org/@react-native-community/cli-platform-apple/-/cli-platform-apple-18.0.0.tgz. Extracting by manifest.
7236 silly tarball no local data for @react-native/js-polyfills@https://registry.npmjs.org/@react-native/js-polyfills/-/js-polyfills-0.80.0.tgz. Extracting by manifest.
7237 silly tarball no local data for @react-native/codegen@https://registry.npmjs.org/@react-native/codegen/-/codegen-0.80.0.tgz. Extracting by manifest.
7238 http fetch GET 200 https://registry.npmjs.org/which-module/-/which-module-2.0.1.tgz 384ms (cache miss)
7239 http fetch GET 200 https://registry.npmjs.org/caller-callsite/-/caller-callsite-2.0.0.tgz 386ms (cache miss)
7240 http fetch GET 200 https://registry.npmjs.org/decamelize/-/decamelize-1.2.0.tgz 393ms (cache miss)
7241 http fetch GET 200 https://registry.npmjs.org/tslib/-/tslib-1.14.1.tgz 393ms (cache miss)
7242 http fetch GET 200 https://registry.npmjs.org/require-main-filename/-/require-main-filename-2.0.0.tgz 394ms (cache miss)
7243 http fetch GET 200 https://registry.npmjs.org/set-blocking/-/set-blocking-2.0.0.tgz 395ms (cache miss)
7244 http fetch GET 200 https://registry.npmjs.org/is-directory/-/is-directory-0.3.1.tgz 395ms (cache miss)
7245 http fetch GET 200 https://registry.npmjs.org/@types/semver/-/semver-7.7.0.tgz 394ms (cache miss)
7246 http fetch GET 200 https://registry.npmjs.org/caller-path/-/caller-path-2.0.0.tgz 412ms (cache miss)
7247 http fetch GET 200 https://registry.npmjs.org/p-try/-/p-try-2.2.0.tgz 420ms (cache miss)
7248 http fetch GET 200 https://registry.npmjs.org/sprintf-js/-/sprintf-js-1.0.3.tgz 420ms (cache miss)
7249 http fetch GET 200 https://registry.npmjs.org/string-width/-/string-width-4.2.3.tgz 425ms (cache miss)
7250 http fetch GET 200 https://registry.npmjs.org/emoji-regex/-/emoji-regex-8.0.0.tgz 425ms (cache miss)
7251 http fetch GET 200 https://registry.npmjs.org/require-directory/-/require-directory-2.1.1.tgz 426ms (cache miss)
7252 http fetch GET 200 https://registry.npmjs.org/concat-map/-/concat-map-0.0.1.tgz 426ms (cache miss)
7253 http fetch GET 200 https://registry.npmjs.org/async-limiter/-/async-limiter-1.0.1.tgz 427ms (cache miss)
7254 http fetch GET 200 https://registry.npmjs.org/get-caller-file/-/get-caller-file-2.0.5.tgz 434ms (cache miss)
7255 http fetch GET 200 https://registry.npmjs.org/y18n/-/y18n-5.0.8.tgz 434ms (cache miss)
7256 http fetch GET 200 https://registry.npmjs.org/cliui/-/cliui-8.0.1.tgz 434ms (cache miss)
7257 http fetch GET 200 https://registry.npmjs.org/is-docker/-/is-docker-2.2.1.tgz 435ms (cache miss)
7258 http fetch GET 200 https://registry.npmjs.org/is-weakmap/-/is-weakmap-2.0.2.tgz 434ms (cache miss)
7259 http fetch GET 200 https://registry.npmjs.org/wrap-ansi/-/wrap-ansi-7.0.0.tgz 434ms (cache miss)
7260 http fetch GET 200 https://registry.npmjs.org/@jest/get-type/-/get-type-30.0.1.tgz 439ms (cache miss)
7261 http fetch GET 200 https://registry.npmjs.org/json-parse-better-errors/-/json-parse-better-errors-1.0.2.tgz 449ms (cache miss)
7262 http fetch GET 200 https://registry.npmjs.org/is-finalizationregistry/-/is-finalizationregistry-1.1.1.tgz 458ms (cache miss)
7263 http fetch GET 200 https://registry.npmjs.org/is-number-object/-/is-number-object-1.1.1.tgz 459ms (cache miss)
7264 http fetch GET 200 https://registry.npmjs.org/which-collection/-/which-collection-1.0.2.tgz 459ms (cache miss)
7265 http fetch GET 200 https://registry.npmjs.org/async-function/-/async-function-1.0.0.tgz 463ms (cache miss)
7266 http fetch GET 200 https://registry.npmjs.org/is-boolean-object/-/is-boolean-object-1.2.2.tgz 465ms (cache miss)
7267 http fetch GET 200 https://registry.npmjs.org/is-map/-/is-map-2.0.3.tgz 468ms (cache miss)
7268 http fetch GET 200 https://registry.npmjs.org/yargs-parser/-/yargs-parser-21.1.1.tgz 476ms (cache miss)
7269 http fetch GET 200 https://registry.npmjs.org/is-bigint/-/is-bigint-1.1.0.tgz 475ms (cache miss)
7270 http fetch GET 200 https://registry.npmjs.org/is-weakset/-/is-weakset-2.0.4.tgz 477ms (cache miss)
7271 http fetch GET 200 https://registry.npmjs.org/is-async-function/-/is-async-function-2.1.1.tgz 477ms (cache miss)
7272 http fetch GET 200 https://registry.npmjs.org/tmpl/-/tmpl-1.0.5.tgz 476ms (cache miss)
7273 http fetch GET 200 https://registry.npmjs.org/unicode-canonical-property-names-ecmascript/-/unicode-canonical-property-names-ecmascript-2.0.1.tgz 475ms (cache miss)
7274 http fetch GET 200 https://registry.npmjs.org/punycode/-/punycode-2.3.1.tgz 476ms (cache miss)
7275 http fetch GET 200 https://registry.npmjs.org/unicode-property-aliases-ecmascript/-/unicode-property-aliases-ecmascript-2.1.0.tgz 477ms (cache miss)
7276 http fetch GET 200 https://registry.npmjs.org/@types/json-schema/-/json-schema-7.0.15.tgz 483ms (cache miss)
7277 http fetch GET 200 https://registry.npmjs.org/defaults/-/defaults-1.0.4.tgz 482ms (cache miss)
7278 http fetch GET 200 https://registry.npmjs.org/makeerror/-/makeerror-1.0.12.tgz 484ms (cache miss)
7279 http fetch GET 200 https://registry.npmjs.org/escalade/-/escalade-3.2.0.tgz 486ms (cache miss)
7280 http fetch GET 200 https://registry.npmjs.org/isexe/-/isexe-2.0.0.tgz 489ms (cache miss)
7281 http fetch GET 200 https://registry.npmjs.org/clone/-/clone-1.0.4.tgz 490ms (cache miss)
7282 http fetch GET 200 https://registry.npmjs.org/webidl-conversions/-/webidl-conversions-3.0.1.tgz 492ms (cache miss)
7283 http fetch GET 200 https://registry.npmjs.org/esprima/-/esprima-4.0.1.tgz 500ms (cache miss)
7284 http fetch GET 200 https://registry.npmjs.org/is-number/-/is-number-7.0.0.tgz 495ms (cache miss)
7285 http fetch GET 200 https://registry.npmjs.org/min-indent/-/min-indent-1.0.1.tgz 497ms (cache miss)
7286 http fetch GET 200 https://registry.npmjs.org/buffer-from/-/buffer-from-1.1.2.tgz 498ms (cache miss)
7287 http fetch GET 200 https://registry.npmjs.org/side-channel-list/-/side-channel-list-1.0.0.tgz 505ms (cache miss)
7288 http fetch GET 200 https://registry.npmjs.org/media-typer/-/media-typer-0.3.0.tgz 511ms (cache miss)
7289 http fetch GET 200 https://registry.npmjs.org/which-boxed-primitive/-/which-boxed-primitive-1.1.1.tgz 514ms (cache miss)
7290 http fetch GET 200 https://registry.npmjs.org/reflect.getprototypeof/-/reflect.getprototypeof-1.0.10.tgz 514ms (cache miss)
7291 http fetch GET 200 https://registry.npmjs.org/range-parser/-/range-parser-1.2.1.tgz 514ms (cache miss)
7292 http fetch GET 200 https://registry.npmjs.org/has-flag/-/has-flag-4.0.0.tgz 517ms (cache miss)
7293 http fetch GET 200 https://registry.npmjs.org/char-regex/-/char-regex-1.0.2.tgz 517ms (cache miss)
7294 http fetch GET 200 https://registry.npmjs.org/@jest/diff-sequences/-/diff-sequences-30.0.1.tgz 526ms (cache miss)
7295 http fetch GET 200 https://registry.npmjs.org/has-bigints/-/has-bigints-1.1.0.tgz 519ms (cache miss)
7296 http fetch GET 200 https://registry.npmjs.org/side-channel-weakmap/-/side-channel-weakmap-1.0.2.tgz 519ms (cache miss)
7297 http fetch GET 200 https://registry.npmjs.org/side-channel-map/-/side-channel-map-1.0.1.tgz 520ms (cache miss)
7298 http fetch GET 200 https://registry.npmjs.org/astral-regex/-/astral-regex-1.0.0.tgz 522ms (cache miss)
7299 http fetch GET 200 https://registry.npmjs.org/tr46/-/tr46-0.0.3.tgz 524ms (cache miss)
7300 http fetch GET 200 https://registry.npmjs.org/shebang-regex/-/shebang-regex-3.0.0.tgz 524ms (cache miss)
7301 http fetch GET 200 https://registry.npmjs.org/for-each/-/for-each-0.3.5.tgz 525ms (cache miss)
7302 http fetch GET 200 https://registry.npmjs.org/etag/-/etag-1.8.1.tgz 530ms (cache miss)
7303 http fetch GET 200 https://registry.npmjs.org/isarray/-/isarray-2.0.5.tgz 530ms (cache miss)
7304 http fetch GET 200 https://registry.npmjs.org/queue-microtask/-/queue-microtask-1.2.3.tgz 532ms (cache miss)
7305 http fetch GET 200 https://registry.npmjs.org/unicode-match-property-value-ecmascript/-/unicode-match-property-value-ecmascript-2.2.0.tgz 532ms (cache miss)
7306 http fetch GET 200 https://registry.npmjs.org/fresh/-/fresh-0.5.2.tgz 535ms (cache miss)
7307 http fetch GET 200 https://registry.npmjs.org/is-fullwidth-code-point/-/is-fullwidth-code-point-2.0.0.tgz 534ms (cache miss)
7308 http fetch GET 200 https://registry.npmjs.org/send/-/send-0.19.0.tgz 537ms (cache miss)
7309 http fetch GET 200 https://registry.npmjs.org/which-builtin-type/-/which-builtin-type-1.2.1.tgz 544ms (cache miss)
7310 http fetch GET 200 https://registry.npmjs.org/path-parse/-/path-parse-1.0.7.tgz 543ms (cache miss)
7311 http fetch GET 200 https://registry.npmjs.org/is-generator-function/-/is-generator-function-1.1.0.tgz 549ms (cache miss)
7312 http fetch GET 200 https://registry.npmjs.org/util-deprecate/-/util-deprecate-1.0.2.tgz 543ms (cache miss)
7313 http fetch GET 200 https://registry.npmjs.org/supports-preserve-symlinks-flag/-/supports-preserve-symlinks-flag-1.0.0.tgz 545ms (cache miss)
7314 http fetch GET 200 https://registry.npmjs.org/regenerate/-/regenerate-1.4.2.tgz 549ms (cache miss)
7315 http fetch GET 200 https://registry.npmjs.org/regjsgen/-/regjsgen-0.8.0.tgz 552ms (cache miss)
7316 http fetch GET 200 https://registry.npmjs.org/unicode-match-property-ecmascript/-/unicode-match-property-ecmascript-2.0.0.tgz 552ms (cache miss)
7317 http fetch GET 200 https://registry.npmjs.org/@jridgewell/source-map/-/source-map-0.3.11.tgz 555ms (cache miss)
7318 http fetch GET 200 https://registry.npmjs.org/indent-string/-/indent-string-4.0.0.tgz 553ms (cache miss)
7319 http fetch GET 200 https://registry.npmjs.org/string_decoder/-/string_decoder-1.3.0.tgz 554ms (cache miss)
7320 http fetch GET 200 https://registry.npmjs.org/regjsparser/-/regjsparser-0.12.0.tgz 556ms (cache miss)
7321 http fetch GET 200 https://registry.npmjs.org/react-native-is-edge-to-edge/-/react-native-is-edge-to-edge-1.2.1.tgz 556ms (cache miss)
7322 http fetch GET 200 https://registry.npmjs.org/strip-indent/-/strip-indent-3.0.0.tgz 558ms (cache miss)
7323 http fetch GET 200 https://registry.npmjs.org/mkdirp/-/mkdirp-1.0.4.tgz 560ms (cache miss)
7324 http fetch GET 200 https://registry.npmjs.org/warn-once/-/warn-once-0.1.1.tgz 563ms (cache miss)
7325 http fetch GET 200 https://registry.npmjs.org/is-core-module/-/is-core-module-2.16.1.tgz 563ms (cache miss)
7326 http fetch GET 200 https://registry.npmjs.org/react-freeze/-/react-freeze-1.0.4.tgz 564ms (cache miss)
7327 http fetch GET 200 https://registry.npmjs.org/marky/-/marky-1.3.0.tgz 566ms (cache miss)
7328 http fetch GET 200 https://registry.npmjs.org/whatwg-url-without-unicode/-/whatwg-url-without-unicode-8.0.0-3.tgz 570ms (cache miss)
7329 http fetch GET 200 https://registry.npmjs.org/lighthouse-logger/-/lighthouse-logger-1.4.2.tgz 572ms (cache miss)
7330 http fetch GET 200 https://registry.npmjs.org/@types/hammerjs/-/hammerjs-2.0.46.tgz 584ms (cache miss)
7331 http fetch GET 200 https://registry.npmjs.org/event-target-shim/-/event-target-shim-5.0.1.tgz 585ms (cache miss)
7332 http fetch GET 200 https://registry.npmjs.org/asap/-/asap-2.0.6.tgz 585ms (cache miss)
7333 http fetch GET 200 https://registry.npmjs.org/regenerator-runtime/-/regenerator-runtime-0.13.11.tgz 597ms (cache miss)
7334 http fetch GET 200 https://registry.npmjs.org/chrome-launcher/-/chrome-launcher-0.15.2.tgz 600ms (cache miss)
7335 http fetch GET 200 https://registry.npmjs.org/@isaacs/ttlcache/-/ttlcache-1.4.1.tgz 602ms (cache miss)
7336 http fetch GET 200 https://registry.npmjs.org/whatwg-fetch/-/whatwg-fetch-3.6.20.tgz 602ms (cache miss)
7337 http fetch GET 200 https://registry.npmjs.org/chromium-edge-launcher/-/chromium-edge-launcher-0.2.0.tgz 603ms (cache miss)
7338 http fetch GET 200 https://registry.npmjs.org/tsutils/-/tsutils-3.21.0.tgz 634ms (cache miss)
7339 http fetch GET 200 https://registry.npmjs.org/stacktrace-parser/-/stacktrace-parser-0.1.11.tgz 625ms (cache miss)
7340 http fetch GET 200 https://registry.npmjs.org/ansi-regex/-/ansi-regex-5.0.1.tgz 628ms (cache miss)
7341 http fetch GET 200 https://registry.npmjs.org/scheduler/-/scheduler-0.26.0.tgz 628ms (cache miss)
7342 http fetch GET 200 https://registry.npmjs.org/anser/-/anser-1.4.10.tgz 637ms (cache miss)
7343 http fetch GET 200 https://registry.npmjs.org/memoize-one/-/memoize-one-5.2.1.tgz 638ms (cache miss)
7344 http fetch GET 200 https://registry.npmjs.org/abort-controller/-/abort-controller-3.0.0.tgz 651ms (cache miss)
7345 http fetch GET 200 https://registry.npmjs.org/promise/-/promise-8.3.0.tgz 660ms (cache miss)
7346 http fetch GET 200 https://registry.npmjs.org/filter-obj/-/filter-obj-1.1.0.tgz 670ms (cache miss)
7347 http fetch GET 200 https://registry.npmjs.org/strict-uri-encode/-/strict-uri-encode-2.0.0.tgz 677ms (cache miss)
7348 http fetch GET 200 https://registry.npmjs.org/decode-uri-component/-/decode-uri-component-0.2.2.tgz 678ms (cache miss)
7349 http fetch GET 200 https://registry.npmjs.org/object-assign/-/object-assign-4.1.1.tgz 708ms (cache miss)
7350 http fetch GET 200 https://registry.npmjs.org/@react-native/assets-registry/-/assets-registry-0.80.0.tgz 709ms (cache miss)
7351 http fetch GET 200 https://registry.npmjs.org/@react-native/community-cli-plugin/-/community-cli-plugin-0.80.0.tgz 710ms (cache miss)
7352 http fetch GET 200 https://registry.npmjs.org/@egjs/hammerjs/-/hammerjs-2.0.17.tgz 726ms (cache miss)
7353 http fetch GET 200 https://registry.npmjs.org/@react-native/dev-middleware/-/dev-middleware-0.80.0.tgz 726ms (cache miss)
7354 http fetch GET 200 https://registry.npmjs.org/sisteransi/-/sisteransi-1.0.5.tgz 773ms (cache miss)
7355 http fetch GET 200 https://registry.npmjs.org/@jest/create-cache-key-function/-/create-cache-key-function-29.7.0.tgz 774ms (cache miss)
7356 http fetch GET 200 https://registry.npmjs.org/split-on-first/-/split-on-first-1.1.0.tgz 775ms (cache miss)
7357 http fetch GET 200 https://registry.npmjs.org/json-parse-even-better-errors/-/json-parse-even-better-errors-2.3.1.tgz 776ms (cache miss)
7358 http fetch GET 200 https://registry.npmjs.org/@react-native/normalize-colors/-/normalize-colors-0.80.0.tgz 780ms (cache miss)
7359 http fetch GET 200 https://registry.npmjs.org/error-ex/-/error-ex-1.3.2.tgz 783ms (cache miss)
7360 http fetch GET 200 https://registry.npmjs.org/yocto-queue/-/yocto-queue-0.1.0.tgz 785ms (cache miss)
7361 http fetch GET 200 https://registry.npmjs.org/lines-and-columns/-/lines-and-columns-1.2.4.tgz 792ms (cache miss)
7362 http fetch GET 200 https://registry.npmjs.org/is-arrayish/-/is-arrayish-0.2.1.tgz 793ms (cache miss)
7363 http fetch GET 200 https://registry.npmjs.org/base64-js/-/base64-js-1.5.1.tgz 797ms (cache miss)
7364 http fetch GET 200 https://registry.npmjs.org/@revenuecat/purchases-typescript-internal/-/purchases-typescript-internal-14.2.0.tgz 803ms (cache miss)
7365 http fetch GET 200 https://registry.npmjs.org/ieee754/-/ieee754-1.2.1.tgz 803ms (cache miss)
7366 http fetch GET 200 https://registry.npmjs.org/restore-cursor/-/restore-cursor-3.1.0.tgz 809ms (cache miss)
7367 http fetch GET 200 https://registry.npmjs.org/buffer/-/buffer-5.7.1.tgz 810ms (cache miss)
7368 http fetch GET 200 https://registry.npmjs.org/log-symbols/-/log-symbols-4.1.0.tgz 822ms (cache miss)
7369 http fetch GET 200 https://registry.npmjs.org/@react-native/virtualized-lists/-/virtualized-lists-0.80.0.tgz 826ms (cache miss)
7370 http fetch GET 200 https://registry.npmjs.org/readable-stream/-/readable-stream-3.6.2.tgz 836ms (cache miss)
7371 http fetch GET 200 https://registry.npmjs.org/cli-cursor/-/cli-cursor-3.1.0.tgz 845ms (cache miss)
7372 http fetch GET 200 https://registry.npmjs.org/is-unicode-supported/-/is-unicode-supported-0.1.0.tgz 845ms (cache miss)
7373 http fetch GET 200 https://registry.npmjs.org/is-interactive/-/is-interactive-1.0.0.tgz 867ms (cache miss)
7374 http fetch GET 200 https://registry.npmjs.org/is-wsl/-/is-wsl-1.1.0.tgz 881ms (cache miss)
7375 http fetch GET 200 https://registry.npmjs.org/word-wrap/-/word-wrap-1.2.5.tgz 892ms (cache miss)
7376 http fetch GET 200 https://registry.npmjs.org/cli-spinners/-/cli-spinners-2.9.2.tgz 893ms (cache miss)
7377 http fetch GET 200 https://registry.npmjs.org/mimic-fn/-/mimic-fn-2.1.0.tgz 893ms (cache miss)
7378 http fetch GET 200 https://registry.npmjs.org/ee-first/-/ee-first-1.1.1.tgz 895ms (cache miss)
7379 http fetch GET 200 https://registry.npmjs.org/balanced-match/-/balanced-match-1.0.2.tgz 899ms (cache miss)
7380 http fetch GET 200 https://registry.npmjs.org/deep-is/-/deep-is-0.1.4.tgz 900ms (cache miss)
7381 http fetch GET 200 https://registry.npmjs.org/bl/-/bl-4.1.0.tgz 902ms (cache miss)
7382 http fetch GET 200 https://registry.npmjs.org/whatwg-url/-/whatwg-url-5.0.0.tgz 905ms (cache miss)
7383 http fetch GET 200 https://registry.npmjs.org/fast-levenshtein/-/fast-levenshtein-2.0.6.tgz 910ms (cache miss)
7384 http fetch GET 200 https://registry.npmjs.org/braces/-/braces-3.0.3.tgz 911ms (cache miss)
7385 http fetch GET 200 https://registry.npmjs.org/kleur/-/kleur-3.0.3.tgz 916ms (cache miss)
7386 http fetch GET 200 https://registry.npmjs.org/ob1/-/ob1-0.82.5.tgz 929ms (cache miss)
7387 http fetch GET 200 https://registry.npmjs.org/queue/-/queue-6.0.2.tgz 930ms (cache miss)
7388 http fetch GET 200 https://registry.npmjs.org/stackframe/-/stackframe-1.3.4.tgz 930ms (cache miss)
7389 http fetch GET 200 https://registry.npmjs.org/metro-minify-terser/-/metro-minify-terser-0.82.5.tgz 932ms (cache miss)
7390 http fetch GET 200 https://registry.npmjs.org/fill-range/-/fill-range-7.1.1.tgz 936ms (cache miss)
7391 http fetch GET 200 https://registry.npmjs.org/serialize-error/-/serialize-error-2.1.0.tgz 939ms (cache miss)
7392 http fetch GET 200 https://registry.npmjs.org/metro-transform-worker/-/metro-transform-worker-0.82.5.tgz 943ms (cache miss)
7393 http fetch GET 200 https://registry.npmjs.org/regenerate-unicode-properties/-/regenerate-unicode-properties-10.2.0.tgz 950ms (cache miss)
7394 http fetch GET 200 https://registry.npmjs.org/brace-expansion/-/brace-expansion-2.0.2.tgz 948ms (cache miss)
7395 http fetch GET 200 https://registry.npmjs.org/vlq/-/vlq-1.0.1.tgz 964ms (cache miss)
7396 http fetch GET 200 https://registry.npmjs.org/to-regex-range/-/to-regex-range-5.0.1.tgz 998ms (cache miss)
7397 http fetch GET 200 https://registry.npmjs.org/throat/-/throat-5.0.0.tgz 998ms (cache miss)
7398 http fetch GET 200 https://registry.npmjs.org/error-stack-parser/-/error-stack-parser-2.1.4.tgz 1021ms (cache miss)
7399 http fetch GET 200 https://registry.npmjs.org/metro-cache-key/-/metro-cache-key-0.82.5.tgz 1027ms (cache miss)
7400 http fetch GET 200 https://registry.npmjs.org/lodash.throttle/-/lodash.throttle-4.1.1.tgz 1028ms (cache miss)
7401 http fetch GET 200 https://registry.npmjs.org/metro-core/-/metro-core-0.82.5.tgz 1029ms (cache miss)
7402 http fetch GET 200 https://registry.npmjs.org/metro-babel-transformer/-/metro-babel-transformer-0.82.5.tgz 1036ms (cache miss)
7403 http fetch GET 200 https://registry.npmjs.org/yallist/-/yallist-3.1.1.tgz 1036ms (cache miss)
7404 http fetch GET 200 https://registry.npmjs.org/is-plain-obj/-/is-plain-obj-2.1.0.tgz 1036ms (cache miss)
7405 http fetch GET 200 https://registry.npmjs.org/jsc-safe-url/-/jsc-safe-url-0.2.4.tgz 1040ms (cache miss)
7406 http fetch GET 200 https://registry.npmjs.org/ansi-fragments/-/ansi-fragments-0.2.1.tgz 1040ms (cache miss)
7407 http fetch GET 200 https://registry.npmjs.org/colorette/-/colorette-1.4.0.tgz 1041ms (cache miss)
7408 http fetch GET 200 https://registry.npmjs.org/exponential-backoff/-/exponential-backoff-3.1.2.tgz 1050ms (cache miss)
7409 http fetch GET 200 https://registry.npmjs.org/prelude-ls/-/prelude-ls-1.2.1.tgz 1066ms (cache miss)
7410 http fetch GET 200 https://registry.npmjs.org/type-check/-/type-check-0.4.0.tgz 1068ms (cache miss)
7411 http fetch GET 200 https://registry.npmjs.org/shell-quote/-/shell-quote-1.8.3.tgz 1071ms (cache miss)
7412 http fetch GET 200 https://registry.npmjs.org/slice-ansi/-/slice-ansi-2.1.0.tgz 1071ms (cache miss)
7413 http fetch GET 200 https://registry.npmjs.org/flow-enums-runtime/-/flow-enums-runtime-0.0.6.tgz 1072ms (cache miss)
7414 http fetch GET 200 https://registry.npmjs.org/json-buffer/-/json-buffer-3.0.1.tgz 1074ms (cache miss)
7415 http fetch GET 200 https://registry.npmjs.org/metro-cache/-/metro-cache-0.82.5.tgz 1082ms (cache miss)
7416 http fetch GET 200 https://registry.npmjs.org/image-size/-/image-size-1.2.1.tgz 1086ms (cache miss)
7417 http fetch GET 200 https://registry.npmjs.org/metro-resolver/-/metro-resolver-0.82.5.tgz 1091ms (cache miss)
7418 http fetch GET 200 https://registry.npmjs.org/metro-source-map/-/metro-source-map-0.82.5.tgz 1094ms (cache miss)
7419 http fetch GET 200 https://registry.npmjs.org/metro-symbolicate/-/metro-symbolicate-0.82.5.tgz 1095ms (cache miss)
7420 http fetch GET 200 https://registry.npmjs.org/array.prototype.flat/-/array.prototype.flat-1.3.3.tgz 1094ms (cache miss)
7421 http fetch GET 200 https://registry.npmjs.org/@sideway/formula/-/formula-3.0.1.tgz 1095ms (cache miss)
7422 http fetch GET 200 https://registry.npmjs.org/argparse/-/argparse-2.0.1.tgz 1106ms (cache miss)
7423 http fetch GET 200 https://registry.npmjs.org/@sideway/pinpoint/-/pinpoint-2.0.0.tgz 1118ms (cache miss)
7424 http fetch GET 200 https://registry.npmjs.org/callsites/-/callsites-3.1.0.tgz 1119ms (cache miss)
7425 http fetch GET 200 https://registry.npmjs.org/@jest/globals/-/globals-29.7.0.tgz 1129ms (cache miss)
7426 http fetch GET 200 https://registry.npmjs.org/@jest/source-map/-/source-map-29.6.3.tgz 1129ms (cache miss)
7427 http fetch GET 200 https://registry.npmjs.org/p-locate/-/p-locate-5.0.0.tgz 1131ms (cache miss)
7428 http fetch GET 200 https://registry.npmjs.org/@sideway/address/-/address-4.1.5.tgz 1133ms (cache miss)
7429 http fetch GET 200 https://registry.npmjs.org/detect-newline/-/detect-newline-3.1.0.tgz 1140ms (cache miss)
7430 http fetch GET 200 https://registry.npmjs.org/@hapi/hoek/-/hoek-9.3.0.tgz 1143ms (cache miss)
7431 http fetch GET 200 https://registry.npmjs.org/@hapi/topo/-/topo-5.1.0.tgz 1146ms (cache miss)
7432 http fetch GET 200 https://registry.npmjs.org/strip-bom/-/strip-bom-4.0.0.tgz 1145ms (cache miss)
7433 http fetch GET 200 https://registry.npmjs.org/leven/-/leven-3.1.0.tgz 1152ms (cache miss)
7434 http fetch GET 200 https://registry.npmjs.org/emittery/-/emittery-0.13.1.tgz 1151ms (cache miss)
7435 http fetch GET 200 https://registry.npmjs.org/source-map-support/-/source-map-support-0.5.13.tgz 1153ms (cache miss)
7436 http fetch GET 200 https://registry.npmjs.org/cjs-module-lexer/-/cjs-module-lexer-1.4.3.tgz 1157ms (cache miss)
7437 http fetch GET 200 https://registry.npmjs.org/resolve.exports/-/resolve.exports-2.0.3.tgz 1156ms (cache miss)
7438 http fetch GET 200 https://registry.npmjs.org/bser/-/bser-2.1.1.tgz 1160ms (cache miss)
7439 http fetch GET 200 https://registry.npmjs.org/@types/stack-utils/-/stack-utils-2.0.3.tgz 1169ms (cache miss)
7440 http fetch GET 200 https://registry.npmjs.org/jest-leak-detector/-/jest-leak-detector-29.7.0.tgz 1186ms (cache miss)
7441 http fetch GET 200 https://registry.npmjs.org/walker/-/walker-1.0.8.tgz 1187ms (cache miss)
7442 http fetch GET 200 https://registry.npmjs.org/type-detect/-/type-detect-4.0.8.tgz 1187ms (cache miss)
7443 http fetch GET 200 https://registry.npmjs.org/fsevents/-/fsevents-2.3.3.tgz 1187ms (cache miss)
7444 http fetch GET 200 https://registry.npmjs.org/node-int64/-/node-int64-0.4.0.tgz 1194ms (cache miss)
7445 http fetch GET 200 https://registry.npmjs.org/fb-watchman/-/fb-watchman-2.0.2.tgz 1194ms (cache miss)
7446 http fetch GET 200 https://registry.npmjs.org/picomatch/-/picomatch-2.3.1.tgz 1195ms (cache miss)
7447 http fetch GET 200 https://registry.npmjs.org/anymatch/-/anymatch-3.1.3.tgz 1194ms (cache miss)
7448 http fetch GET 200 https://registry.npmjs.org/@babel/traverse/-/traverse-7.28.3.tgz 1203ms (cache miss)
7449 http fetch GET 200 https://registry.npmjs.org/jest-docblock/-/jest-docblock-29.7.0.tgz 1196ms (cache miss)
7450 http fetch GET 200 https://registry.npmjs.org/diff-sequences/-/diff-sequences-29.6.3.tgz 1204ms (cache miss)
7451 http fetch GET 200 https://registry.npmjs.org/stack-utils/-/stack-utils-2.0.6.tgz 1223ms (cache miss)
7452 http fetch GET 200 https://registry.npmjs.org/jest-pnp-resolver/-/jest-pnp-resolver-1.2.3.tgz 1231ms (cache miss)
7453 http fetch GET 200 https://registry.npmjs.org/normalize-path/-/normalize-path-3.0.0.tgz 1230ms (cache miss)
7454 http fetch GET 200 https://registry.npmjs.org/jest-mock/-/jest-mock-29.7.0.tgz 1230ms (cache miss)
7455 http fetch GET 200 https://registry.npmjs.org/@types/graceful-fs/-/graceful-fs-4.1.9.tgz 1231ms (cache miss)
7456 http fetch GET 200 https://registry.npmjs.org/@jest/fake-timers/-/fake-timers-29.7.0.tgz 1238ms (cache miss)
7457 http fetch GET 200 https://registry.npmjs.org/is-generator-fn/-/is-generator-fn-2.1.0.tgz 1238ms (cache miss)
7458 http fetch GET 200 https://registry.npmjs.org/jest-each/-/jest-each-29.7.0.tgz 1240ms (cache miss)
7459 http fetch GET 200 https://registry.npmjs.org/@sinonjs/fake-timers/-/fake-timers-10.3.0.tgz 1241ms (cache miss)
7460 http fetch GET 200 https://registry.npmjs.org/@sinonjs/commons/-/commons-3.0.1.tgz 1267ms (cache miss)
7461 http fetch GET 200 https://registry.npmjs.org/co/-/co-4.6.0.tgz 1267ms (cache miss)
7462 http fetch GET 200 https://registry.npmjs.org/metro-transform-plugins/-/metro-transform-plugins-0.82.5.tgz 1276ms (cache miss)
7463 http fetch GET 200 https://registry.npmjs.org/@babel/plugin-syntax-numeric-separator/-/plugin-syntax-numeric-separator-7.10.4.tgz 1267ms (cache miss)
7464 http fetch GET 200 https://registry.npmjs.org/@jest/environment/-/environment-29.7.0.tgz 1279ms (cache miss)
7465 http fetch GET 200 https://registry.npmjs.org/@babel/plugin-syntax-logical-assignment-operators/-/plugin-syntax-logical-assignment-operators-7.10.4.tgz 1281ms (cache miss)
7466 http fetch GET 200 https://registry.npmjs.org/@babel/plugin-syntax-private-property-in-object/-/plugin-syntax-private-property-in-object-7.14.5.tgz 1282ms (cache miss)
7467 http fetch GET 200 https://registry.npmjs.org/@jest/expect/-/expect-29.7.0.tgz 1284ms (cache miss)
7468 http fetch GET 200 https://registry.npmjs.org/@babel/plugin-syntax-json-strings/-/plugin-syntax-json-strings-7.8.3.tgz 1284ms (cache miss)
7469 http fetch GET 200 https://registry.npmjs.org/@babel/plugin-syntax-top-level-await/-/plugin-syntax-top-level-await-7.14.5.tgz 1285ms (cache miss)
7470 http fetch GET 200 https://registry.npmjs.org/@react-native/gradle-plugin/-/gradle-plugin-0.80.0.tgz 1306ms (cache miss)
7471 http fetch GET 200 https://registry.npmjs.org/@babel/plugin-syntax-class-static-block/-/plugin-syntax-class-static-block-7.14.5.tgz 1295ms (cache miss)
7472 http fetch GET 200 https://registry.npmjs.org/terser/-/terser-5.43.1.tgz 1311ms (cache miss)
7473 http fetch GET 200 https://registry.npmjs.org/@babel/plugin-syntax-import-meta/-/plugin-syntax-import-meta-7.10.4.tgz 1305ms (cache miss)
7474 http fetch GET 200 https://registry.npmjs.org/@babel/plugin-syntax-object-rest-spread/-/plugin-syntax-object-rest-spread-7.8.3.tgz 1307ms (cache miss)
7475 http fetch GET 200 https://registry.npmjs.org/metro-file-map/-/metro-file-map-0.82.5.tgz 1322ms (cache miss)
7476 http fetch GET 200 https://registry.npmjs.org/@babel/plugin-syntax-optional-catch-binding/-/plugin-syntax-optional-catch-binding-7.8.3.tgz 1333ms (cache miss)
7477 http fetch GET 200 https://registry.npmjs.org/babel-plugin-jest-hoist/-/babel-plugin-jest-hoist-29.6.3.tgz 1331ms (cache miss)
7478 http fetch GET 200 https://registry.npmjs.org/@babel/plugin-syntax-class-properties/-/plugin-syntax-class-properties-7.12.13.tgz 1332ms (cache miss)
7479 http fetch GET 200 https://registry.npmjs.org/jest-environment-node/-/jest-environment-node-29.7.0.tgz 1331ms (cache miss)
7480 http fetch GET 200 https://registry.npmjs.org/@babel/plugin-syntax-bigint/-/plugin-syntax-bigint-7.8.3.tgz 1332ms (cache miss)
7481 http fetch GET 200 https://registry.npmjs.org/babel-preset-current-node-syntax/-/babel-preset-current-node-syntax-1.2.0.tgz 1332ms (cache miss)
7482 http fetch GET 200 https://registry.npmjs.org/@types/babel__core/-/babel__core-7.20.5.tgz 1332ms (cache miss)
7483 http fetch GET 200 https://registry.npmjs.org/@types/babel__generator/-/babel__generator-7.27.0.tgz 1332ms (cache miss)
7484 http fetch GET 200 https://registry.npmjs.org/@types/babel__traverse/-/babel__traverse-7.28.0.tgz 1333ms (cache miss)
7485 http fetch GET 200 https://registry.npmjs.org/@babel/plugin-syntax-async-generators/-/plugin-syntax-async-generators-7.8.4.tgz 1332ms (cache miss)
7486 http fetch GET 200 https://registry.npmjs.org/babel-preset-jest/-/babel-preset-jest-29.6.3.tgz 1335ms (cache miss)
7487 http fetch GET 200 https://registry.npmjs.org/babel-jest/-/babel-jest-29.7.0.tgz 1342ms (cache miss)
7488 http fetch GET 200 https://registry.npmjs.org/jest-circus/-/jest-circus-29.7.0.tgz 1342ms (cache miss)
7489 http fetch GET 200 https://registry.npmjs.org/@jest/test-sequencer/-/test-sequencer-29.7.0.tgz 1358ms (cache miss)
7490 http fetch GET 200 https://registry.npmjs.org/pure-rand/-/pure-rand-6.1.0.tgz 1365ms (cache miss)
7491 http fetch GET 200 https://registry.npmjs.org/get-package-type/-/get-package-type-0.1.0.tgz 1364ms (cache miss)
7492 http fetch GET 200 https://registry.npmjs.org/make-dir/-/make-dir-4.0.0.tgz 1364ms (cache miss)
7493 http fetch GET 200 https://registry.npmjs.org/@types/babel__template/-/babel__template-7.4.4.tgz 1366ms (cache miss)
7494 http fetch GET 200 https://registry.npmjs.org/camelcase/-/camelcase-5.3.1.tgz 1366ms (cache miss)
7495 http fetch GET 200 https://registry.npmjs.org/test-exclude/-/test-exclude-6.0.0.tgz 1406ms (cache miss)
7496 http fetch GET 200 https://registry.npmjs.org/html-escaper/-/html-escaper-2.0.2.tgz 1407ms (cache miss)
7497 http fetch GET 200 https://registry.npmjs.org/resolve-cwd/-/resolve-cwd-3.0.0.tgz 1407ms (cache miss)
7498 http fetch GET 200 https://registry.npmjs.org/@istanbuljs/load-nyc-config/-/load-nyc-config-1.1.0.tgz 1408ms (cache miss)
7499 http fetch GET 200 https://registry.npmjs.org/p-limit/-/p-limit-3.1.0.tgz 1410ms (cache miss)
7500 http fetch GET 200 https://registry.npmjs.org/@types/yargs-parser/-/yargs-parser-21.0.3.tgz 1410ms (cache miss)
7501 http fetch GET 200 https://registry.npmjs.org/create-jest/-/create-jest-29.7.0.tgz 1413ms (cache miss)
7502 http fetch GET 200 https://registry.npmjs.org/@types/istanbul-lib-report/-/istanbul-lib-report-3.0.3.tgz 1421ms (cache miss)
7503 http fetch GET 200 https://registry.npmjs.org/@istanbuljs/schema/-/schema-0.1.3.tgz 1424ms (cache miss)
7504 http fetch GET 200 https://registry.npmjs.org/@jest/schemas/-/schemas-29.6.3.tgz 1424ms (cache miss)
7505 http fetch GET 200 https://registry.npmjs.org/pkg-dir/-/pkg-dir-4.2.0.tgz 1430ms (cache miss)
7506 http fetch GET 200 https://registry.npmjs.org/undici-types/-/undici-types-7.10.0.tgz 1450ms (cache miss)
7507 http fetch GET 200 https://registry.npmjs.org/@sinclair/typebox/-/typebox-0.27.8.tgz 1528ms (cache miss)
7508 http fetch GET 200 https://registry.npmjs.org/@types/yargs/-/yargs-17.0.33.tgz 1555ms (cache miss)
7509 http fetch GET 200 https://registry.npmjs.org/pirates/-/pirates-4.0.7.tgz 1555ms (cache miss)
7510 http fetch GET 200 https://registry.npmjs.org/string-length/-/string-length-4.0.2.tgz 1556ms (cache miss)
7511 http fetch GET 200 https://registry.npmjs.org/@types/istanbul-reports/-/istanbul-reports-3.0.4.tgz 1556ms (cache miss)
7512 http fetch GET 200 https://registry.npmjs.org/v8-to-istanbul/-/v8-to-istanbul-9.3.0.tgz 1555ms (cache miss)
7513 http fetch GET 200 https://registry.npmjs.org/@types/istanbul-lib-coverage/-/istanbul-lib-coverage-2.0.6.tgz 1558ms (cache miss)
7514 http fetch GET 200 https://registry.npmjs.org/write-file-atomic/-/write-file-atomic-4.0.2.tgz 1558ms (cache miss)
7515 http fetch GET 200 https://registry.npmjs.org/babel-plugin-istanbul/-/babel-plugin-istanbul-6.1.1.tgz 1558ms (cache miss)
7516 http fetch GET 200 https://registry.npmjs.org/istanbul-lib-source-maps/-/istanbul-lib-source-maps-4.0.1.tgz 1557ms (cache miss)
7517 http fetch GET 200 https://registry.npmjs.org/istanbul-lib-report/-/istanbul-lib-report-3.0.1.tgz 1558ms (cache miss)
7518 http fetch GET 200 https://registry.npmjs.org/istanbul-lib-coverage/-/istanbul-lib-coverage-3.2.2.tgz 1558ms (cache miss)
7519 http fetch GET 200 https://registry.npmjs.org/dedent/-/dedent-1.6.0.tgz 1560ms (cache miss)
7520 http fetch GET 200 https://registry.npmjs.org/source-map/-/source-map-0.6.1.tgz 1568ms (cache miss)
7521 http fetch GET 200 https://registry.npmjs.org/jest-runner/-/jest-runner-29.7.0.tgz 1570ms (cache miss)
7522 http fetch GET 200 https://registry.npmjs.org/jest-watcher/-/jest-watcher-29.7.0.tgz 1570ms (cache miss)
7523 http fetch GET 200 https://registry.npmjs.org/jest-worker/-/jest-worker-29.7.0.tgz 1581ms (cache miss)
7524 http fetch GET 200 https://registry.npmjs.org/jest-resolve/-/jest-resolve-29.7.0.tgz 1616ms (cache miss)
7525 http fetch GET 200 https://registry.npmjs.org/jest-validate/-/jest-validate-29.7.0.tgz 1618ms (cache miss)
7526 http fetch GET 200 https://registry.npmjs.org/collect-v8-coverage/-/collect-v8-coverage-1.0.2.tgz 1618ms (cache miss)
7527 http fetch GET 200 https://registry.npmjs.org/jest-changed-files/-/jest-changed-files-29.7.0.tgz 1618ms (cache miss)
7528 http fetch GET 200 https://registry.npmjs.org/jest-regex-util/-/jest-regex-util-29.6.3.tgz 1620ms (cache miss)
7529 http fetch GET 200 https://registry.npmjs.org/jest-runtime/-/jest-runtime-29.7.0.tgz 1623ms (cache miss)
7530 http fetch GET 200 https://registry.npmjs.org/exit/-/exit-0.1.2.tgz 1623ms (cache miss)
7531 http fetch GET 200 https://registry.npmjs.org/ci-info/-/ci-info-3.9.0.tgz 1626ms (cache miss)
7532 http fetch GET 200 https://registry.npmjs.org/ansi-escapes/-/ansi-escapes-4.3.2.tgz 1629ms (cache miss)
7533 http fetch GET 200 https://registry.npmjs.org/jest-snapshot/-/jest-snapshot-29.7.0.tgz 1637ms (cache miss)
7534 http fetch GET 200 https://registry.npmjs.org/jest-cli/-/jest-cli-29.7.0.tgz 1637ms (cache miss)
7535 http fetch GET 200 https://registry.npmjs.org/istanbul-lib-instrument/-/istanbul-lib-instrument-6.0.3.tgz 1645ms (cache miss)
7536 http fetch GET 200 https://registry.npmjs.org/jest-config/-/jest-config-29.7.0.tgz 1646ms (cache miss)
7537 http fetch GET 200 https://registry.npmjs.org/metro/-/metro-0.82.5.tgz 1661ms (cache miss)
7538 http fetch GET 200 https://registry.npmjs.org/side-channel/-/side-channel-1.1.0.tgz 1701ms (cache miss)
7539 http fetch GET 200 https://registry.npmjs.org/jest-resolve-dependencies/-/jest-resolve-dependencies-29.7.0.tgz 1704ms (cache miss)
7540 http fetch GET 200 https://registry.npmjs.org/@jest/transform/-/transform-29.7.0.tgz 1710ms (cache miss)
7541 http fetch GET 200 https://registry.npmjs.org/loose-envify/-/loose-envify-1.4.0.tgz 1710ms (cache miss)
7542 http fetch GET 200 https://registry.npmjs.org/set-function-name/-/set-function-name-2.0.2.tgz 1710ms (cache miss)
7543 http fetch GET 200 https://registry.npmjs.org/import-local/-/import-local-3.2.0.tgz 1711ms (cache miss)
7544 http fetch GET 200 https://registry.npmjs.org/@jest/test-result/-/test-result-29.7.0.tgz 1713ms (cache miss)
7545 http fetch GET 200 https://registry.npmjs.org/parent-module/-/parent-module-1.0.1.tgz 1712ms (cache miss)
7546 http fetch GET 200 https://registry.npmjs.org/@jest/types/-/types-29.6.3.tgz 1716ms (cache miss)
7547 http fetch GET 200 https://registry.npmjs.org/agent-base/-/agent-base-6.0.2.tgz 1724ms (cache miss)
7548 http fetch GET 200 https://registry.npmjs.org/jest-haste-map/-/jest-haste-map-29.7.0.tgz 1727ms (cache miss)
7549 http fetch GET 200 https://registry.npmjs.org/toidentifier/-/toidentifier-1.0.1.tgz 1728ms (cache miss)
7550 http fetch GET 200 https://registry.npmjs.org/wrappy/-/wrappy-1.0.2.tgz 1732ms (cache miss)
7551 http fetch GET 200 https://registry.npmjs.org/dir-glob/-/dir-glob-3.0.1.tgz 1733ms (cache miss)
7552 http fetch GET 200 https://registry.npmjs.org/path-type/-/path-type-4.0.0.tgz 1737ms (cache miss)
7553 http fetch GET 200 https://registry.npmjs.org/setprototypeof/-/setprototypeof-1.2.0.tgz 1738ms (cache miss)
7554 http fetch GET 200 https://registry.npmjs.org/array-union/-/array-union-2.1.0.tgz 1738ms (cache miss)
7555 http fetch GET 200 https://registry.npmjs.org/slash/-/slash-3.0.0.tgz 1739ms (cache miss)
7556 http fetch GET 200 https://registry.npmjs.org/@jest/console/-/console-29.7.0.tgz 1741ms (cache miss)
7557 http fetch GET 200 https://registry.npmjs.org/istanbul-reports/-/istanbul-reports-3.2.0.tgz 1745ms (cache miss)
7558 http fetch GET 200 https://registry.npmjs.org/is-extglob/-/is-extglob-2.1.1.tgz 1756ms (cache miss)
7559 http fetch GET 200 https://registry.npmjs.org/inherits/-/inherits-2.0.4.tgz 1761ms (cache miss)
7560 http fetch GET 200 https://registry.npmjs.org/safer-buffer/-/safer-buffer-2.1.2.tgz 1763ms (cache miss)
7561 http fetch GET 200 https://registry.npmjs.org/fs.realpath/-/fs.realpath-1.0.0.tgz 1764ms (cache miss)
7562 http fetch GET 200 https://registry.npmjs.org/path-is-absolute/-/path-is-absolute-1.0.1.tgz 1764ms (cache miss)
7563 http fetch GET 200 https://registry.npmjs.org/@bcoe/v8-coverage/-/v8-coverage-0.2.3.tgz 1769ms (cache miss)
7564 http fetch GET 200 https://registry.npmjs.org/dunder-proto/-/dunder-proto-1.0.1.tgz 1770ms (cache miss)
7565 http fetch GET 200 https://registry.npmjs.org/hermes-estree/-/hermes-estree-0.25.1.tgz 1774ms (cache miss)
7566 http fetch GET 200 https://registry.npmjs.org/inflight/-/inflight-1.0.6.tgz 1774ms (cache miss)
7567 warn deprecated inflight@1.0.6: This module is not supported, and leaks memory. Do not use it. Check out lru-cache if you want a good and tested way to coalesce async requests by a key value, which is much more comprehensive and powerful.
7568 http fetch GET 200 https://registry.npmjs.org/universalify/-/universalify-0.1.2.tgz 1774ms (cache miss)
7569 http fetch GET 200 https://registry.npmjs.org/@jest/core/-/core-29.7.0.tgz 1779ms (cache miss)
7570 http fetch GET 200 https://registry.npmjs.org/rimraf/-/rimraf-3.0.2.tgz 1781ms (cache miss)
7571 warn deprecated rimraf@3.0.2: Rimraf versions prior to v4 are no longer supported
7572 http fetch GET 200 https://registry.npmjs.org/resolve-from/-/resolve-from-4.0.0.tgz 1782ms (cache miss)
7573 http fetch GET 200 https://registry.npmjs.org/once/-/once-1.4.0.tgz 1789ms (cache miss)
7574 http fetch GET 200 https://registry.npmjs.org/functions-have-names/-/functions-have-names-1.2.3.tgz 1789ms (cache miss)
7575 http fetch GET 200 https://registry.npmjs.org/locate-path/-/locate-path-6.0.0.tgz 1791ms (cache miss)
7576 http fetch GET 200 https://registry.npmjs.org/@jest/reporters/-/reporters-29.7.0.tgz 1803ms (cache miss)
7577 http fetch GET 200 https://registry.npmjs.org/keyv/-/keyv-4.5.4.tgz 1801ms (cache miss)
7578 http fetch GET 200 https://registry.npmjs.org/statuses/-/statuses-1.5.0.tgz 1802ms (cache miss)
7579 http fetch GET 200 https://registry.npmjs.org/encodeurl/-/encodeurl-1.0.2.tgz 1804ms (cache miss)
7580 http fetch GET 200 https://registry.npmjs.org/jsonfile/-/jsonfile-4.0.0.tgz 1805ms (cache miss)
7581 http fetch GET 200 https://registry.npmjs.org/type-fest/-/type-fest-0.20.2.tgz 1806ms (cache miss)
7582 http fetch GET 200 https://registry.npmjs.org/dayjs/-/dayjs-1.11.13.tgz 1822ms (cache miss)
7583 http fetch GET 200 https://registry.npmjs.org/jest-get-type/-/jest-get-type-29.6.3.tgz 1808ms (cache miss)
7584 http fetch GET 200 https://registry.npmjs.org/reusify/-/reusify-1.1.0.tgz 1809ms (cache miss)
7585 http fetch GET 200 https://registry.npmjs.org/flat-cache/-/flat-cache-3.2.0.tgz 1809ms (cache miss)
7586 http fetch GET 200 https://registry.npmjs.org/path-exists/-/path-exists-4.0.0.tgz 1811ms (cache miss)
7587 http fetch GET 200 https://registry.npmjs.org/merge2/-/merge2-1.4.1.tgz 1815ms (cache miss)
7588 http fetch GET 200 https://registry.npmjs.org/strnum/-/strnum-1.1.2.tgz 1826ms (cache miss)
7589 http fetch GET 200 https://registry.npmjs.org/signal-exit/-/signal-exit-3.0.7.tgz 1826ms (cache miss)
7590 http fetch GET 200 https://registry.npmjs.org/jest-util/-/jest-util-29.7.0.tgz 1827ms (cache miss)
7591 http fetch GET 200 https://registry.npmjs.org/strip-final-newline/-/strip-final-newline-2.0.0.tgz 1827ms (cache miss)
7592 http fetch GET 200 https://registry.npmjs.org/flatted/-/flatted-3.3.3.tgz 1830ms (cache miss)
7593 http fetch GET 200 https://registry.npmjs.org/onetime/-/onetime-5.1.2.tgz 1833ms (cache miss)
7594 http fetch GET 200 https://registry.npmjs.org/get-stream/-/get-stream-6.0.1.tgz 1835ms (cache miss)
7595 http fetch GET 200 https://registry.npmjs.org/jest-message-util/-/jest-message-util-29.7.0.tgz 1842ms (cache miss)
7596 http fetch GET 200 https://registry.npmjs.org/micromatch/-/micromatch-4.0.8.tgz 1842ms (cache miss)
7597 http fetch GET 200 https://registry.npmjs.org/human-signals/-/human-signals-2.1.0.tgz 1854ms (cache miss)
7598 http fetch GET 200 https://registry.npmjs.org/@jest/expect-utils/-/expect-utils-29.7.0.tgz 1856ms (cache miss)
7599 http fetch GET 200 https://registry.npmjs.org/is-stream/-/is-stream-2.0.1.tgz 1856ms (cache miss)
7600 http fetch GET 200 https://registry.npmjs.org/merge-stream/-/merge-stream-2.0.0.tgz 1859ms (cache miss)
7601 http fetch GET 200 https://registry.npmjs.org/esrecurse/-/esrecurse-4.3.0.tgz 1861ms (cache miss)
7602 http fetch GET 200 https://registry.npmjs.org/iterator.prototype/-/iterator.prototype-1.1.5.tgz 1875ms (cache miss)
7603 http fetch GET 200 https://registry.npmjs.org/has-tostringtag/-/has-tostringtag-1.0.2.tgz 1876ms (cache miss)
7604 http fetch GET 200 https://registry.npmjs.org/is-symbol/-/is-symbol-1.1.1.tgz 1877ms (cache miss)
7605 http fetch GET 200 https://registry.npmjs.org/npm-run-path/-/npm-run-path-4.0.1.tgz 1877ms (cache miss)
7606 http fetch GET 200 https://registry.npmjs.org/acorn-jsx/-/acorn-jsx-5.3.2.tgz 1878ms (cache miss)
7607 http fetch GET 200 https://registry.npmjs.org/possible-typed-array-names/-/possible-typed-array-names-1.1.0.tgz 1880ms (cache miss)
7608 http fetch GET 200 https://registry.npmjs.org/which-typed-array/-/which-typed-array-1.1.19.tgz 1882ms (cache miss)
7609 http fetch GET 200 https://registry.npmjs.org/typed-array-length/-/typed-array-length-1.0.7.tgz 1883ms (cache miss)
7610 http fetch GET 200 https://registry.npmjs.org/eslint-plugin-react-native-globals/-/eslint-plugin-react-native-globals-0.1.2.tgz 1887ms (cache miss)
7611 http fetch GET 200 https://registry.npmjs.org/is-date-object/-/is-date-object-1.1.0.tgz 1890ms (cache miss)
7612 http fetch GET 200 https://registry.npmjs.org/unbox-primitive/-/unbox-primitive-1.1.0.tgz 1894ms (cache miss)
7613 http fetch GET 200 https://registry.npmjs.org/@types/node/-/node-24.3.0.tgz 1902ms (cache miss)
7614 http fetch GET 200 https://registry.npmjs.org/typed-array-byte-offset/-/typed-array-byte-offset-1.0.4.tgz 1901ms (cache miss)
7615 http fetch GET 200 https://registry.npmjs.org/string.prototype.trimstart/-/string.prototype.trimstart-1.0.8.tgz 1908ms (cache miss)
7616 http fetch GET 200 https://registry.npmjs.org/regexp.prototype.flags/-/regexp.prototype.flags-1.5.4.tgz 1923ms (cache miss)
7617 http fetch GET 200 https://registry.npmjs.org/stop-iteration-iterator/-/stop-iteration-iterator-1.1.0.tgz 1923ms (cache miss)
7618 http fetch GET 200 https://registry.npmjs.org/typed-array-byte-length/-/typed-array-byte-length-1.0.3.tgz 1926ms (cache miss)
7619 http fetch GET 200 https://registry.npmjs.org/safe-push-apply/-/safe-push-apply-1.0.0.tgz 1928ms (cache miss)
7620 http fetch GET 200 https://registry.npmjs.org/safe-array-concat/-/safe-array-concat-1.1.3.tgz 1931ms (cache miss)
7621 http fetch GET 200 https://registry.npmjs.org/safe-regex-test/-/safe-regex-test-1.1.0.tgz 1933ms (cache miss)
7622 http fetch GET 200 https://registry.npmjs.org/string.prototype.trimend/-/string.prototype.trimend-1.0.9.tgz 1936ms (cache miss)
7623 http fetch GET 200 https://registry.npmjs.org/set-proto/-/set-proto-1.0.0.tgz 1936ms (cache miss)
7624 http fetch GET 200 https://registry.npmjs.org/string.prototype.trim/-/string.prototype.trim-1.2.10.tgz 1937ms (cache miss)
7625 http fetch GET 200 https://registry.npmjs.org/acorn/-/acorn-8.15.0.tgz 1943ms (cache miss)
7626 http fetch GET 200 https://registry.npmjs.org/is-regex/-/is-regex-1.2.1.tgz 1946ms (cache miss)
7627 http fetch GET 200 https://registry.npmjs.org/is-typed-array/-/is-typed-array-1.1.15.tgz 1948ms (cache miss)
7628 http fetch GET 200 https://registry.npmjs.org/typed-array-buffer/-/typed-array-buffer-1.0.3.tgz 1953ms (cache miss)
7629 http fetch GET 200 https://registry.npmjs.org/is-negative-zero/-/is-negative-zero-2.0.3.tgz 1961ms (cache miss)
7630 http fetch GET 200 https://registry.npmjs.org/es-to-primitive/-/es-to-primitive-1.3.0.tgz 1968ms (cache miss)
7631 http fetch GET 200 https://registry.npmjs.org/is-set/-/is-set-2.0.3.tgz 1969ms (cache miss)
7632 http fetch GET 200 https://registry.npmjs.org/object-inspect/-/object-inspect-1.13.4.tgz 1971ms (cache miss)
7633 http fetch GET 200 https://registry.npmjs.org/object.assign/-/object.assign-4.1.7.tgz 1972ms (cache miss)
7634 http fetch GET 200 https://registry.npmjs.org/is-weakref/-/is-weakref-1.1.1.tgz 1975ms (cache miss)
7635 http fetch GET 200 https://registry.npmjs.org/is-callable/-/is-callable-1.2.7.tgz 1981ms (cache miss)
7636 http fetch GET 200 https://registry.npmjs.org/get-symbol-description/-/get-symbol-description-1.1.0.tgz 1981ms (cache miss)
7637 http fetch GET 200 https://registry.npmjs.org/own-keys/-/own-keys-1.0.1.tgz 1981ms (cache miss)
7638 http fetch GET 200 https://registry.npmjs.org/internal-slot/-/internal-slot-1.1.0.tgz 1982ms (cache miss)
7639 http fetch GET 200 https://registry.npmjs.org/is-data-view/-/is-data-view-1.0.2.tgz 1982ms (cache miss)
7640 http fetch GET 200 https://registry.npmjs.org/has-proto/-/has-proto-1.2.0.tgz 1982ms (cache miss)
7641 http fetch GET 200 https://registry.npmjs.org/react-devtools-core/-/react-devtools-core-6.1.5.tgz 2023ms (cache miss)
7642 http fetch GET 200 https://registry.npmjs.org/is-shared-array-buffer/-/is-shared-array-buffer-1.0.4.tgz 1994ms (cache miss)
7643 http fetch GET 200 https://registry.npmjs.org/get-proto/-/get-proto-1.0.1.tgz 1996ms (cache miss)
7644 http fetch GET 200 https://registry.npmjs.org/data-view-byte-offset/-/data-view-byte-offset-1.0.1.tgz 1997ms (cache miss)
7645 http fetch GET 200 https://registry.npmjs.org/globalthis/-/globalthis-1.0.4.tgz 1998ms (cache miss)
7646 http fetch GET 200 https://registry.npmjs.org/has-symbols/-/has-symbols-1.1.0.tgz 2000ms (cache miss)
7647 http fetch GET 200 https://registry.npmjs.org/es-set-tostringtag/-/es-set-tostringtag-2.1.0.tgz 2001ms (cache miss)
7648 http fetch GET 200 https://registry.npmjs.org/array-buffer-byte-length/-/array-buffer-byte-length-1.0.2.tgz 2005ms (cache miss)
7649 http fetch GET 200 https://registry.npmjs.org/available-typed-arrays/-/available-typed-arrays-1.0.7.tgz 2008ms (cache miss)
7650 http fetch GET 200 https://registry.npmjs.org/arraybuffer.prototype.slice/-/arraybuffer.prototype.slice-1.0.4.tgz 2010ms (cache miss)
7651 http fetch GET 200 https://registry.npmjs.org/object-keys/-/object-keys-1.1.1.tgz 2010ms (cache miss)
7652 http fetch GET 200 https://registry.npmjs.org/has-property-descriptors/-/has-property-descriptors-1.0.2.tgz 2015ms (cache miss)
7653 http fetch GET 200 https://registry.npmjs.org/is-array-buffer/-/is-array-buffer-3.0.5.tgz 2016ms (cache miss)
7654 http fetch GET 200 https://registry.npmjs.org/function.prototype.name/-/function.prototype.name-1.1.8.tgz 2023ms (cache miss)
7655 http fetch GET 200 https://registry.npmjs.org/function-bind/-/function-bind-1.1.2.tgz 2023ms (cache miss)
7656 http fetch GET 200 https://registry.npmjs.org/data-view-byte-length/-/data-view-byte-length-1.0.2.tgz 2026ms (cache miss)
7657 http fetch GET 200 https://registry.npmjs.org/call-bind-apply-helpers/-/call-bind-apply-helpers-1.0.2.tgz 2025ms (cache miss)
7658 http fetch GET 200 https://registry.npmjs.org/gopd/-/gopd-1.2.0.tgz 2047ms (cache miss)
7659 http fetch GET 200 https://registry.npmjs.org/define-data-property/-/define-data-property-1.1.4.tgz 2049ms (cache miss)
7660 http fetch GET 200 https://registry.npmjs.org/data-view-buffer/-/data-view-buffer-1.0.2.tgz 2051ms (cache miss)
7661 http fetch GET 200 https://registry.npmjs.org/es-errors/-/es-errors-1.3.0.tgz 2050ms (cache miss)
7662 http fetch GET 200 https://registry.npmjs.org/es-object-atoms/-/es-object-atoms-1.1.1.tgz 2052ms (cache miss)
7663 http fetch GET 200 https://registry.npmjs.org/es-shim-unscopables/-/es-shim-unscopables-1.1.0.tgz 2055ms (cache miss)
7664 http fetch GET 200 https://registry.npmjs.org/es-define-property/-/es-define-property-1.0.1.tgz 2059ms (cache miss)
7665 http fetch GET 200 https://registry.npmjs.org/set-function-length/-/set-function-length-1.2.2.tgz 2060ms (cache miss)
7666 http fetch GET 200 https://registry.npmjs.org/is-string/-/is-string-1.1.1.tgz 2061ms (cache miss)
7667 http fetch GET 200 https://registry.npmjs.org/define-properties/-/define-properties-1.2.1.tgz 2064ms (cache miss)
7668 http fetch GET 200 https://registry.npmjs.org/math-intrinsics/-/math-intrinsics-1.1.0.tgz 2068ms (cache miss)
7669 http fetch GET 200 https://registry.npmjs.org/call-bind/-/call-bind-1.0.8.tgz 2071ms (cache miss)
7670 http fetch GET 200 https://registry.npmjs.org/string.prototype.matchall/-/string.prototype.matchall-4.0.12.tgz 2080ms (cache miss)
7671 http fetch GET 200 https://registry.npmjs.org/get-intrinsic/-/get-intrinsic-1.3.0.tgz 2080ms (cache miss)
7672 http fetch GET 200 https://registry.npmjs.org/call-bound/-/call-bound-1.0.4.tgz 2080ms (cache miss)
7673 http fetch GET 200 https://registry.npmjs.org/object.values/-/object.values-1.2.1.tgz 2087ms (cache miss)
7674 http fetch GET 200 https://registry.npmjs.org/prop-types/-/prop-types-15.8.1.tgz 2093ms (cache miss)
7675 http fetch GET 200 https://registry.npmjs.org/hasown/-/hasown-2.0.2.tgz 2097ms (cache miss)
7676 http fetch GET 200 https://registry.npmjs.org/array.prototype.tosorted/-/array.prototype.tosorted-1.1.4.tgz 2101ms (cache miss)
7677 http fetch GET 200 https://registry.npmjs.org/string.prototype.repeat/-/string.prototype.repeat-1.0.0.tgz 2109ms (cache miss)
7678 http fetch GET 200 https://registry.npmjs.org/array.prototype.flatmap/-/array.prototype.flatmap-1.3.3.tgz 2113ms (cache miss)
7679 http fetch GET 200 https://registry.npmjs.org/object.fromentries/-/object.fromentries-2.0.8.tgz 2113ms (cache miss)
7680 http fetch GET 200 https://registry.npmjs.org/shebang-command/-/shebang-command-2.0.0.tgz 2119ms (cache miss)
7681 http fetch GET 200 https://registry.npmjs.org/object.entries/-/object.entries-1.1.9.tgz 2123ms (cache miss)
7682 http fetch GET 200 https://registry.npmjs.org/path-key/-/path-key-3.1.1.tgz 2122ms (cache miss)
7683 http fetch GET 200 https://registry.npmjs.org/array.prototype.findlast/-/array.prototype.findlast-1.2.5.tgz 2126ms (cache miss)
7684 http fetch GET 200 https://registry.npmjs.org/array-includes/-/array-includes-3.1.9.tgz 2127ms (cache miss)
7685 http fetch GET 200 https://registry.npmjs.org/estraverse/-/estraverse-5.3.0.tgz 2132ms (cache miss)
7686 http fetch GET 200 https://registry.npmjs.org/string-natural-compare/-/string-natural-compare-3.0.1.tgz 2137ms (cache miss)
7687 http fetch GET 200 https://registry.npmjs.org/json-schema-traverse/-/json-schema-traverse-0.4.1.tgz 2139ms (cache miss)
7688 http fetch GET 200 https://registry.npmjs.org/fast-json-stable-stringify/-/fast-json-stable-stringify-2.1.0.tgz 2143ms (cache miss)
7689 http fetch GET 200 https://registry.npmjs.org/strip-json-comments/-/strip-json-comments-3.1.1.tgz 2145ms (cache miss)
7690 http fetch GET 200 https://registry.npmjs.org/fastq/-/fastq-1.19.1.tgz 2149ms (cache miss)
7691 http fetch GET 200 https://registry.npmjs.org/run-parallel/-/run-parallel-1.2.0.tgz 2153ms (cache miss)
7692 http fetch GET 200 https://registry.npmjs.org/optionator/-/optionator-0.9.4.tgz 2158ms (cache miss)
7693 http fetch GET 200 https://registry.npmjs.org/@humanwhocodes/object-schema/-/object-schema-2.0.3.tgz 2159ms (cache miss)
7694 warn deprecated @humanwhocodes/object-schema@2.0.3: Use @eslint/object-schema instead
7695 http fetch GET 200 https://registry.npmjs.org/strip-ansi/-/strip-ansi-6.0.1.tgz 2171ms (cache miss)
7696 http fetch GET 200 https://registry.npmjs.org/text-table/-/text-table-0.2.0.tgz 2171ms (cache miss)
7697 http fetch GET 200 https://registry.npmjs.org/json-stable-stringify-without-jsonify/-/json-stable-stringify-without-jsonify-1.0.1.tgz 2175ms (cache miss)
7698 http fetch GET 200 https://registry.npmjs.org/lodash.merge/-/lodash.merge-4.6.2.tgz 2179ms (cache miss)
7699 http fetch GET 200 https://registry.npmjs.org/levn/-/levn-0.4.1.tgz 2187ms (cache miss)
7700 http fetch GET 200 https://registry.npmjs.org/@nodelib/fs.scandir/-/fs.scandir-2.1.5.tgz 2191ms (cache miss)
7701 http fetch GET 200 https://registry.npmjs.org/file-entry-cache/-/file-entry-cache-6.0.1.tgz 2189ms (cache miss)
7702 http fetch GET 200 https://registry.npmjs.org/@nodelib/fs.stat/-/fs.stat-2.0.5.tgz 2191ms (cache miss)
7703 http fetch GET 200 https://registry.npmjs.org/is-path-inside/-/is-path-inside-3.0.3.tgz 2193ms (cache miss)
7704 http fetch GET 200 https://registry.npmjs.org/glob-parent/-/glob-parent-6.0.2.tgz 2217ms (cache miss)
7705 http fetch GET 200 https://registry.npmjs.org/imurmurhash/-/imurmurhash-0.1.4.tgz 2220ms (cache miss)
7706 http fetch GET 200 https://registry.npmjs.org/espree/-/espree-9.6.1.tgz 2236ms (cache miss)
7707 http fetch GET 200 https://registry.npmjs.org/globals/-/globals-13.24.0.tgz 2246ms (cache miss)
7708 http fetch GET 200 https://registry.npmjs.org/mime-types/-/mime-types-2.1.35.tgz 2250ms (cache miss)
7709 http fetch GET 200 https://registry.npmjs.org/@nodelib/fs.walk/-/fs.walk-1.2.8.tgz 2250ms (cache miss)
7710 http fetch GET 200 https://registry.npmjs.org/accepts/-/accepts-1.3.8.tgz 2252ms (cache miss)
7711 http fetch GET 200 https://registry.npmjs.org/doctrine/-/doctrine-3.0.0.tgz 2255ms (cache miss)
7712 http fetch GET 200 https://registry.npmjs.org/@ungap/structured-clone/-/structured-clone-1.3.0.tgz 2257ms (cache miss)
7713 http fetch GET 200 https://registry.npmjs.org/cross-spawn/-/cross-spawn-7.0.6.tgz 2261ms (cache miss)
7714 http fetch GET 200 https://registry.npmjs.org/parse-json/-/parse-json-5.2.0.tgz 2261ms (cache miss)
7715 http fetch GET 200 https://registry.npmjs.org/ms/-/ms-2.1.3.tgz 2262ms (cache miss)
7716 http fetch GET 200 https://registry.npmjs.org/import-fresh/-/import-fresh-3.3.1.tgz 2267ms (cache miss)
7717 http fetch GET 200 https://registry.npmjs.org/@humanwhocodes/config-array/-/config-array-0.13.0.tgz 2269ms (cache miss)
7718 warn deprecated @humanwhocodes/config-array@0.13.0: Use @eslint/config-array instead
7719 http fetch GET 200 https://registry.npmjs.org/@eslint/js/-/js-8.57.1.tgz 2272ms (cache miss)
7720 http fetch GET 200 https://registry.npmjs.org/env-paths/-/env-paths-2.2.1.tgz 2271ms (cache miss)
7721 http fetch GET 200 https://registry.npmjs.org/parseurl/-/parseurl-1.3.3.tgz 2275ms (cache miss)
7722 http fetch GET 200 https://registry.npmjs.org/uri-js/-/uri-js-4.4.1.tgz 2350ms (cache miss)
7723 http fetch GET 200 https://registry.npmjs.org/escape-html/-/escape-html-1.0.3.tgz 2378ms (cache miss)
7724 http fetch GET 200 https://registry.npmjs.org/@humanwhocodes/module-importer/-/module-importer-1.0.1.tgz 2395ms (cache miss)
7725 http fetch GET 200 https://registry.npmjs.org/safe-buffer/-/safe-buffer-5.2.1.tgz 2400ms (cache miss)
7726 http fetch GET 200 https://registry.npmjs.org/utils-merge/-/utils-merge-1.0.1.tgz 2401ms (cache miss)
7727 http fetch GET 200 https://registry.npmjs.org/on-headers/-/on-headers-1.1.0.tgz 2403ms (cache miss)
7728 http fetch GET 200 https://registry.npmjs.org/finalhandler/-/finalhandler-1.1.2.tgz 2424ms (cache miss)
7729 http fetch GET 200 https://registry.npmjs.org/ansi-styles/-/ansi-styles-4.3.0.tgz 2431ms (cache miss)
7730 http fetch GET 200 https://registry.npmjs.org/vary/-/vary-1.1.2.tgz 2432ms (cache miss)
7731 http fetch GET 200 https://registry.npmjs.org/negotiator/-/negotiator-0.6.4.tgz 2433ms (cache miss)
7732 http fetch GET 200 https://registry.npmjs.org/color-name/-/color-name-1.1.4.tgz 2432ms (cache miss)
7733 http fetch GET 200 https://registry.npmjs.org/compressible/-/compressible-2.0.18.tgz 2433ms (cache miss)
7734 http fetch GET 200 https://registry.npmjs.org/color-string/-/color-string-1.9.1.tgz 2433ms (cache miss)
7735 http fetch GET 200 https://registry.npmjs.org/simple-swizzle/-/simple-swizzle-0.2.2.tgz 2434ms (cache miss)
7736 http fetch GET 200 https://registry.npmjs.org/node-releases/-/node-releases-2.0.19.tgz 2433ms (cache miss)
7737 http fetch GET 200 https://registry.npmjs.org/supports-color/-/supports-color-7.2.0.tgz 2435ms (cache miss)
7738 http fetch GET 200 https://registry.npmjs.org/raw-body/-/raw-body-2.5.2.tgz 2435ms (cache miss)
7739 http fetch GET 200 https://registry.npmjs.org/update-browserslist-db/-/update-browserslist-db-1.1.3.tgz 2437ms (cache miss)
7740 http fetch GET 200 https://registry.npmjs.org/type-is/-/type-is-1.6.18.tgz 2436ms (cache miss)
7741 http fetch GET 200 https://registry.npmjs.org/color-convert/-/color-convert-2.0.1.tgz 2437ms (cache miss)
7742 http fetch GET 200 https://registry.npmjs.org/http-errors/-/http-errors-2.0.0.tgz 2436ms (cache miss)
7743 http fetch GET 200 https://registry.npmjs.org/bytes/-/bytes-3.1.2.tgz 2436ms (cache miss)
7744 http fetch GET 200 https://registry.npmjs.org/unpipe/-/unpipe-1.0.0.tgz 2439ms (cache miss)
7745 http fetch GET 200 https://registry.npmjs.org/destroy/-/destroy-1.2.0.tgz 2442ms (cache miss)
7746 http fetch GET 200 https://registry.npmjs.org/content-type/-/content-type-1.0.5.tgz 2442ms (cache miss)
7747 http fetch GET 200 https://registry.npmjs.org/on-finished/-/on-finished-2.4.1.tgz 2447ms (cache miss)
7748 http fetch GET 200 https://registry.npmjs.org/is-glob/-/is-glob-4.0.3.tgz 2476ms (cache miss)
7749 http fetch GET 200 https://registry.npmjs.org/mime-db/-/mime-db-1.54.0.tgz 2485ms (cache miss)
7750 http fetch GET 200 https://registry.npmjs.org/globby/-/globby-11.1.0.tgz 2489ms (cache miss)
7751 http fetch GET 200 https://registry.npmjs.org/depd/-/depd-2.0.0.tgz 2489ms (cache miss)
7752 http fetch GET 200 https://registry.npmjs.org/natural-compare/-/natural-compare-1.4.0.tgz 2496ms (cache miss)
7753 http fetch GET 200 https://registry.npmjs.org/lodash.debounce/-/lodash.debounce-4.0.8.tgz 2498ms (cache miss)
7754 http fetch GET 200 https://registry.npmjs.org/@typescript-eslint/visitor-keys/-/visitor-keys-7.18.0.tgz 2499ms (cache miss)
7755 http fetch GET 200 https://registry.npmjs.org/ignore/-/ignore-5.3.2.tgz 2513ms (cache miss)
7756 http fetch GET 200 https://registry.npmjs.org/electron-to-chromium/-/electron-to-chromium-1.5.209.tgz 2536ms (cache miss)
7757 http fetch GET 200 https://registry.npmjs.org/jest-matcher-utils/-/jest-matcher-utils-29.7.0.tgz 2544ms (cache miss)
7758 http fetch GET 200 https://registry.npmjs.org/redent/-/redent-3.0.0.tgz 2559ms (cache miss)
7759 http fetch GET 200 https://registry.npmjs.org/hoist-non-react-statics/-/hoist-non-react-statics-3.3.2.tgz 2560ms (cache miss)
7760 http fetch GET 200 https://registry.npmjs.org/proxy-from-env/-/proxy-from-env-1.1.0.tgz 2560ms (cache miss)
7761 http fetch GET 200 https://registry.npmjs.org/progress/-/progress-2.0.3.tgz 2571ms (cache miss)
7762 http fetch GET 200 https://registry.npmjs.org/which/-/which-2.0.2.tgz 2575ms (cache miss)
7763 http fetch GET 200 https://registry.npmjs.org/https-proxy-agent/-/https-proxy-agent-5.0.1.tgz 2586ms (cache miss)
7764 http fetch GET 200 https://registry.npmjs.org/ts-api-utils/-/ts-api-utils-1.4.3.tgz 2608ms (cache miss)
7765 http fetch GET 200 https://registry.npmjs.org/jest-diff/-/jest-diff-29.7.0.tgz 2611ms (cache miss)
7766 http fetch GET 200 https://registry.npmjs.org/node-fetch/-/node-fetch-2.7.0.tgz 2620ms (cache miss)
7767 http fetch GET 200 https://registry.npmjs.org/esquery/-/esquery-1.6.0.tgz 2641ms (cache miss)
7768 http fetch GET 200 https://registry.npmjs.org/expect/-/expect-29.7.0.tgz 2638ms (cache miss)
7769 http fetch GET 200 https://registry.npmjs.org/qs/-/qs-6.13.0.tgz 2649ms (cache miss)
7770 http fetch GET 200 https://registry.npmjs.org/@typescript-eslint/types/-/types-7.18.0.tgz 2653ms (cache miss)
7771 http fetch GET 200 https://registry.npmjs.org/fast-deep-equal/-/fast-deep-equal-3.1.3.tgz 2665ms (cache miss)
7772 http fetch GET 200 https://registry.npmjs.org/@sentry/types/-/types-8.55.0.tgz 2670ms (cache miss)
7773 http fetch GET 200 https://registry.npmjs.org/@eslint-community/eslint-utils/-/eslint-utils-4.7.0.tgz 2688ms (cache miss)
7774 http fetch GET 200 https://registry.npmjs.org/nanoid/-/nanoid-3.3.11.tgz 2688ms (cache miss)
7775 http fetch GET 200 https://registry.npmjs.org/react-is/-/react-is-19.1.1.tgz 2690ms (cache miss)
7776 http fetch GET 200 https://registry.npmjs.org/use-sync-external-store/-/use-sync-external-store-1.5.0.tgz 2732ms (cache miss)
7777 http fetch GET 200 https://registry.npmjs.org/escape-string-regexp/-/escape-string-regexp-4.0.0.tgz 2732ms (cache miss)
7778 http fetch GET 200 https://registry.npmjs.org/jsx-ast-utils/-/jsx-ast-utils-3.3.5.tgz 2751ms (cache miss)
7779 http fetch GET 200 https://registry.npmjs.org/@eslint-community/regexpp/-/regexpp-4.12.1.tgz 2742ms (cache miss)
7780 http fetch GET 200 https://registry.npmjs.org/color/-/color-4.2.3.tgz 2741ms (cache miss)
7781 http fetch GET 200 https://registry.npmjs.org/use-latest-callback/-/use-latest-callback-0.2.4.tgz 2743ms (cache miss)
7782 http fetch GET 200 https://registry.npmjs.org/es-iterator-helpers/-/es-iterator-helpers-1.2.1.tgz 2764ms (cache miss)
7783 http fetch GET 200 https://registry.npmjs.org/eslint-visitor-keys/-/eslint-visitor-keys-2.1.0.tgz 2751ms (cache miss)
7784 http fetch GET 200 https://registry.npmjs.org/@babel/helper-define-polyfill-provider/-/helper-define-polyfill-provider-0.6.5.tgz 2760ms (cache miss)
7785 http fetch GET 200 https://registry.npmjs.org/iconv-lite/-/iconv-lite-0.4.24.tgz 2764ms (cache miss)
7786 http fetch GET 200 https://registry.npmjs.org/metro-config/-/metro-config-0.82.5.tgz 2757ms (cache miss)
7787 http fetch GET 200 https://registry.npmjs.org/js-yaml/-/js-yaml-4.1.0.tgz 2770ms (cache miss)
7788 http fetch GET 200 https://registry.npmjs.org/@react-native/metro-babel-transformer/-/metro-babel-transformer-0.79.3.tgz 2769ms (cache miss)
7789 http fetch GET 200 https://registry.npmjs.org/@eslint/eslintrc/-/eslintrc-2.1.4.tgz 2783ms (cache miss)
7790 http fetch GET 200 https://registry.npmjs.org/@sentry/cli/-/cli-2.51.1.tgz 2792ms (cache miss)
7791 http fetch GET 200 https://registry.npmjs.org/@sentry/babel-plugin-component-annotate/-/babel-plugin-component-annotate-4.1.1.tgz 2794ms (cache miss)
7792 http fetch GET 200 https://registry.npmjs.org/query-string/-/query-string-7.1.3.tgz 2795ms (cache miss)
7793 http fetch GET 200 https://registry.npmjs.org/eslint-plugin-react-native/-/eslint-plugin-react-native-4.1.0.tgz 2809ms (cache miss)
7794 http fetch GET 200 https://registry.npmjs.org/eslint-scope/-/eslint-scope-5.1.1.tgz 2812ms (cache miss)
7795 http fetch GET 200 https://registry.npmjs.org/eslint-plugin-react-hooks/-/eslint-plugin-react-hooks-4.6.2.tgz 2811ms (cache miss)
7796 http fetch GET 200 https://registry.npmjs.org/@nicolo-ribaudo/eslint-scope-5-internals/-/eslint-scope-5-internals-5.1.1-v1.tgz 2814ms (cache miss)
7797 http fetch GET 200 https://registry.npmjs.org/metro-runtime/-/metro-runtime-0.82.5.tgz 2818ms (cache miss)
7798 http fetch GET 200 https://registry.npmjs.org/eslint-config-prettier/-/eslint-config-prettier-8.10.2.tgz 2821ms (cache miss)
7799 http fetch GET 200 https://registry.npmjs.org/@sentry/utils/-/utils-8.55.0.tgz 2846ms (cache miss)
7800 http fetch GET 200 https://registry.npmjs.org/graphemer/-/graphemer-1.4.0.tgz 2861ms (cache miss)
7801 http fetch GET 200 https://registry.npmjs.org/glob/-/glob-7.2.3.tgz 2863ms (cache miss)
7802 warn deprecated glob@7.2.3: Glob versions prior to v9 are no longer supported
7803 http fetch GET 200 https://registry.npmjs.org/@typescript-eslint/parser/-/parser-7.18.0.tgz 2865ms (cache miss)
7804 http fetch GET 200 https://registry.npmjs.org/@react-native/js-polyfills/-/js-polyfills-0.79.3.tgz 2901ms (cache miss)
7805 http fetch GET 200 https://registry.npmjs.org/nullthrows/-/nullthrows-1.1.1.tgz 2908ms (cache miss)
7806 http fetch GET 200 https://registry.npmjs.org/@babel/plugin-syntax-typescript/-/plugin-syntax-typescript-7.27.1.tgz 2910ms (cache miss)
7807 http fetch GET 200 https://registry.npmjs.org/@babel/plugin-syntax-flow/-/plugin-syntax-flow-7.27.1.tgz 2983ms (cache miss)
7808 http fetch GET 200 https://registry.npmjs.org/@react-native/eslint-plugin/-/eslint-plugin-0.79.3.tgz 2987ms (cache miss)
7809 http fetch GET 200 https://registry.npmjs.org/react-refresh/-/react-refresh-0.14.2.tgz 3201ms (cache miss)
7810 http fetch GET 200 https://registry.npmjs.org/babel-plugin-syntax-hermes-parser/-/babel-plugin-syntax-hermes-parser-0.25.1.tgz 3215ms (cache miss)
7811 http fetch GET 200 https://registry.npmjs.org/babel-plugin-transform-flow-enums/-/babel-plugin-transform-flow-enums-0.0.2.tgz 3218ms (cache miss)
7812 http fetch GET 200 https://registry.npmjs.org/@sentry-internal/replay-canvas/-/replay-canvas-8.55.0.tgz 3233ms (cache miss)
7813 http fetch GET 200 https://registry.npmjs.org/@babel/plugin-transform-runtime/-/plugin-transform-runtime-7.28.3.tgz 3232ms (cache miss)
7814 http fetch GET 200 https://registry.npmjs.org/@babel/plugin-transform-react-jsx-self/-/plugin-transform-react-jsx-self-7.27.1.tgz 3242ms (cache miss)
7815 http fetch GET 200 https://registry.npmjs.org/@babel/plugin-syntax-nullish-coalescing-operator/-/plugin-syntax-nullish-coalescing-operator-7.8.3.tgz 3244ms (cache miss)
7816 http fetch GET 200 https://registry.npmjs.org/@babel/plugin-transform-react-jsx-source/-/plugin-transform-react-jsx-source-7.27.1.tgz 3244ms (cache miss)
7817 http fetch GET 200 https://registry.npmjs.org/eslint-plugin-eslint-comments/-/eslint-plugin-eslint-comments-3.2.0.tgz 3246ms (cache miss)
7818 http fetch GET 200 https://registry.npmjs.org/@react-native/babel-plugin-codegen/-/babel-plugin-codegen-0.79.3.tgz 3244ms (cache miss)
7819 http fetch GET 200 https://registry.npmjs.org/@typescript-eslint/type-utils/-/type-utils-7.18.0.tgz 3266ms (cache miss)
7820 http fetch GET 200 https://registry.npmjs.org/@babel/plugin-proposal-export-default-from/-/plugin-proposal-export-default-from-7.27.1.tgz 3261ms (cache miss)
7821 http fetch GET 200 https://registry.npmjs.org/@babel/plugin-syntax-optional-chaining/-/plugin-syntax-optional-chaining-7.8.3.tgz 3262ms (cache miss)
7822 http fetch GET 200 https://registry.npmjs.org/mime/-/mime-2.6.0.tgz 3264ms (cache miss)
7823 http fetch GET 200 https://registry.npmjs.org/@react-navigation/routers/-/routers-7.5.1.tgz 3276ms (cache miss)
7824 http fetch GET 200 https://registry.npmjs.org/@babel/plugin-transform-react-jsx/-/plugin-transform-react-jsx-7.27.1.tgz 3278ms (cache miss)
7825 http fetch GET 200 https://registry.npmjs.org/csstype/-/csstype-3.1.3.tgz 3290ms (cache miss)
7826 http fetch GET 200 https://registry.npmjs.org/@babel/plugin-syntax-jsx/-/plugin-syntax-jsx-7.27.1.tgz 3284ms (cache miss)
7827 http fetch GET 200 https://registry.npmjs.org/@babel/plugin-syntax-export-default-from/-/plugin-syntax-export-default-from-7.27.1.tgz 3288ms (cache miss)
7828 http fetch GET 200 https://registry.npmjs.org/launch-editor/-/launch-editor-2.11.1.tgz 3290ms (cache miss)
7829 http fetch GET 200 https://registry.npmjs.org/@babel/plugin-transform-react-display-name/-/plugin-transform-react-display-name-7.28.0.tgz 3290ms (cache miss)
7830 http fetch GET 200 https://registry.npmjs.org/@babel/plugin-syntax-dynamic-import/-/plugin-syntax-dynamic-import-7.8.3.tgz 3291ms (cache miss)
7831 http fetch GET 200 https://registry.npmjs.org/@babel/plugin-transform-flow-strip-types/-/plugin-transform-flow-strip-types-7.27.1.tgz 3292ms (cache miss)
7832 http fetch GET 200 https://registry.npmjs.org/pretty-format/-/pretty-format-29.7.0.tgz 3301ms (cache miss)
7833 http fetch GET 200 https://registry.npmjs.org/errorhandler/-/errorhandler-1.5.1.tgz 3306ms (cache miss)
7834 http fetch GET 200 https://registry.npmjs.org/appdirsjs/-/appdirsjs-1.2.7.tgz 3307ms (cache miss)
7835 http fetch GET 200 https://registry.npmjs.org/serve-static/-/serve-static-1.16.2.tgz 3310ms (cache miss)
7836 http fetch GET 200 https://registry.npmjs.org/nocache/-/nocache-3.0.4.tgz 3315ms (cache miss)
7837 http fetch GET 200 https://registry.npmjs.org/open/-/open-6.4.0.tgz 3318ms (cache miss)
7838 http fetch GET 200 https://registry.npmjs.org/minimatch/-/minimatch-9.0.5.tgz 3328ms (cache miss)
7839 http fetch GET 200 https://registry.npmjs.org/wcwidth/-/wcwidth-1.0.1.tgz 3327ms (cache miss)
7840 http fetch GET 200 https://registry.npmjs.org/command-exists/-/command-exists-1.2.9.tgz 3326ms (cache miss)
7841 http fetch GET 200 https://registry.npmjs.org/body-parser/-/body-parser-1.20.3.tgz 3327ms (cache miss)
7842 http fetch GET 200 https://registry.npmjs.org/connect/-/connect-3.7.0.tgz 3328ms (cache miss)
7843 http fetch GET 200 https://registry.npmjs.org/ora/-/ora-5.4.1.tgz 3333ms (cache miss)
7844 http fetch GET 200 https://registry.npmjs.org/execa/-/execa-5.1.1.tgz 3332ms (cache miss)
7845 http fetch GET 200 https://registry.npmjs.org/graceful-fs/-/graceful-fs-4.2.11.tgz 3338ms (cache miss)
7846 http fetch GET 200 https://registry.npmjs.org/@babel/plugin-transform-typescript/-/plugin-transform-typescript-7.28.0.tgz 3343ms (cache miss)
7847 http fetch GET 200 https://registry.npmjs.org/node-stream-zip/-/node-stream-zip-1.15.0.tgz 3338ms (cache miss)
7848 http fetch GET 200 https://registry.npmjs.org/find-up/-/find-up-5.0.0.tgz 3339ms (cache miss)
7849 http fetch GET 200 https://registry.npmjs.org/@vscode/sudo-prompt/-/sudo-prompt-9.3.1.tgz 3343ms (cache miss)
7850 http fetch GET 200 https://registry.npmjs.org/deepmerge/-/deepmerge-4.3.1.tgz 3359ms (cache miss)
7851 http fetch GET 200 https://registry.npmjs.org/envinfo/-/envinfo-7.14.0.tgz 3362ms (cache miss)
7852 http fetch GET 200 https://registry.npmjs.org/merge-options/-/merge-options-3.0.4.tgz 3391ms (cache miss)
7853 http fetch GET 200 https://registry.npmjs.org/ws/-/ws-6.2.3.tgz 3396ms (cache miss)
7854 http fetch GET 200 https://registry.npmjs.org/chalk/-/chalk-4.1.2.tgz 3397ms (cache miss)
7855 http fetch GET 200 https://registry.npmjs.org/@jridgewell/resolve-uri/-/resolve-uri-3.1.2.tgz 3415ms (cache miss)
7856 http fetch GET 200 https://registry.npmjs.org/compression/-/compression-1.8.1.tgz 3420ms (cache miss)
7857 http fetch GET 200 https://registry.npmjs.org/@babel/helper-string-parser/-/helper-string-parser-7.27.1.tgz 3445ms (cache miss)
7858 http fetch GET 200 https://registry.npmjs.org/@babel/helper-globals/-/helper-globals-7.28.0.tgz 3446ms (cache miss)
7859 http fetch GET 200 https://registry.npmjs.org/@babel/helper-replace-supers/-/helper-replace-supers-7.27.1.tgz 3448ms (cache miss)
7860 http fetch GET 200 https://registry.npmjs.org/esutils/-/esutils-2.0.3.tgz 3460ms (cache miss)
7861 http fetch GET 200 https://registry.npmjs.org/@react-native-community/cli-types/-/cli-types-20.0.1.tgz 3464ms (cache miss)
7862 http fetch GET 200 https://registry.npmjs.org/@babel/helper-optimise-call-expression/-/helper-optimise-call-expression-7.27.1.tgz 3468ms (cache miss)
7863 http fetch GET 200 https://registry.npmjs.org/commander/-/commander-9.5.0.tgz 3476ms (cache miss)
7864 http fetch GET 200 https://registry.npmjs.org/@babel/helper-remap-async-to-generator/-/helper-remap-async-to-generator-7.27.1.tgz 3480ms (cache miss)
7865 http fetch GET 200 https://registry.npmjs.org/@babel/helper-skip-transparent-expression-wrappers/-/helper-skip-transparent-expression-wrappers-7.27.1.tgz 3489ms (cache miss)
7866 http fetch GET 200 https://registry.npmjs.org/@babel/helper-create-regexp-features-plugin/-/helper-create-regexp-features-plugin-7.27.1.tgz 3490ms (cache miss)
7867 http fetch GET 200 https://registry.npmjs.org/@babel/eslint-parser/-/eslint-parser-7.28.0.tgz 3499ms (cache miss)
7868 http fetch GET 200 https://registry.npmjs.org/@babel/helper-wrap-function/-/helper-wrap-function-7.28.3.tgz 3495ms (cache miss)
7869 http fetch GET 200 https://registry.npmjs.org/@babel/helper-annotate-as-pure/-/helper-annotate-as-pure-7.27.3.tgz 3495ms (cache miss)
7870 http fetch GET 200 https://registry.npmjs.org/babel-plugin-polyfill-regenerator/-/babel-plugin-polyfill-regenerator-0.6.5.tgz 3508ms (cache miss)
7871 http fetch GET 200 https://registry.npmjs.org/@react-native-community/cli-clean/-/cli-clean-20.0.1.tgz 3512ms (cache miss)
7872 http fetch GET 200 https://registry.npmjs.org/@babel/helper-member-expression-to-functions/-/helper-member-expression-to-functions-7.27.1.tgz 3517ms (cache miss)
7873 http fetch GET 200 https://registry.npmjs.org/@babel/plugin-transform-unicode-escapes/-/plugin-transform-unicode-escapes-7.27.1.tgz 3538ms (cache miss)
7874 http fetch GET 200 https://registry.npmjs.org/@babel/plugin-transform-unicode-sets-regex/-/plugin-transform-unicode-sets-regex-7.27.1.tgz 3539ms (cache miss)
7875 http fetch GET 200 https://registry.npmjs.org/@babel/plugin-transform-typeof-symbol/-/plugin-transform-typeof-symbol-7.27.1.tgz 3539ms (cache miss)
7876 http fetch GET 200 https://registry.npmjs.org/regexpu-core/-/regexpu-core-6.2.0.tgz 3541ms (cache miss)
7877 http fetch GET 200 https://registry.npmjs.org/@babel/plugin-transform-unicode-property-regex/-/plugin-transform-unicode-property-regex-7.27.1.tgz 3541ms (cache miss)
7878 http fetch GET 200 https://registry.npmjs.org/@babel/plugin-transform-shorthand-properties/-/plugin-transform-shorthand-properties-7.27.1.tgz 3540ms (cache miss)
7879 http fetch GET 200 https://registry.npmjs.org/@babel/plugin-transform-sticky-regex/-/plugin-transform-sticky-regex-7.27.1.tgz 3540ms (cache miss)
7880 http fetch GET 200 https://registry.npmjs.org/babel-plugin-polyfill-corejs2/-/babel-plugin-polyfill-corejs2-0.4.14.tgz 3544ms (cache miss)
7881 http fetch GET 200 https://registry.npmjs.org/ajv/-/ajv-6.12.6.tgz 3627ms (cache miss)
7882 http fetch GET 200 https://registry.npmjs.org/@babel/plugin-transform-reserved-words/-/plugin-transform-reserved-words-7.27.1.tgz 3630ms (cache miss)
7883 http fetch GET 200 https://registry.npmjs.org/@babel/preset-modules/-/preset-modules-0.1.6-no-external-plugins.tgz 3631ms (cache miss)
7884 http fetch GET 200 https://registry.npmjs.org/@babel/plugin-transform-unicode-regex/-/plugin-transform-unicode-regex-7.27.1.tgz 3631ms (cache miss)
7885 http fetch GET 200 https://registry.npmjs.org/@babel/plugin-transform-regexp-modifiers/-/plugin-transform-regexp-modifiers-7.27.1.tgz 3631ms (cache miss)
7886 http fetch GET 200 https://registry.npmjs.org/@babel/plugin-transform-template-literals/-/plugin-transform-template-literals-7.27.1.tgz 3631ms (cache miss)
7887 http fetch GET 200 https://registry.npmjs.org/@babel/plugin-transform-private-methods/-/plugin-transform-private-methods-7.27.1.tgz 3631ms (cache miss)
7888 http fetch GET 200 https://registry.npmjs.org/@babel/plugin-transform-spread/-/plugin-transform-spread-7.27.1.tgz 3670ms (cache miss)
7889 http fetch GET 200 https://registry.npmjs.org/@babel/plugin-transform-property-literals/-/plugin-transform-property-literals-7.27.1.tgz 3674ms (cache miss)
7890 http fetch GET 200 https://registry.npmjs.org/@babel/plugin-transform-optional-chaining/-/plugin-transform-optional-chaining-7.27.1.tgz 3675ms (cache miss)
7891 http fetch GET 200 https://registry.npmjs.org/babel-plugin-polyfill-corejs3/-/babel-plugin-polyfill-corejs3-0.13.0.tgz 3680ms (cache miss)
7892 http fetch GET 200 https://registry.npmjs.org/@babel/plugin-transform-optional-catch-binding/-/plugin-transform-optional-catch-binding-7.27.1.tgz 3680ms (cache miss)
7893 http fetch GET 200 https://registry.npmjs.org/@jridgewell/sourcemap-codec/-/sourcemap-codec-1.5.5.tgz 3684ms (cache miss)
7894 http fetch GET 200 https://registry.npmjs.org/@babel/plugin-transform-object-super/-/plugin-transform-object-super-7.27.1.tgz 3686ms (cache miss)
7895 http fetch GET 200 https://registry.npmjs.org/@babel/plugin-transform-new-target/-/plugin-transform-new-target-7.27.1.tgz 3700ms (cache miss)
7896 http fetch GET 200 https://registry.npmjs.org/@babel/plugin-transform-modules-umd/-/plugin-transform-modules-umd-7.27.1.tgz 3700ms (cache miss)
7897 http fetch GET 200 https://registry.npmjs.org/@babel/plugin-transform-private-property-in-object/-/plugin-transform-private-property-in-object-7.27.1.tgz 3701ms (cache miss)
7898 http fetch GET 200 https://registry.npmjs.org/@babel/plugin-transform-nullish-coalescing-operator/-/plugin-transform-nullish-coalescing-operator-7.27.1.tgz 3704ms (cache miss)
7899 http fetch GET 200 https://registry.npmjs.org/@babel/plugin-transform-numeric-separator/-/plugin-transform-numeric-separator-7.27.1.tgz 3705ms (cache miss)
7900 http fetch GET 200 https://registry.npmjs.org/@babel/plugin-transform-modules-commonjs/-/plugin-transform-modules-commonjs-7.27.1.tgz 3704ms (cache miss)
7901 http fetch GET 200 https://registry.npmjs.org/@babel/plugin-transform-modules-amd/-/plugin-transform-modules-amd-7.27.1.tgz 3704ms (cache miss)
7902 http fetch GET 200 https://registry.npmjs.org/@babel/plugin-transform-literals/-/plugin-transform-literals-7.27.1.tgz 3703ms (cache miss)
7903 http fetch GET 200 https://registry.npmjs.org/@babel/plugin-transform-named-capturing-groups-regex/-/plugin-transform-named-capturing-groups-regex-7.27.1.tgz 3711ms (cache miss)
7904 http fetch GET 200 https://registry.npmjs.org/@babel/plugin-transform-json-strings/-/plugin-transform-json-strings-7.27.1.tgz 3717ms (cache miss)
7905 http fetch GET 200 https://registry.npmjs.org/@babel/plugin-transform-modules-systemjs/-/plugin-transform-modules-systemjs-7.27.1.tgz 3720ms (cache miss)
7906 http fetch GET 200 https://registry.npmjs.org/@babel/plugin-transform-object-rest-spread/-/plugin-transform-object-rest-spread-7.28.0.tgz 3724ms (cache miss)
7907 http fetch GET 200 https://registry.npmjs.org/cosmiconfig/-/cosmiconfig-9.0.0.tgz 3745ms (cache miss)
7908 http fetch GET 200 https://registry.npmjs.org/@babel/plugin-transform-duplicate-keys/-/plugin-transform-duplicate-keys-7.27.1.tgz 3738ms (cache miss)
7909 http fetch GET 200 https://registry.npmjs.org/@babel/plugin-transform-logical-assignment-operators/-/plugin-transform-logical-assignment-operators-7.27.1.tgz 3739ms (cache miss)
7910 http fetch GET 200 https://registry.npmjs.org/@babel/plugin-transform-for-of/-/plugin-transform-for-of-7.27.1.tgz 3747ms (cache miss)
7911 http fetch GET 200 https://registry.npmjs.org/@babel/plugin-transform-dotall-regex/-/plugin-transform-dotall-regex-7.27.1.tgz 3746ms (cache miss)
7912 http fetch GET 200 https://registry.npmjs.org/@babel/plugin-transform-exponentiation-operator/-/plugin-transform-exponentiation-operator-7.27.1.tgz 3749ms (cache miss)
7913 http fetch GET 200 https://registry.npmjs.org/@babel/plugin-transform-function-name/-/plugin-transform-function-name-7.27.1.tgz 3754ms (cache miss)
7914 http fetch GET 200 https://registry.npmjs.org/@babel/plugin-transform-dynamic-import/-/plugin-transform-dynamic-import-7.27.1.tgz 3754ms (cache miss)
7915 http fetch GET 200 https://registry.npmjs.org/@babel/plugin-transform-member-expression-literals/-/plugin-transform-member-expression-literals-7.27.1.tgz 3755ms (cache miss)
7916 http fetch GET 200 https://registry.npmjs.org/@babel/plugin-transform-parameters/-/plugin-transform-parameters-7.27.7.tgz 3761ms (cache miss)
7917 http fetch GET 200 https://registry.npmjs.org/@react-native-community/cli-server-api/-/cli-server-api-20.0.1.tgz 3765ms (cache miss)
7918 http fetch GET 200 https://registry.npmjs.org/@babel/plugin-transform-export-namespace-from/-/plugin-transform-export-namespace-from-7.27.1.tgz 3763ms (cache miss)
7919 http fetch GET 200 https://registry.npmjs.org/@babel/plugin-transform-explicit-resource-management/-/plugin-transform-explicit-resource-management-7.28.0.tgz 3763ms (cache miss)
7920 http fetch GET 200 https://registry.npmjs.org/@babel/plugin-transform-computed-properties/-/plugin-transform-computed-properties-7.27.1.tgz 3764ms (cache miss)
7921 http fetch GET 200 https://registry.npmjs.org/@react-native-community/cli-config/-/cli-config-20.0.1.tgz 3776ms (cache miss)
7922 http fetch GET 200 https://registry.npmjs.org/@babel/plugin-transform-async-to-generator/-/plugin-transform-async-to-generator-7.27.1.tgz 3791ms (cache miss)
7923 http fetch GET 200 https://registry.npmjs.org/@react-native-community/cli-config-android/-/cli-config-android-18.0.0.tgz 3809ms (cache miss)
7924 http fetch GET 200 https://registry.npmjs.org/@babel/plugin-transform-block-scoped-functions/-/plugin-transform-block-scoped-functions-7.27.1.tgz 3802ms (cache miss)
7925 http fetch GET 200 https://registry.npmjs.org/logkitty/-/logkitty-0.7.1.tgz 3812ms (cache miss)
7926 http fetch GET 200 https://registry.npmjs.org/@babel/plugin-transform-class-static-block/-/plugin-transform-class-static-block-7.28.3.tgz 3806ms (cache miss)
7927 http fetch GET 200 https://registry.npmjs.org/@babel/plugin-transform-async-generator-functions/-/plugin-transform-async-generator-functions-7.28.0.tgz 3811ms (cache miss)
7928 http fetch GET 200 https://registry.npmjs.org/@babel/plugin-transform-regenerator/-/plugin-transform-regenerator-7.28.3.tgz 3819ms (cache miss)
7929 http fetch GET 200 https://registry.npmjs.org/@react-native-community/cli-config-apple/-/cli-config-apple-20.0.1.tgz 3825ms (cache miss)
7930 http fetch GET 200 https://registry.npmjs.org/@babel/plugin-proposal-private-property-in-object/-/plugin-proposal-private-property-in-object-7.21.0-placeholder-for-preset-env.2.tgz 3817ms (cache miss)
7931 http fetch GET 200 https://registry.npmjs.org/@babel/plugin-transform-arrow-functions/-/plugin-transform-arrow-functions-7.27.1.tgz 3823ms (cache miss)
7932 http fetch GET 200 https://registry.npmjs.org/@babel/plugin-transform-duplicate-named-capturing-groups-regex/-/plugin-transform-duplicate-named-capturing-groups-regex-7.27.1.tgz 3825ms (cache miss)
7933 http fetch GET 200 https://registry.npmjs.org/@babel/plugin-syntax-import-assertions/-/plugin-syntax-import-assertions-7.27.1.tgz 3824ms (cache miss)
7934 http fetch GET 200 https://registry.npmjs.org/@babel/plugin-transform-class-properties/-/plugin-transform-class-properties-7.27.1.tgz 3825ms (cache miss)
7935 http fetch GET 200 https://registry.npmjs.org/@babel/plugin-syntax-unicode-sets-regex/-/plugin-syntax-unicode-sets-regex-7.18.6.tgz 3831ms (cache miss)
7936 http fetch GET 200 https://registry.npmjs.org/@babel/plugin-transform-destructuring/-/plugin-transform-destructuring-7.28.0.tgz 3836ms (cache miss)
7937 http fetch GET 200 https://registry.npmjs.org/@babel/plugin-bugfix-v8-static-class-fields-redefine-readonly/-/plugin-bugfix-v8-static-class-fields-redefine-readonly-7.28.3.tgz 3843ms (cache miss)
7938 http fetch GET 200 https://registry.npmjs.org/@babel/plugin-bugfix-safari-class-field-initializer-scope/-/plugin-bugfix-safari-class-field-initializer-scope-7.27.1.tgz 3843ms (cache miss)
7939 http fetch GET 200 https://registry.npmjs.org/@babel/plugin-bugfix-firefox-class-in-computed-class-key/-/plugin-bugfix-firefox-class-in-computed-class-key-7.27.1.tgz 3846ms (cache miss)
7940 http fetch GET 200 https://registry.npmjs.org/@babel/plugin-transform-classes/-/plugin-transform-classes-7.28.3.tgz 3847ms (cache miss)
7941 http fetch GET 200 https://registry.npmjs.org/fs-extra/-/fs-extra-8.1.0.tgz 3857ms (cache miss)
7942 http fetch GET 200 https://registry.npmjs.org/@babel/plugin-bugfix-safari-id-destructuring-collision-in-function-expression/-/plugin-bugfix-safari-id-destructuring-collision-in-function-expression-7.27.1.tgz 3860ms (cache miss)
7943 http fetch GET 200 https://registry.npmjs.org/@babel/plugin-transform-block-scoping/-/plugin-transform-block-scoping-7.28.0.tgz 3868ms (cache miss)
7944 http fetch GET 200 https://registry.npmjs.org/picocolors/-/picocolors-1.1.1.tgz 3871ms (cache miss)
7945 http fetch GET 200 https://registry.npmjs.org/@babel/helper-module-imports/-/helper-module-imports-7.27.1.tgz 3874ms (cache miss)
7946 http fetch GET 200 https://registry.npmjs.org/@babel/helper-plugin-utils/-/helper-plugin-utils-7.27.1.tgz 3878ms (cache miss)
7947 http fetch GET 200 https://registry.npmjs.org/lru-cache/-/lru-cache-5.1.1.tgz 3879ms (cache miss)
7948 http fetch GET 200 https://registry.npmjs.org/jsesc/-/jsesc-3.1.0.tgz 3878ms (cache miss)
7949 http fetch GET 200 https://registry.npmjs.org/@babel/plugin-syntax-import-attributes/-/plugin-syntax-import-attributes-7.27.1.tgz 3884ms (cache miss)
7950 http fetch GET 200 https://registry.npmjs.org/@babel/plugin-bugfix-v8-spread-parameters-in-optional-chaining/-/plugin-bugfix-v8-spread-parameters-in-optional-chaining-7.27.1.tgz 3890ms (cache miss)
7951 http fetch GET 200 https://registry.npmjs.org/fast-glob/-/fast-glob-3.3.3.tgz 3900ms (cache miss)
7952 http fetch GET 200 https://registry.npmjs.org/@babel/helper-validator-option/-/helper-validator-option-7.27.1.tgz 3889ms (cache miss)
7953 http fetch GET 200 https://registry.npmjs.org/js-tokens/-/js-tokens-4.0.0.tgz 3892ms (cache miss)
7954 http fetch GET 200 https://registry.npmjs.org/@babel/compat-data/-/compat-data-7.28.0.tgz 3894ms (cache miss)
7955 http fetch GET 200 https://registry.npmjs.org/debug/-/debug-4.4.1.tgz 3900ms (cache miss)
7956 http fetch GET 200 https://registry.npmjs.org/gensync/-/gensync-1.0.0-beta.2.tgz 3904ms (cache miss)
7957 http fetch GET 200 https://registry.npmjs.org/browserslist/-/browserslist-4.25.3.tgz 3908ms (cache miss)
7958 http fetch GET 200 https://registry.npmjs.org/@babel/helper-validator-identifier/-/helper-validator-identifier-7.27.1.tgz 3930ms (cache miss)
7959 http fetch GET 200 https://registry.npmjs.org/convert-source-map/-/convert-source-map-2.0.0.tgz 3935ms (cache miss)
7960 http fetch GET 200 https://registry.npmjs.org/semver/-/semver-6.3.1.tgz 3942ms (cache miss)
7961 http fetch GET 200 https://registry.npmjs.org/core-js-compat/-/core-js-compat-3.45.1.tgz 3955ms (cache miss)
7962 http fetch GET 200 https://registry.npmjs.org/yargs/-/yargs-17.7.2.tgz 3970ms (cache miss)
7963 http fetch GET 200 https://registry.npmjs.org/joi/-/joi-17.13.3.tgz 3967ms (cache miss)
7964 http fetch GET 200 https://registry.npmjs.org/@babel/code-frame/-/code-frame-7.27.1.tgz 3967ms (cache miss)
7965 http fetch GET 200 https://registry.npmjs.org/@ampproject/remapping/-/remapping-2.3.0.tgz 3987ms (cache miss)
7966 http fetch GET 200 https://registry.npmjs.org/@sentry/react/-/react-8.55.0.tgz 4035ms (cache miss)
7967 http fetch GET 200 https://registry.npmjs.org/prompts/-/prompts-2.4.2.tgz 4068ms (cache miss)
7968 http fetch GET 200 https://registry.npmjs.org/@types/react-test-renderer/-/react-test-renderer-19.1.0.tgz 4053ms (cache miss)
7969 http fetch GET 200 https://registry.npmjs.org/hermes-parser/-/hermes-parser-0.25.1.tgz 4092ms (cache miss)
7970 http fetch GET 200 https://registry.npmjs.org/@babel/helper-module-transforms/-/helper-module-transforms-7.28.3.tgz 4075ms (cache miss)
7971 http fetch GET 200 https://registry.npmjs.org/@babel/template/-/template-7.27.2.tgz 4079ms (cache miss)
7972 http fetch GET 200 https://registry.npmjs.org/@jridgewell/gen-mapping/-/gen-mapping-0.3.13.tgz 4112ms (cache miss)
7973 http fetch GET 200 https://registry.npmjs.org/@types/jest/-/jest-29.5.14.tgz 4110ms (cache miss)
7974 http fetch GET 200 https://registry.npmjs.org/resolve/-/resolve-1.22.10.tgz 4149ms (cache miss)
7975 http fetch GET 200 https://registry.npmjs.org/react-native-url-polyfill/-/react-native-url-polyfill-2.0.0.tgz 4125ms (cache miss)
7976 http fetch GET 200 https://registry.npmjs.org/@typescript-eslint/utils/-/utils-7.18.0.tgz 4165ms (cache miss)
7977 http fetch GET 200 https://registry.npmjs.org/eslint-plugin-jest/-/eslint-plugin-jest-27.9.0.tgz 4170ms (cache miss)
7978 http fetch GET 200 https://registry.npmjs.org/json5/-/json5-2.2.3.tgz 4168ms (cache miss)
7979 http fetch GET 200 https://registry.npmjs.org/fast-xml-parser/-/fast-xml-parser-4.5.3.tgz 4187ms (cache miss)
7980 http fetch GET 200 https://registry.npmjs.org/@react-native-community/cli-tools/-/cli-tools-20.0.1.tgz 4189ms (cache miss)
7981 http fetch GET 200 https://registry.npmjs.org/@typescript-eslint/typescript-estree/-/typescript-estree-7.18.0.tgz 4215ms (cache miss)
7982 http fetch GET 200 https://registry.npmjs.org/@jridgewell/trace-mapping/-/trace-mapping-0.3.30.tgz 4214ms (cache miss)
7983 http fetch GET 200 https://registry.npmjs.org/@testing-library/jest-native/-/jest-native-5.4.3.tgz 4255ms (cache miss)
7984 http fetch GET 200 https://registry.npmjs.org/zustand/-/zustand-5.0.8.tgz 4269ms (cache miss)
7985 http fetch GET 200 https://registry.npmjs.org/@react-native-community/cli-platform-apple/-/cli-platform-apple-20.0.1.tgz 4302ms (cache miss)
7986 http fetch GET 200 https://registry.npmjs.org/@types/react/-/react-19.1.11.tgz 4426ms (cache miss)
7987 warn deprecated @testing-library/jest-native@5.4.3: DEPRECATED: This package is no longer maintained.
7987 warn deprecated Please use the built-in Jest matchers available in @testing-library/react-native v12.4+.
7987 warn deprecated
7987 warn deprecated See migration guide: https://callstack.github.io/react-native-testing-library/docs/migration/jest-matchers
7988 http fetch GET 200 https://registry.npmjs.org/eslint-plugin-ft-flow/-/eslint-plugin-ft-flow-2.0.3.tgz 4459ms (cache miss)
7989 http fetch GET 200 https://registry.npmjs.org/@babel/helper-create-class-features-plugin/-/helper-create-class-features-plugin-7.28.3.tgz 4455ms (cache miss)
7990 http fetch GET 200 https://registry.npmjs.org/react-test-renderer/-/react-test-renderer-19.1.0.tgz 4466ms (cache miss)
7991 http fetch GET 200 https://registry.npmjs.org/invariant/-/invariant-2.2.4.tgz 4479ms (cache miss)
7992 http fetch GET 200 https://registry.npmjs.org/@react-native/typescript-config/-/typescript-config-0.79.3.tgz 4547ms (cache miss)
7993 http fetch GET 200 https://registry.npmjs.org/@sentry-internal/feedback/-/feedback-8.55.0.tgz 4575ms (cache miss)
7994 http fetch GET 200 https://registry.npmjs.org/@babel/traverse/-/traverse-7.28.3.tgz 4564ms (cache miss)
7995 http fetch GET 200 https://registry.npmjs.org/@react-native-community/cli-doctor/-/cli-doctor-20.0.1.tgz 4578ms (cache miss)
7996 http fetch GET 200 https://registry.npmjs.org/@react-native/eslint-config/-/eslint-config-0.79.3.tgz 4583ms (cache miss)
7997 http fetch GET 200 https://registry.npmjs.org/@react-native/babel-preset/-/babel-preset-0.79.3.tgz 4584ms (cache miss)
7998 http fetch GET 200 https://registry.npmjs.org/@babel/parser/-/parser-7.28.3.tgz 4655ms (cache miss)
7999 http fetch GET 200 https://registry.npmjs.org/@react-native/metro-config/-/metro-config-0.79.3.tgz 4663ms (cache miss)
8000 http fetch GET 200 https://registry.npmjs.org/jest/-/jest-29.7.0.tgz 4665ms (cache miss)
8001 http fetch GET 200 https://registry.npmjs.org/@babel/generator/-/generator-7.28.3.tgz 4702ms (cache miss)
8002 http fetch GET 200 https://registry.npmjs.org/callsites/-/callsites-2.0.0.tgz 4714ms (cache miss)
8003 http fetch GET 200 https://registry.npmjs.org/@react-navigation/elements/-/elements-2.6.3.tgz 4799ms (cache miss)
8004 http fetch GET 200 https://registry.npmjs.org/is-fullwidth-code-point/-/is-fullwidth-code-point-3.0.0.tgz 4775ms (cache miss)
8005 http fetch GET 200 https://registry.npmjs.org/@react-native-community/cli-platform-ios/-/cli-platform-ios-18.0.0.tgz 4780ms (cache miss)
8006 http fetch GET 200 https://registry.npmjs.org/ms/-/ms-2.0.0.tgz 4813ms (cache miss)
8007 http fetch GET 200 https://registry.npmjs.org/jsesc/-/jsesc-3.0.2.tgz 4899ms (cache miss)
8008 http fetch GET 200 https://registry.npmjs.org/statuses/-/statuses-2.0.1.tgz 4920ms (cache miss)
8009 http fetch GET 200 https://registry.npmjs.org/react/-/react-19.1.0.tgz 4949ms (cache miss)
8010 http fetch GET 200 https://registry.npmjs.org/mime/-/mime-1.6.0.tgz 4967ms (cache miss)
8011 http fetch GET 200 https://registry.npmjs.org/is-wsl/-/is-wsl-2.2.0.tgz 4981ms (cache miss)
8012 http fetch GET 200 https://registry.npmjs.org/ms/-/ms-2.0.0.tgz 4984ms (cache miss)
8013 http fetch GET 200 https://registry.npmjs.org/@babel/helper-compilation-targets/-/helper-compilation-targets-7.27.2.tgz 4989ms (cache miss)
8014 http fetch GET 200 https://registry.npmjs.org/webidl-conversions/-/webidl-conversions-5.0.0.tgz 4985ms (cache miss)
8015 http fetch GET 200 https://registry.npmjs.org/debug/-/debug-2.6.9.tgz 4989ms (cache miss)
8016 http fetch GET 200 https://registry.npmjs.org/source-map-support/-/source-map-support-0.5.21.tgz 4990ms (cache miss)
8017 http fetch GET 200 https://registry.npmjs.org/open/-/open-7.4.2.tgz 5002ms (cache miss)
8018 http fetch GET 200 https://registry.npmjs.org/is-wsl/-/is-wsl-2.2.0.tgz 5006ms (cache miss)
8019 http fetch GET 200 https://registry.npmjs.org/is-wsl/-/is-wsl-2.2.0.tgz 5006ms (cache miss)
8020 http fetch GET 200 https://registry.npmjs.org/type-fest/-/type-fest-0.7.1.tgz 5010ms (cache miss)
8021 http fetch GET 200 https://registry.npmjs.org/https-proxy-agent/-/https-proxy-agent-7.0.6.tgz 5014ms (cache miss)
8022 http fetch GET 200 https://registry.npmjs.org/debug/-/debug-2.6.9.tgz 5018ms (cache miss)
8023 http fetch GET 200 https://registry.npmjs.org/commander/-/commander-2.20.3.tgz 5026ms (cache miss)
8024 http fetch GET 200 https://registry.npmjs.org/agent-base/-/agent-base-7.1.4.tgz 5102ms (cache miss)
8025 http fetch GET 200 https://registry.npmjs.org/@babel/preset-env/-/preset-env-7.28.3.tgz 5112ms (cache miss)
8026 http fetch GET 200 https://registry.npmjs.org/ws/-/ws-7.5.10.tgz 5148ms (cache miss)
8027 http fetch GET 200 https://registry.npmjs.org/color-name/-/color-name-1.1.3.tgz 5149ms (cache miss)
8028 http fetch GET 200 https://registry.npmjs.org/ansi-styles/-/ansi-styles-3.2.1.tgz 5164ms (cache miss)
8029 http fetch GET 200 https://registry.npmjs.org/ci-info/-/ci-info-2.0.0.tgz 5176ms (cache miss)
8030 http fetch GET 200 https://registry.npmjs.org/react-native-purchases/-/react-native-purchases-8.11.10.tgz 5205ms (cache miss)
8031 http fetch GET 200 https://registry.npmjs.org/p-limit/-/p-limit-2.3.0.tgz 5201ms (cache miss)
8032 http fetch GET 200 https://registry.npmjs.org/strip-ansi/-/strip-ansi-5.2.0.tgz 5202ms (cache miss)
8033 http fetch GET 200 https://registry.npmjs.org/resolve-from/-/resolve-from-5.0.0.tgz 5202ms (cache miss)
8034 http fetch GET 200 https://registry.npmjs.org/p-locate/-/p-locate-4.1.0.tgz 5203ms (cache miss)
8035 http fetch GET 200 https://registry.npmjs.org/minimatch/-/minimatch-3.1.2.tgz 5205ms (cache miss)
8036 http fetch GET 200 https://registry.npmjs.org/brace-expansion/-/brace-expansion-1.1.12.tgz 5207ms (cache miss)
8037 http fetch GET 200 https://registry.npmjs.org/ws/-/ws-7.5.10.tgz 5214ms (cache miss)
8038 http fetch GET 200 https://registry.npmjs.org/escape-string-regexp/-/escape-string-regexp-2.0.0.tgz 5217ms (cache miss)
8039 http fetch GET 200 https://registry.npmjs.org/@react-native-community/cli-platform-android/-/cli-platform-android-18.0.0.tgz 5227ms (cache miss)
8040 http fetch GET 200 https://registry.npmjs.org/ansi-regex/-/ansi-regex-4.1.1.tgz 5246ms (cache miss)
8041 http fetch GET 200 https://registry.npmjs.org/locate-path/-/locate-path-5.0.0.tgz 5245ms (cache miss)
8042 http fetch GET 200 https://registry.npmjs.org/find-up/-/find-up-4.1.0.tgz 5246ms (cache miss)
8043 http fetch GET 200 https://registry.npmjs.org/p-locate/-/p-locate-4.1.0.tgz 5250ms (cache miss)
8044 http fetch GET 200 https://registry.npmjs.org/find-up/-/find-up-4.1.0.tgz 5258ms (cache miss)
8045 http fetch GET 200 https://registry.npmjs.org/hermes-estree/-/hermes-estree-0.29.1.tgz 5294ms (cache miss)
8046 http fetch GET 200 https://registry.npmjs.org/resolve-from/-/resolve-from-5.0.0.tgz 5298ms (cache miss)
8047 http fetch GET 200 https://registry.npmjs.org/semver/-/semver-7.7.2.tgz 5311ms (cache miss)
8048 http fetch GET 200 https://registry.npmjs.org/source-map/-/source-map-0.5.7.tgz 5311ms (cache miss)
8049 http fetch GET 200 https://registry.npmjs.org/p-limit/-/p-limit-2.3.0.tgz 5314ms (cache miss)
8050 http fetch GET 200 https://registry.npmjs.org/istanbul-lib-instrument/-/istanbul-lib-instrument-5.2.1.tgz 5321ms (cache miss)
8051 http fetch GET 200 https://registry.npmjs.org/locate-path/-/locate-path-5.0.0.tgz 5323ms (cache miss)
8052 http fetch GET 200 https://registry.npmjs.org/camelcase/-/camelcase-6.3.0.tgz 5321ms (cache miss)
8053 http fetch GET 200 https://registry.npmjs.org/brace-expansion/-/brace-expansion-1.1.12.tgz 5337ms (cache miss)
8054 http fetch GET 200 https://registry.npmjs.org/source-map/-/source-map-0.5.7.tgz 5342ms (cache miss)
8055 http fetch GET 200 https://registry.npmjs.org/supports-color/-/supports-color-8.1.1.tgz 5339ms (cache miss)
8056 http fetch GET 200 https://registry.npmjs.org/@react-native-community/cli/-/cli-20.0.1.tgz 5377ms (cache miss)
8057 http fetch GET 200 https://registry.npmjs.org/negotiator/-/negotiator-0.6.3.tgz 5374ms (cache miss)
8058 http fetch GET 200 https://registry.npmjs.org/react-is/-/react-is-16.13.1.tgz 5381ms (cache miss)
8059 http fetch GET 200 https://registry.npmjs.org/minimatch/-/minimatch-3.1.2.tgz 5388ms (cache miss)
8060 http fetch GET 200 https://registry.npmjs.org/ms/-/ms-2.0.0.tgz 5388ms (cache miss)
8061 http fetch GET 200 https://registry.npmjs.org/argparse/-/argparse-1.0.10.tgz 5397ms (cache miss)
8062 http fetch GET 200 https://registry.npmjs.org/source-map/-/source-map-0.5.7.tgz 5402ms (cache miss)
8063 http fetch GET 200 https://registry.npmjs.org/on-finished/-/on-finished-2.3.0.tgz 5412ms (cache miss)
8064 http fetch GET 200 https://registry.npmjs.org/semver/-/semver-7.7.2.tgz 5437ms (cache miss)
8065 http fetch GET 200 https://registry.npmjs.org/is-arrayish/-/is-arrayish-0.3.2.tgz 5438ms (cache miss)
8066 http fetch GET 200 https://registry.npmjs.org/eslint-visitor-keys/-/eslint-visitor-keys-3.4.3.tgz 5442ms (cache miss)
8067 http fetch GET 200 https://registry.npmjs.org/brace-expansion/-/brace-expansion-1.1.12.tgz 5476ms (cache miss)
8068 http fetch GET 200 https://registry.npmjs.org/eslint-visitor-keys/-/eslint-visitor-keys-3.4.3.tgz 5487ms (cache miss)
8069 http fetch GET 200 https://registry.npmjs.org/eslint-visitor-keys/-/eslint-visitor-keys-3.4.3.tgz 5486ms (cache miss)
8070 http fetch GET 200 https://registry.npmjs.org/react-is/-/react-is-16.13.1.tgz 5528ms (cache miss)
8071 http fetch GET 200 https://registry.npmjs.org/mime-db/-/mime-db-1.52.0.tgz 5536ms (cache miss)
8072 http fetch GET 200 https://registry.npmjs.org/statuses/-/statuses-2.0.1.tgz 5550ms (cache miss)
8073 http fetch GET 200 https://registry.npmjs.org/minimatch/-/minimatch-3.1.2.tgz 5552ms (cache miss)
8074 http fetch GET 200 https://registry.npmjs.org/resolve-from/-/resolve-from-3.0.0.tgz 5551ms (cache miss)
8075 http fetch GET 200 https://registry.npmjs.org/parse-json/-/parse-json-4.0.0.tgz 5551ms (cache miss)
8076 http fetch GET 200 https://registry.npmjs.org/debug/-/debug-2.6.9.tgz 5551ms (cache miss)
8077 http fetch GET 200 https://registry.npmjs.org/import-fresh/-/import-fresh-2.0.0.tgz 5554ms (cache miss)
8078 http fetch GET 200 https://registry.npmjs.org/@sentry-internal/browser-utils/-/browser-utils-8.55.0.tgz 5600ms (cache miss)
8079 http fetch GET 200 https://registry.npmjs.org/brace-expansion/-/brace-expansion-1.1.12.tgz 5568ms (cache miss)
8080 http fetch GET 200 https://registry.npmjs.org/estraverse/-/estraverse-4.3.0.tgz 5568ms (cache miss)
8081 http fetch GET 200 https://registry.npmjs.org/@react-navigation/native/-/native-7.1.17.tgz 5579ms (cache miss)
8082 http fetch GET 200 https://registry.npmjs.org/cosmiconfig/-/cosmiconfig-5.2.1.tgz 5583ms (cache miss)
8083 http fetch GET 200 https://registry.npmjs.org/doctrine/-/doctrine-2.1.0.tgz 5585ms (cache miss)
8084 http fetch GET 200 https://registry.npmjs.org/semver/-/semver-7.7.2.tgz 5594ms (cache miss)
8085 http fetch GET 200 https://registry.npmjs.org/@react-navigation/bottom-tabs/-/bottom-tabs-7.4.6.tgz 5606ms (cache miss)
8086 http fetch GET 200 https://registry.npmjs.org/yaml/-/yaml-2.8.1.tgz 5637ms (cache miss)
8087 http fetch GET 200 https://registry.npmjs.org/minimatch/-/minimatch-3.1.2.tgz 5612ms (cache miss)
8088 http fetch GET 200 https://registry.npmjs.org/eslint-visitor-keys/-/eslint-visitor-keys-3.4.3.tgz 5622ms (cache miss)
8089 http fetch GET 200 https://registry.npmjs.org/semver/-/semver-7.7.2.tgz 5656ms (cache miss)
8090 http fetch GET 200 https://registry.npmjs.org/js-yaml/-/js-yaml-3.14.1.tgz 5661ms (cache miss)
8091 http fetch GET 200 https://registry.npmjs.org/color-convert/-/color-convert-1.9.3.tgz 5665ms (cache miss)
8092 http fetch GET 200 https://registry.npmjs.org/@react-navigation/core/-/core-7.12.4.tgz 5700ms (cache miss)
8093 http fetch GET 200 https://registry.npmjs.org/argparse/-/argparse-1.0.10.tgz 5685ms (cache miss)
8094 http fetch GET 200 https://registry.npmjs.org/escape-string-regexp/-/escape-string-regexp-1.0.5.tgz 5689ms (cache miss)
8095 http fetch GET 200 https://registry.npmjs.org/brace-expansion/-/brace-expansion-1.1.12.tgz 5695ms (cache miss)
8096 http fetch GET 200 https://registry.npmjs.org/@typescript-eslint/visitor-keys/-/visitor-keys-5.62.0.tgz 5701ms (cache miss)
8097 http fetch GET 200 https://registry.npmjs.org/type-fest/-/type-fest-0.21.3.tgz 5711ms (cache miss)
8098 http fetch GET 200 https://registry.npmjs.org/minimatch/-/minimatch-3.1.2.tgz 5709ms (cache miss)
8099 http fetch GET 200 https://registry.npmjs.org/encodeurl/-/encodeurl-2.0.0.tgz 5712ms (cache miss)
8100 http fetch GET 200 https://registry.npmjs.org/@babel/helpers/-/helpers-7.28.3.tgz 5725ms (cache miss)
8101 http fetch GET 200 https://registry.npmjs.org/ms/-/ms-2.0.0.tgz 5724ms (cache miss)
8102 http fetch GET 200 https://registry.npmjs.org/ms/-/ms-2.0.0.tgz 5724ms (cache miss)
8103 http fetch GET 200 https://registry.npmjs.org/ansi-styles/-/ansi-styles-5.2.0.tgz 5724ms (cache miss)
8104 http fetch GET 200 https://registry.npmjs.org/find-up/-/find-up-4.1.0.tgz 5747ms (cache miss)
8105 http fetch GET 200 https://registry.npmjs.org/locate-path/-/locate-path-5.0.0.tgz 5752ms (cache miss)
8106 http fetch GET 200 https://registry.npmjs.org/semver/-/semver-7.7.2.tgz 5769ms (cache miss)
8107 http fetch GET 200 https://registry.npmjs.org/cliui/-/cliui-6.0.0.tgz 5770ms (cache miss)
8108 http fetch GET 200 https://registry.npmjs.org/yargs-parser/-/yargs-parser-18.1.3.tgz 5775ms (cache miss)
8109 http fetch GET 200 https://registry.npmjs.org/p-limit/-/p-limit-2.3.0.tgz 5778ms (cache miss)
8110 http fetch GET 200 https://registry.npmjs.org/react-is/-/react-is-18.3.1.tgz 5779ms (cache miss)
8111 http fetch GET 200 https://registry.npmjs.org/debug/-/debug-2.6.9.tgz 5793ms (cache miss)
8112 http fetch GET 200 https://registry.npmjs.org/debug/-/debug-2.6.9.tgz 5800ms (cache miss)
8113 http fetch GET 200 https://registry.npmjs.org/wrap-ansi/-/wrap-ansi-6.2.0.tgz 5801ms (cache miss)
8114 http fetch GET 200 https://registry.npmjs.org/y18n/-/y18n-4.0.3.tgz 5806ms (cache miss)
8115 http fetch GET 200 https://registry.npmjs.org/glob-parent/-/glob-parent-5.1.2.tgz 5811ms (cache miss)
8116 http fetch GET 200 https://registry.npmjs.org/@typescript-eslint/types/-/types-5.62.0.tgz 5861ms (cache miss)
8117 http fetch GET 200 https://registry.npmjs.org/js-yaml/-/js-yaml-3.14.1.tgz 5876ms (cache miss)
8118 http fetch GET 200 https://registry.npmjs.org/@react-native/codegen/-/codegen-0.79.3.tgz 5912ms (cache miss)
8119 http fetch GET 200 https://registry.npmjs.org/ms/-/ms-2.0.0.tgz 5900ms (cache miss)
8120 http fetch GET 200 https://registry.npmjs.org/ansi-styles/-/ansi-styles-5.2.0.tgz 5912ms (cache miss)
8121 http fetch GET 200 https://registry.npmjs.org/react-is/-/react-is-18.3.1.tgz 5919ms (cache miss)
8122 http fetch GET 200 https://registry.npmjs.org/pretty-format/-/pretty-format-30.0.5.tgz 5920ms (cache miss)
8123 http fetch GET 200 https://registry.npmjs.org/p-locate/-/p-locate-4.1.0.tgz 5927ms (cache miss)
8124 http fetch GET 200 https://registry.npmjs.org/debug/-/debug-2.6.9.tgz 5939ms (cache miss)
8125 http fetch GET 200 https://registry.npmjs.org/jest-diff/-/jest-diff-30.0.5.tgz 5941ms (cache miss)
8126 http fetch GET 200 https://registry.npmjs.org/@jest/schemas/-/schemas-30.0.5.tgz 5945ms (cache miss)
8127 http fetch GET 200 https://registry.npmjs.org/brace-expansion/-/brace-expansion-1.1.12.tgz 5957ms (cache miss)
8128 http fetch GET 200 https://registry.npmjs.org/react-native-safe-area-context/-/react-native-safe-area-context-5.6.1.tgz 5981ms (cache miss)
8129 http fetch GET 200 https://registry.npmjs.org/eslint-visitor-keys/-/eslint-visitor-keys-3.4.3.tgz 5972ms (cache miss)
8130 http fetch GET 200 https://registry.npmjs.org/semver/-/semver-7.7.2.tgz 5990ms (cache miss)
8131 http fetch GET 200 https://registry.npmjs.org/jest-matcher-utils/-/jest-matcher-utils-30.0.5.tgz 5989ms (cache miss)
8132 http fetch GET 200 https://registry.npmjs.org/minimatch/-/minimatch-3.1.2.tgz 6007ms (cache miss)
8133 http fetch GET 200 https://registry.npmjs.org/@react-native-community/cli-platform-ios/-/cli-platform-ios-20.0.1.tgz 6040ms (cache miss)
8134 http fetch GET 200 https://registry.npmjs.org/babel-plugin-syntax-hermes-parser/-/babel-plugin-syntax-hermes-parser-0.28.1.tgz 6066ms (cache miss)
8135 http fetch GET 200 https://registry.npmjs.org/@react-native/js-polyfills/-/js-polyfills-0.80.0.tgz 6089ms (cache miss)
8136 http fetch GET 200 https://registry.npmjs.org/@babel/core/-/core-7.28.3.tgz 6126ms (cache miss)
8137 http fetch GET 200 https://registry.npmjs.org/eslint-plugin-react/-/eslint-plugin-react-7.37.5.tgz 6167ms (cache miss)
8138 http fetch GET 200 https://registry.npmjs.org/semver/-/semver-7.7.2.tgz 6217ms (cache miss)
8139 http fetch GET 200 https://registry.npmjs.org/commander/-/commander-12.1.0.tgz 6269ms (cache miss)
8140 http fetch GET 200 https://registry.npmjs.org/hermes-parser/-/hermes-parser-0.29.1.tgz 6283ms (cache miss)
8141 http fetch GET 200 https://registry.npmjs.org/semver/-/semver-7.7.2.tgz 6280ms (cache miss)
8142 http fetch GET 200 https://registry.npmjs.org/@babel/types/-/types-7.28.2.tgz 6297ms (cache miss)
8143 http fetch GET 200 https://registry.npmjs.org/eslint-scope/-/eslint-scope-7.2.2.tgz 6298ms (cache miss)
8144 http fetch GET 200 https://registry.npmjs.org/semver/-/semver-7.7.2.tgz 6305ms (cache miss)
8145 http fetch GET 200 https://registry.npmjs.org/hermes-estree/-/hermes-estree-0.28.1.tgz 6305ms (cache miss)
8146 http fetch GET 200 https://registry.npmjs.org/hermes-estree/-/hermes-estree-0.29.1.tgz 6333ms (cache miss)
8147 http fetch GET 200 https://registry.npmjs.org/@react-native-async-storage/async-storage/-/async-storage-2.2.0.tgz 6335ms (cache miss)
8148 http fetch GET 200 https://registry.npmjs.org/@babel/runtime/-/runtime-7.28.3.tgz 6341ms (cache miss)
8149 http fetch GET 200 https://registry.npmjs.org/yargs/-/yargs-15.4.1.tgz 6341ms (cache miss)
8150 http fetch GET 200 https://registry.npmjs.org/@react-native-community/cli-config-android/-/cli-config-android-20.0.1.tgz 6347ms (cache miss)
8151 http fetch GET 200 https://registry.npmjs.org/semver/-/semver-7.7.2.tgz 6356ms (cache miss)
8152 http fetch GET 200 https://registry.npmjs.org/@react-navigation/stack/-/stack-7.4.7.tgz 6376ms (cache miss)
8153 http fetch GET 200 https://registry.npmjs.org/@sentry-internal/replay/-/replay-8.55.0.tgz 6403ms (cache miss)
8154 http fetch GET 200 https://registry.npmjs.org/semver/-/semver-7.7.2.tgz 6366ms (cache miss)
8155 http fetch GET 200 https://registry.npmjs.org/semver/-/semver-7.7.2.tgz 6373ms (cache miss)
8156 http fetch GET 200 https://registry.npmjs.org/@react-native-community/cli-config-apple/-/cli-config-apple-18.0.0.tgz 6388ms (cache miss)
8157 http fetch GET 200 https://registry.npmjs.org/semver/-/semver-7.7.2.tgz 6397ms (cache miss)
8158 http fetch GET 200 https://registry.npmjs.org/@react-native-community/cli-platform-android/-/cli-platform-android-20.0.1.tgz 6465ms (cache miss)
8159 http fetch GET 200 https://registry.npmjs.org/@testing-library/react-native/-/react-native-13.3.2.tgz 6482ms (cache miss)
8160 http fetch GET 200 https://registry.npmjs.org/@react-native-community/cli-tools/-/cli-tools-18.0.0.tgz 6483ms (cache miss)
8161 http fetch GET 200 https://registry.npmjs.org/hermes-parser/-/hermes-parser-0.29.1.tgz 6545ms (cache miss)
8162 http fetch GET 200 https://registry.npmjs.org/react-native-iap/-/react-native-iap-13.0.4.tgz 6560ms (cache miss)
8163 http fetch GET 200 https://registry.npmjs.org/@react-native-community/cli-tools/-/cli-tools-18.0.0.tgz 6546ms (cache miss)
8164 http fetch GET 200 https://registry.npmjs.org/@react-native-community/cli-tools/-/cli-tools-18.0.0.tgz 6545ms (cache miss)
8165 http fetch GET 200 https://registry.npmjs.org/@typescript-eslint/scope-manager/-/scope-manager-7.18.0.tgz 6635ms (cache miss)
8166 http fetch GET 200 https://registry.npmjs.org/resolve/-/resolve-2.0.0-next.5.tgz 6645ms (cache miss)
8167 http fetch GET 200 https://registry.npmjs.org/@typescript-eslint/typescript-estree/-/typescript-estree-5.62.0.tgz 6701ms (cache miss)
8168 http fetch GET 200 https://registry.npmjs.org/hermes-parser/-/hermes-parser-0.28.1.tgz 6699ms (cache miss)
8169 http fetch GET 200 https://registry.npmjs.org/@react-native-community/cli-platform-apple/-/cli-platform-apple-18.0.0.tgz 6712ms (cache miss)
8170 http fetch GET 200 https://registry.npmjs.org/@sentry/browser/-/browser-8.55.0.tgz 6789ms (cache miss)
8171 http fetch GET 200 https://registry.npmjs.org/@typescript-eslint/utils/-/utils-5.62.0.tgz 6880ms (cache miss)
8172 http fetch GET 200 https://registry.npmjs.org/@react-native/codegen/-/codegen-0.80.0.tgz 7067ms (cache miss)
8173 http fetch GET 200 https://registry.npmjs.org/@typescript-eslint/eslint-plugin/-/eslint-plugin-7.18.0.tgz 7159ms (cache miss)
8174 http fetch GET 200 https://registry.npmjs.org/lodash/-/lodash-4.17.21.tgz 7292ms (cache miss)
8175 http fetch GET 200 https://registry.npmjs.org/eslint/-/eslint-8.57.1.tgz 7264ms (cache miss)
8176 warn deprecated eslint@8.57.1: This version is no longer supported. Please see https://eslint.org/version-support for other options.
8177 http fetch GET 200 https://registry.npmjs.org/@typescript-eslint/scope-manager/-/scope-manager-5.62.0.tgz 7271ms (cache miss)
8178 http fetch GET 200 https://registry.npmjs.org/caniuse-lite/-/caniuse-lite-1.0.30001737.tgz 7310ms (cache miss)
8179 http fetch GET 200 https://registry.npmjs.org/prettier/-/prettier-2.8.8.tgz 7285ms (cache miss)
8180 http fetch GET 200 https://registry.npmjs.org/@react-native/debugger-frontend/-/debugger-frontend-0.80.0.tgz 7778ms (cache miss)
8181 http fetch GET 200 https://registry.npmjs.org/@sentry/core/-/core-8.55.0.tgz 7850ms (cache miss)
8182 http fetch GET 200 https://registry.npmjs.org/@sentry/cli-darwin/-/cli-darwin-2.51.1.tgz 7962ms (cache miss)
8183 http fetch GET 200 https://registry.npmjs.org/@sentry/react-native/-/react-native-6.20.0.tgz 8018ms (cache miss)
8184 http fetch GET 200 https://registry.npmjs.org/react-native-sqlite-storage/-/react-native-sqlite-storage-6.0.1.tgz 8177ms (cache miss)
8185 http fetch GET 200 https://registry.npmjs.org/react-native-gesture-handler/-/react-native-gesture-handler-2.28.0.tgz 8203ms (cache miss)
8186 http fetch GET 200 https://registry.npmjs.org/react-native-screens/-/react-native-screens-4.15.2.tgz 8264ms (cache miss)
8187 http fetch GET 200 https://registry.npmjs.org/es-abstract/-/es-abstract-1.24.0.tgz 8441ms (cache miss)
8188 http fetch GET 200 https://registry.npmjs.org/@sinclair/typebox/-/typebox-0.34.40.tgz 8490ms (cache miss)
8189 http fetch GET 200 https://registry.npmjs.org/typescript/-/typescript-5.0.4.tgz 8524ms (cache miss)
8190 http fetch GET 200 https://registry.npmjs.org/react-native-date-picker/-/react-native-date-picker-5.0.13.tgz 8612ms (cache miss)
8191 http fetch GET 200 https://registry.npmjs.org/react-native/-/react-native-0.80.0.tgz 10632ms (cache miss)
8192 info run fsevents@2.3.3 install node_modules/fsevents node-gyp rebuild
8193 info run fsevents@2.3.3 install { code: 1, signal: null }
8194 verbose reify failed optional dependency /Users/bytedance/Desktop/workspace/poker_tracker/fe_poker/node_modules/fsevents
8195 silly reify mark deleted [
8195 silly reify   '/Users/bytedance/Desktop/workspace/poker_tracker/fe_poker/node_modules/fsevents'
8195 silly reify ]
8196 info run @sentry/cli@2.51.1 postinstall node_modules/@sentry/cli node ./scripts/install.js
8197 info run @sentry/cli@2.51.1 postinstall { code: 0, signal: null }
8198 silly ADD node_modules/json-parse-better-errors
8199 silly ADD node_modules/caller-callsite
8200 silly ADD node_modules/caller-callsite/node_modules/callsites
8201 silly ADD node_modules/caller-path
8202 silly ADD node_modules/is-directory
8203 silly ADD node_modules/which-module
8204 silly ADD node_modules/set-blocking
8205 silly ADD node_modules/require-main-filename
8206 silly ADD node_modules/decamelize
8207 silly ADD node_modules/tslib
8208 silly ADD node_modules/tsutils
8209 silly ADD node_modules/@types/semver
8210 silly ADD node_modules/@types/json-schema
8211 silly ADD node_modules/@jest/diff-sequences
8212 silly ADD node_modules/@jest/get-type
8213 silly ADD node_modules/is-docker
8214 silly ADD node_modules/p-try
8215 silly ADD node_modules/sprintf-js
8216 silly ADD node_modules/esprima
8217 silly ADD node_modules/concat-map
8218 silly ADD node_modules/emoji-regex
8219 silly ADD node_modules/wrap-ansi
8220 silly ADD node_modules/yargs-parser
8221 silly ADD node_modules/y18n
8222 silly ADD node_modules/string-width
8223 silly ADD node_modules/string-width/node_modules/is-fullwidth-code-point
8224 silly ADD node_modules/require-directory
8225 silly ADD node_modules/get-caller-file
8226 silly ADD node_modules/cliui
8227 silly ADD node_modules/async-limiter
8228 silly ADD node_modules/is-weakset
8229 silly ADD node_modules/is-weakmap
8230 silly ADD node_modules/is-map
8231 silly ADD node_modules/async-function
8232 silly ADD node_modules/which-collection
8233 silly ADD node_modules/is-generator-function
8234 silly ADD node_modules/is-finalizationregistry
8235 silly ADD node_modules/is-async-function
8236 silly ADD node_modules/is-number-object
8237 silly ADD node_modules/is-boolean-object
8238 silly ADD node_modules/is-bigint
8239 silly ADD node_modules/isexe
8240 silly ADD node_modules/webidl-conversions
8241 silly ADD node_modules/tr46
8242 silly ADD node_modules/clone
8243 silly ADD node_modules/defaults
8244 silly ADD node_modules/tmpl
8245 silly ADD node_modules/makeerror
8246 silly ADD node_modules/punycode
8247 silly ADD node_modules/escalade
8248 silly ADD node_modules/unicode-property-aliases-ecmascript
8249 silly ADD node_modules/unicode-canonical-property-names-ecmascript
8250 silly ADD node_modules/which-boxed-primitive
8251 silly ADD node_modules/has-bigints
8252 silly ADD node_modules/which-builtin-type
8253 silly ADD node_modules/reflect.getprototypeof
8254 silly ADD node_modules/for-each
8255 silly ADD node_modules/media-typer
8256 silly ADD node_modules/is-number
8257 silly ADD node_modules/@jridgewell/source-map
8258 silly ADD node_modules/has-flag
8259 silly ADD node_modules/min-indent
8260 silly ADD node_modules/char-regex
8261 silly ADD node_modules/buffer-from
8262 silly ADD node_modules/is-fullwidth-code-point
8263 silly ADD node_modules/astral-regex
8264 silly ADD node_modules/side-channel-weakmap
8265 silly ADD node_modules/side-channel-map
8266 silly ADD node_modules/side-channel-list
8267 silly ADD node_modules/shebang-regex
8268 silly ADD node_modules/range-parser
8269 silly ADD node_modules/fresh
8270 silly ADD node_modules/etag
8271 silly ADD node_modules/send
8272 silly ADD node_modules/send/node_modules/statuses
8273 silly ADD node_modules/send/node_modules/mime
8274 silly ADD node_modules/send/node_modules/debug
8275 silly ADD node_modules/send/node_modules/debug/node_modules/ms
8276 silly ADD node_modules/isarray
8277 silly ADD node_modules/queue-microtask
8278 silly ADD node_modules/supports-preserve-symlinks-flag
8279 silly ADD node_modules/path-parse
8280 silly ADD node_modules/is-core-module
8281 silly ADD node_modules/unicode-match-property-value-ecmascript
8282 silly ADD node_modules/unicode-match-property-ecmascript
8283 silly ADD node_modules/regjsparser
8284 silly ADD node_modules/regjsparser/node_modules/jsesc
8285 silly ADD node_modules/regjsgen
8286 silly ADD node_modules/regenerate-unicode-properties
8287 silly ADD node_modules/regenerate
8288 silly ADD node_modules/strip-indent
8289 silly ADD node_modules/indent-string
8290 silly ADD node_modules/util-deprecate
8291 silly ADD node_modules/string_decoder
8292 silly ADD node_modules/whatwg-url-without-unicode
8293 silly ADD node_modules/whatwg-url-without-unicode/node_modules/webidl-conversions
8294 silly ADD node_modules/warn-once
8295 silly ADD node_modules/react-native-is-edge-to-edge
8296 silly ADD node_modules/react-freeze
8297 silly ADD node_modules/@revenuecat/purchases-typescript-internal
8298 silly ADD node_modules/@types/hammerjs
8299 silly ADD node_modules/@egjs/hammerjs
8300 silly ADD node_modules/asap
8301 silly ADD node_modules/marky
8302 silly ADD node_modules/mkdirp
8303 silly ADD node_modules/lighthouse-logger
8304 silly ADD node_modules/lighthouse-logger/node_modules/ms
8305 silly ADD node_modules/lighthouse-logger/node_modules/debug
8306 silly ADD node_modules/event-target-shim
8307 silly ADD node_modules/chromium-edge-launcher
8308 silly ADD node_modules/chromium-edge-launcher/node_modules/is-wsl
8309 silly ADD node_modules/chrome-launcher
8310 silly ADD node_modules/chrome-launcher/node_modules/is-wsl
8311 silly ADD node_modules/@react-native/debugger-frontend
8312 silly ADD node_modules/@isaacs/ttlcache
8313 silly ADD node_modules/@react-native/dev-middleware
8314 silly ADD node_modules/@react-native/dev-middleware/node_modules/is-wsl
8315 silly ADD node_modules/@react-native/dev-middleware/node_modules/open
8316 silly ADD node_modules/whatwg-fetch
8317 silly ADD node_modules/stacktrace-parser
8318 silly ADD node_modules/stacktrace-parser/node_modules/type-fest
8319 silly ADD node_modules/scheduler
8320 silly ADD node_modules/regenerator-runtime
8321 silly ADD node_modules/react-devtools-core
8322 silly ADD node_modules/react-devtools-core/node_modules/ws
8323 silly ADD node_modules/promise
8324 silly ADD node_modules/memoize-one
8325 silly ADD node_modules/ansi-regex
8326 silly ADD node_modules/anser
8327 silly ADD node_modules/abort-controller
8328 silly ADD node_modules/@react-native/virtualized-lists
8329 silly ADD node_modules/@react-native/normalize-colors
8330 silly ADD node_modules/@react-native/gradle-plugin
8331 silly ADD node_modules/@react-native/community-cli-plugin
8332 silly ADD node_modules/@react-native/community-cli-plugin/node_modules/semver
8333 silly ADD node_modules/@react-native/assets-registry
8334 silly ADD node_modules/@jest/create-cache-key-function
8335 silly ADD node_modules/strict-uri-encode
8336 silly ADD node_modules/split-on-first
8337 silly ADD node_modules/filter-obj
8338 silly ADD node_modules/decode-uri-component
8339 silly ADD node_modules/object-assign
8340 silly ADD node_modules/sisteransi
8341 silly ADD node_modules/kleur
8342 silly ADD node_modules/is-arrayish
8343 silly ADD node_modules/lines-and-columns
8344 silly ADD node_modules/json-parse-even-better-errors
8345 silly ADD node_modules/error-ex
8346 silly ADD node_modules/yocto-queue
8347 silly ADD node_modules/restore-cursor
8348 silly ADD node_modules/ieee754
8349 silly ADD node_modules/base64-js
8350 silly ADD node_modules/readable-stream
8351 silly ADD node_modules/buffer
8352 silly ADD node_modules/log-symbols
8353 silly ADD node_modules/is-unicode-supported
8354 silly ADD node_modules/is-interactive
8355 silly ADD node_modules/cli-spinners
8356 silly ADD node_modules/cli-cursor
8357 silly ADD node_modules/bl
8358 silly ADD node_modules/word-wrap
8359 silly ADD node_modules/fast-levenshtein
8360 silly ADD node_modules/deep-is
8361 silly ADD node_modules/is-wsl
8362 silly ADD node_modules/mimic-fn
8363 silly ADD node_modules/ee-first
8364 silly ADD node_modules/whatwg-url
8365 silly ADD node_modules/balanced-match
8366 silly ADD node_modules/brace-expansion
8367 silly ADD node_modules/to-regex-range
8368 silly ADD node_modules/fill-range
8369 silly ADD node_modules/braces
8370 silly ADD node_modules/terser
8371 silly ADD node_modules/terser/node_modules/source-map-support
8372 silly ADD node_modules/terser/node_modules/commander
8373 silly ADD node_modules/metro-minify-terser
8374 silly ADD node_modules/vlq
8375 silly ADD node_modules/ob1
8376 silly ADD node_modules/@babel/traverse--for-generate-function-map
8377 silly ADD node_modules/exponential-backoff
8378 silly ADD node_modules/queue
8379 silly ADD node_modules/stackframe
8380 silly ADD node_modules/throat
8381 silly ADD node_modules/serialize-error
8382 silly ADD node_modules/metro-transform-worker
8383 silly ADD node_modules/metro-transform-plugins
8384 silly ADD node_modules/metro-symbolicate
8385 silly ADD node_modules/metro-symbolicate/node_modules/source-map
8386 silly ADD node_modules/metro-source-map
8387 silly ADD node_modules/metro-source-map/node_modules/source-map
8388 silly ADD node_modules/metro-resolver
8389 silly ADD node_modules/metro-file-map
8390 silly ADD node_modules/metro-cache-key
8391 silly ADD node_modules/metro-babel-transformer
8392 silly ADD node_modules/metro-babel-transformer/node_modules/hermes-estree
8393 silly ADD node_modules/metro-babel-transformer/node_modules/hermes-parser
8394 silly ADD node_modules/lodash.throttle
8395 silly ADD node_modules/jsc-safe-url
8396 silly ADD node_modules/image-size
8397 silly ADD node_modules/error-stack-parser
8398 silly ADD node_modules/metro-core
8399 silly ADD node_modules/metro-cache
8400 silly ADD node_modules/metro-cache/node_modules/agent-base
8401 silly ADD node_modules/metro-cache/node_modules/https-proxy-agent
8402 silly ADD node_modules/metro
8403 silly ADD node_modules/metro/node_modules/hermes-estree
8404 silly ADD node_modules/metro/node_modules/ws
8405 silly ADD node_modules/metro/node_modules/source-map
8406 silly ADD node_modules/metro/node_modules/hermes-parser
8407 silly ADD node_modules/metro/node_modules/ci-info
8408 silly ADD node_modules/flow-enums-runtime
8409 silly ADD node_modules/is-plain-obj
8410 silly ADD node_modules/yallist
8411 silly ADD node_modules/slice-ansi
8412 silly ADD node_modules/slice-ansi/node_modules/color-name
8413 silly ADD node_modules/slice-ansi/node_modules/color-convert
8414 silly ADD node_modules/slice-ansi/node_modules/ansi-styles
8415 silly ADD node_modules/colorette
8416 silly ADD node_modules/dayjs
8417 silly ADD node_modules/ansi-fragments
8418 silly ADD node_modules/ansi-fragments/node_modules/ansi-regex
8419 silly ADD node_modules/ansi-fragments/node_modules/strip-ansi
8420 silly ADD node_modules/p-locate
8421 silly ADD node_modules/type-check
8422 silly ADD node_modules/prelude-ls
8423 silly ADD node_modules/shell-quote
8424 silly ADD node_modules/json-buffer
8425 silly ADD node_modules/array.prototype.flat
8426 silly ADD node_modules/argparse
8427 silly ADD node_modules/@sideway/pinpoint
8428 silly ADD node_modules/@sideway/formula
8429 silly ADD node_modules/@sideway/address
8430 silly ADD node_modules/@hapi/topo
8431 silly ADD node_modules/@hapi/hoek
8432 silly ADD node_modules/leven
8433 silly ADD node_modules/callsites
8434 silly ADD node_modules/strip-bom
8435 silly ADD node_modules/cjs-module-lexer
8436 silly ADD node_modules/@jest/source-map
8437 silly ADD node_modules/@jest/globals
8438 silly ADD node_modules/detect-newline
8439 silly ADD node_modules/source-map-support
8440 silly ADD node_modules/jest-leak-detector
8441 silly ADD node_modules/jest-docblock
8442 silly ADD node_modules/emittery
8443 silly ADD node_modules/resolve.exports
8444 silly ADD node_modules/jest-pnp-resolver
8445 silly ADD node_modules/@types/stack-utils
8446 silly ADD node_modules/node-int64
8447 silly ADD node_modules/bser
8448 silly ADD node_modules/picomatch
8449 silly ADD node_modules/normalize-path
8450 silly ADD node_modules/walker
8451 silly ADD
8452 silly ADD node_modules/fb-watchman
8453 silly ADD node_modules/anymatch
8454 silly ADD node_modules/@types/graceful-fs
8455 silly ADD node_modules/diff-sequences
8456 silly ADD node_modules/type-detect
8457 silly ADD node_modules/@sinonjs/commons
8458 silly ADD node_modules/@sinonjs/fake-timers
8459 silly ADD node_modules/jest-mock
8460 silly ADD node_modules/@jest/fake-timers
8461 silly ADD node_modules/stack-utils
8462 silly ADD node_modules/stack-utils/node_modules/escape-string-regexp
8463 silly ADD node_modules/pure-rand
8464 silly ADD node_modules/jest-each
8465 silly ADD node_modules/is-generator-fn
8466 silly ADD node_modules/dedent
8467 silly ADD node_modules/co
8468 silly ADD node_modules/@jest/expect
8469 silly ADD node_modules/@jest/environment
8470 silly ADD node_modules/@babel/plugin-syntax-top-level-await
8471 silly ADD node_modules/@babel/plugin-syntax-private-property-in-object
8472 silly ADD node_modules/@babel/plugin-syntax-optional-catch-binding
8473 silly ADD node_modules/@babel/plugin-syntax-object-rest-spread
8474 silly ADD node_modules/@babel/plugin-syntax-numeric-separator
8475 silly ADD node_modules/@babel/plugin-syntax-logical-assignment-operators
8476 silly ADD node_modules/@babel/plugin-syntax-json-strings
8477 silly ADD node_modules/@babel/plugin-syntax-import-meta
8478 silly ADD node_modules/@babel/plugin-syntax-class-static-block
8479 silly ADD node_modules/@babel/plugin-syntax-class-properties
8480 silly ADD node_modules/@babel/plugin-syntax-bigint
8481 silly ADD node_modules/@babel/plugin-syntax-async-generators
8482 silly ADD node_modules/babel-preset-current-node-syntax
8483 silly ADD node_modules/babel-plugin-jest-hoist
8484 silly ADD node_modules/@types/babel__traverse
8485 silly ADD node_modules/@types/babel__template
8486 silly ADD node_modules/@types/babel__generator
8487 silly ADD node_modules/babel-preset-jest
8488 silly ADD node_modules/@types/babel__core
8489 silly ADD node_modules/jest-environment-node
8490 silly ADD node_modules/jest-circus
8491 silly ADD node_modules/babel-jest
8492 silly ADD node_modules/@jest/test-sequencer
8493 silly ADD node_modules/create-jest
8494 silly ADD node_modules/p-limit
8495 silly ADD node_modules/html-escaper
8496 silly ADD node_modules/source-map
8497 silly ADD node_modules/make-dir
8498 silly ADD node_modules/make-dir/node_modules/semver
8499 silly ADD node_modules/resolve-cwd
8500 silly ADD node_modules/resolve-cwd/node_modules/resolve-from
8501 silly ADD node_modules/pkg-dir
8502 silly ADD node_modules/pkg-dir/node_modules/p-limit
8503 silly ADD node_modules/pkg-dir/node_modules/p-locate
8504 silly ADD node_modules/pkg-dir/node_modules/locate-path
8505 silly ADD node_modules/pkg-dir/node_modules/find-up
8506 silly ADD node_modules/get-package-type
8507 silly ADD node_modules/camelcase
8508 silly ADD node_modules/test-exclude
8509 silly ADD node_modules/test-exclude/node_modules/brace-expansion
8510 silly ADD node_modules/test-exclude/node_modules/minimatch
8511 silly ADD node_modules/@istanbuljs/schema
8512 silly ADD node_modules/@istanbuljs/load-nyc-config
8513 silly ADD node_modules/@istanbuljs/load-nyc-config/node_modules/p-limit
8514 silly ADD node_modules/@istanbuljs/load-nyc-config/node_modules/p-locate
8515 silly ADD node_modules/@istanbuljs/load-nyc-config/node_modules/argparse
8516 silly ADD node_modules/@istanbuljs/load-nyc-config/node_modules/locate-path
8517 silly ADD node_modules/@istanbuljs/load-nyc-config/node_modules/resolve-from
8518 silly ADD node_modules/@istanbuljs/load-nyc-config/node_modules/js-yaml
8519 silly ADD node_modules/@istanbuljs/load-nyc-config/node_modules/find-up
8520 silly ADD node_modules/@types/yargs-parser
8521 silly ADD node_modules/undici-types
8522 silly ADD node_modules/@types/istanbul-lib-report
8523 silly ADD node_modules/@sinclair/typebox
8524 silly ADD node_modules/@types/yargs
8525 silly ADD node_modules/@types/istanbul-reports
8526 silly ADD node_modules/@jest/schemas
8527 silly ADD node_modules/write-file-atomic
8528 silly ADD node_modules/pirates
8529 silly ADD node_modules/babel-plugin-istanbul
8530 silly ADD node_modules/babel-plugin-istanbul/node_modules/istanbul-lib-instrument
8531 silly ADD node_modules/@types/istanbul-lib-coverage
8532 silly ADD node_modules/v8-to-istanbul
8533 silly ADD node_modules/string-length
8534 silly ADD node_modules/jest-worker
8535 silly ADD node_modules/jest-worker/node_modules/supports-color
8536 silly ADD node_modules/istanbul-reports
8537 silly ADD node_modules/istanbul-lib-source-maps
8538 silly ADD node_modules/istanbul-lib-report
8539 silly ADD node_modules/istanbul-lib-instrument
8540 silly ADD node_modules/istanbul-lib-instrument/node_modules/semver
8541 silly ADD node_modules/istanbul-lib-coverage
8542 silly ADD node_modules/collect-v8-coverage
8543 silly ADD node_modules/@bcoe/v8-coverage
8544 silly ADD node_modules/jest-watcher
8545 silly ADD node_modules/jest-validate
8546 silly ADD node_modules/jest-validate/node_modules/camelcase
8547 silly ADD node_modules/jest-snapshot
8548 silly ADD node_modules/jest-snapshot/node_modules/semver
8549 silly ADD node_modules/jest-runtime
8550 silly ADD node_modules/jest-runner
8551 silly ADD node_modules/jest-resolve-dependencies
8552 silly ADD node_modules/jest-resolve
8553 silly ADD node_modules/jest-regex-util
8554 silly ADD node_modules/jest-haste-map
8555 silly ADD node_modules/jest-config
8556 silly ADD node_modules/jest-changed-files
8557 silly ADD node_modules/exit
8558 silly ADD node_modules/ci-info
8559 silly ADD node_modules/ansi-escapes
8560 silly ADD node_modules/ansi-escapes/node_modules/type-fest
8561 silly ADD node_modules/@types/node
8562 silly ADD node_modules/@jest/transform
8563 silly ADD node_modules/@jest/test-result
8564 silly ADD node_modules/@jest/reporters
8565 silly ADD node_modules/@jest/console
8566 silly ADD node_modules/jest-cli
8567 silly ADD node_modules/import-local
8568 silly ADD node_modules/@jest/types
8569 silly ADD node_modules/@jest/core
8570 silly ADD node_modules/set-function-name
8571 silly ADD node_modules/is-extglob
8572 silly ADD node_modules/loose-envify
8573 silly ADD node_modules/side-channel
8574 silly ADD node_modules/wrappy
8575 silly ADD node_modules/resolve-from
8576 silly ADD node_modules/parent-module
8577 silly ADD node_modules/safer-buffer
8578 silly ADD node_modules/agent-base
8579 silly ADD node_modules/toidentifier
8580 silly ADD node_modules/setprototypeof
8581 silly ADD node_modules/hermes-estree
8582 silly ADD node_modules/path-type
8583 silly ADD node_modules/slash
8584 silly ADD node_modules/dir-glob
8585 silly ADD node_modules/array-union
8586 silly ADD node_modules/type-fest
8587 silly ADD node_modules/path-is-absolute
8588 silly ADD node_modules/once
8589 silly ADD node_modules/inherits
8590 silly ADD node_modules/inflight
8591 silly ADD node_modules/fs.realpath
8592 silly ADD node_modules/dunder-proto
8593 silly ADD node_modules/functions-have-names
8594 silly ADD node_modules/universalify
8595 silly ADD node_modules/jsonfile
8596 silly ADD node_modules/rimraf
8597 silly ADD node_modules/keyv
8598 silly ADD node_modules/flatted
8599 silly ADD node_modules/path-exists
8600 silly ADD node_modules/locate-path
8601 silly ADD node_modules/statuses
8602 silly ADD node_modules/encodeurl
8603 silly ADD node_modules/flat-cache
8604 silly ADD node_modules/reusify
8605 silly ADD node_modules/strnum
8606 silly ADD node_modules/micromatch
8607 silly ADD node_modules/merge2
8608 silly ADD node_modules/jest-util
8609 silly ADD node_modules/jest-message-util
8610 silly ADD node_modules/jest-get-type
8611 silly ADD node_modules/@jest/expect-utils
8612 silly ADD node_modules/strip-final-newline
8613 silly ADD node_modules/signal-exit
8614 silly ADD node_modules/onetime
8615 silly ADD node_modules/npm-run-path
8616 silly ADD node_modules/merge-stream
8617 silly ADD node_modules/is-stream
8618 silly ADD node_modules/human-signals
8619 silly ADD node_modules/get-stream
8620 silly ADD node_modules/acorn-jsx
8621 silly ADD node_modules/acorn
8622 silly ADD node_modules/esrecurse
8623 silly ADD node_modules/eslint-plugin-react-native-globals
8624 silly ADD node_modules/is-symbol
8625 silly ADD node_modules/is-date-object
8626 silly ADD node_modules/has-tostringtag
8627 silly ADD node_modules/iterator.prototype
8628 silly ADD node_modules/possible-typed-array-names
8629 silly ADD node_modules/which-typed-array
8630 silly ADD node_modules/unbox-primitive
8631 silly ADD node_modules/typed-array-length
8632 silly ADD node_modules/typed-array-byte-offset
8633 silly ADD node_modules/typed-array-byte-length
8634 silly ADD node_modules/typed-array-buffer
8635 silly ADD node_modules/string.prototype.trimstart
8636 silly ADD node_modules/string.prototype.trimend
8637 silly ADD node_modules/string.prototype.trim
8638 silly ADD node_modules/stop-iteration-iterator
8639 silly ADD node_modules/set-proto
8640 silly ADD node_modules/safe-regex-test
8641 silly ADD node_modules/safe-push-apply
8642 silly ADD node_modules/safe-array-concat
8643 silly ADD node_modules/regexp.prototype.flags
8644 silly ADD node_modules/own-keys
8645 silly ADD node_modules/object.assign
8646 silly ADD node_modules/object-inspect
8647 silly ADD node_modules/is-weakref
8648 silly ADD node_modules/is-typed-array
8649 silly ADD node_modules/is-shared-array-buffer
8650 silly ADD node_modules/is-set
8651 silly ADD node_modules/is-regex
8652 silly ADD node_modules/is-negative-zero
8653 silly ADD node_modules/is-data-view
8654 silly ADD node_modules/is-callable
8655 silly ADD node_modules/is-array-buffer
8656 silly ADD node_modules/internal-slot
8657 silly ADD node_modules/has-symbols
8658 silly ADD node_modules/has-proto
8659 silly ADD node_modules/globalthis
8660 silly ADD node_modules/get-symbol-description
8661 silly ADD node_modules/get-proto
8662 silly ADD node_modules/function.prototype.name
8663 silly ADD node_modules/es-to-primitive
8664 silly ADD node_modules/es-set-tostringtag
8665 silly ADD node_modules/data-view-byte-offset
8666 silly ADD node_modules/data-view-byte-length
8667 silly ADD node_modules/data-view-buffer
8668 silly ADD node_modules/available-typed-arrays
8669 silly ADD node_modules/arraybuffer.prototype.slice
8670 silly ADD node_modules/array-buffer-byte-length
8671 silly ADD node_modules/gopd
8672 silly ADD node_modules/object-keys
8673 silly ADD node_modules/has-property-descriptors
8674 silly ADD node_modules/define-data-property
8675 silly ADD node_modules/function-bind
8676 silly ADD node_modules/set-function-length
8677 silly ADD node_modules/es-define-property
8678 silly ADD node_modules/call-bind-apply-helpers
8679 silly ADD node_modules/es-shim-unscopables
8680 silly ADD node_modules/es-errors
8681 silly ADD node_modules/math-intrinsics
8682 silly ADD node_modules/is-string
8683 silly ADD node_modules/get-intrinsic
8684 silly ADD node_modules/es-object-atoms
8685 silly ADD node_modules/es-abstract
8686 silly ADD node_modules/define-properties
8687 silly ADD node_modules/call-bound
8688 silly ADD node_modules/call-bind
8689 silly ADD node_modules/string.prototype.repeat
8690 silly ADD node_modules/string.prototype.matchall
8691 silly ADD node_modules/prop-types
8692 silly ADD node_modules/prop-types/node_modules/react-is
8693 silly ADD node_modules/object.values
8694 silly ADD node_modules/object.fromentries
8695 silly ADD node_modules/object.entries
8696 silly ADD node_modules/jsx-ast-utils
8697 silly ADD node_modules/hasown
8698 silly ADD node_modules/estraverse
8699 silly ADD node_modules/es-iterator-helpers
8700 silly ADD node_modules/array.prototype.tosorted
8701 silly ADD node_modules/array.prototype.flatmap
8702 silly ADD node_modules/array.prototype.findlast
8703 silly ADD node_modules/array-includes
8704 silly ADD node_modules/string-natural-compare
8705 silly ADD node_modules/lodash
8706 silly ADD node_modules/shebang-command
8707 silly ADD node_modules/path-key
8708 silly ADD node_modules/uri-js
8709 silly ADD node_modules/json-schema-traverse
8710 silly ADD node_modules/fast-json-stable-stringify
8711 silly ADD node_modules/run-parallel
8712 silly ADD node_modules/@nodelib/fs.stat
8713 silly ADD node_modules/fastq
8714 silly ADD node_modules/@nodelib/fs.scandir
8715 silly ADD node_modules/@humanwhocodes/object-schema
8716 silly ADD node_modules/strip-json-comments
8717 silly ADD node_modules/text-table
8718 silly ADD node_modules/strip-ansi
8719 silly ADD node_modules/optionator
8720 silly ADD node_modules/lodash.merge
8721 silly ADD node_modules/levn
8722 silly ADD node_modules/json-stable-stringify-without-jsonify
8723 silly ADD node_modules/is-path-inside
8724 silly ADD node_modules/imurmurhash
8725 silly ADD node_modules/globals
8726 silly ADD node_modules/glob-parent
8727 silly ADD node_modules/file-entry-cache
8728 silly ADD node_modules/esquery
8729 silly ADD node_modules/espree
8730 silly ADD node_modules/espree/node_modules/eslint-visitor-keys
8731 silly ADD node_modules/doctrine
8732 silly ADD node_modules/cross-spawn
8733 silly ADD node_modules/ajv
8734 silly ADD node_modules/@ungap/structured-clone
8735 silly ADD node_modules/@nodelib/fs.walk
8736 silly ADD node_modules/@humanwhocodes/module-importer
8737 silly ADD node_modules/@humanwhocodes/config-array
8738 silly ADD node_modules/@humanwhocodes/config-array/node_modules/brace-expansion
8739 silly ADD node_modules/@humanwhocodes/config-array/node_modules/minimatch
8740 silly ADD node_modules/@eslint/js
8741 silly ADD node_modules/@eslint/eslintrc
8742 silly ADD node_modules/@eslint/eslintrc/node_modules/brace-expansion
8743 silly ADD node_modules/@eslint/eslintrc/node_modules/minimatch
8744 silly ADD node_modules/mime-types
8745 silly ADD node_modules/mime-types/node_modules/mime-db
8746 silly ADD node_modules/escape-html
8747 silly ADD node_modules/accepts
8748 silly ADD node_modules/accepts/node_modules/negotiator
8749 silly ADD node_modules/ms
8750 silly ADD node_modules/parse-json
8751 silly ADD node_modules/js-yaml
8752 silly ADD node_modules/import-fresh
8753 silly ADD node_modules/env-paths
8754 silly ADD node_modules/utils-merge
8755 silly ADD node_modules/parseurl
8756 silly ADD node_modules/finalhandler
8757 silly ADD node_modules/finalhandler/node_modules/ms
8758 silly ADD node_modules/finalhandler/node_modules/on-finished
8759 silly ADD node_modules/finalhandler/node_modules/debug
8760 silly ADD node_modules/mime-db
8761 silly ADD node_modules/vary
8762 silly ADD node_modules/safe-buffer
8763 silly ADD node_modules/on-headers
8764 silly ADD node_modules/negotiator
8765 silly ADD node_modules/compressible
8766 silly ADD node_modules/simple-swizzle
8767 silly ADD node_modules/simple-swizzle/node_modules/is-arrayish
8768 silly ADD node_modules/color-name
8769 silly ADD node_modules/color-string
8770 silly ADD node_modules/color-convert
8771 silly ADD node_modules/supports-color
8772 silly ADD node_modules/ansi-styles
8773 silly ADD node_modules/update-browserslist-db
8774 silly ADD node_modules/node-releases
8775 silly ADD node_modules/electron-to-chromium
8776 silly ADD node_modules/caniuse-lite
8777 silly ADD node_modules/unpipe
8778 silly ADD node_modules/type-is
8779 silly ADD node_modules/raw-body
8780 silly ADD node_modules/qs
8781 silly ADD node_modules/on-finished
8782 silly ADD node_modules/iconv-lite
8783 silly ADD node_modules/http-errors
8784 silly ADD node_modules/http-errors/node_modules/statuses
8785 silly ADD node_modules/destroy
8786 silly ADD node_modules/depd
8787 silly ADD node_modules/content-type
8788 silly ADD node_modules/bytes
8789 silly ADD node_modules/resolve
8790 silly ADD node_modules/lodash.debounce
8791 silly ADD node_modules/@babel/helper-define-polyfill-provider
8792 silly ADD node_modules/@eslint-community/eslint-utils
8793 silly ADD node_modules/@eslint-community/eslint-utils/node_modules/eslint-visitor-keys
8794 silly ADD node_modules/minimatch
8795 silly ADD node_modules/is-glob
8796 silly ADD node_modules/globby
8797 silly ADD node_modules/@typescript-eslint/typescript-estree
8798 silly ADD node_modules/@typescript-eslint/typescript-estree/node_modules/semver
8799 silly ADD node_modules/@typescript-eslint/types
8800 silly ADD node_modules/ts-api-utils
8801 silly ADD node_modules/natural-compare
8802 silly ADD node_modules/ignore
8803 silly ADD node_modules/graphemer
8804 silly ADD node_modules/@typescript-eslint/visitor-keys
8805 silly ADD node_modules/@typescript-eslint/visitor-keys/node_modules/eslint-visitor-keys
8806 silly ADD node_modules/@typescript-eslint/utils
8807 silly ADD node_modules/@typescript-eslint/type-utils
8808 silly ADD node_modules/@typescript-eslint/scope-manager
8809 silly ADD node_modules/@eslint-community/regexpp
8810 silly ADD node_modules/csstype
8811 silly ADD node_modules/expect
8812 silly ADD node_modules/redent
8813 silly ADD node_modules/jest-matcher-utils
8814 silly ADD node_modules/jest-diff
8815 silly ADD node_modules/hoist-non-react-statics
8816 silly ADD node_modules/hoist-non-react-statics/node_modules/react-is
8817 silly ADD node_modules/which
8818 silly ADD node_modules/proxy-from-env
8819 silly ADD node_modules/progress
8820 silly ADD node_modules/node-fetch
8821 silly ADD node_modules/https-proxy-agent
8822 silly ADD
8823 silly ADD
8824 silly ADD
8825 silly ADD
8826 silly ADD
8827 silly ADD
8828 silly ADD
8829 silly ADD node_modules/@sentry/cli-darwin
8830 silly ADD node_modules/@sentry-internal/replay-canvas
8831 silly ADD node_modules/@sentry-internal/replay
8832 silly ADD node_modules/@sentry-internal/feedback
8833 silly ADD node_modules/@sentry-internal/browser-utils
8834 silly ADD node_modules/@sentry/utils
8835 silly ADD node_modules/@sentry/types
8836 silly ADD node_modules/@sentry/react
8837 silly ADD node_modules/@sentry/core
8838 silly ADD node_modules/@sentry/cli
8839 silly ADD node_modules/@sentry/browser
8840 silly ADD node_modules/@sentry/babel-plugin-component-annotate
8841 silly ADD node_modules/react-is
8842 silly ADD node_modules/query-string
8843 silly ADD node_modules/@react-navigation/routers
8844 silly ADD node_modules/nanoid
8845 silly ADD node_modules/fast-deep-equal
8846 silly ADD node_modules/escape-string-regexp
8847 silly ADD node_modules/@react-navigation/core
8848 silly ADD node_modules/use-sync-external-store
8849 silly ADD node_modules/use-latest-callback
8850 silly ADD node_modules/color
8851 silly ADD node_modules/@react-navigation/elements
8852 silly ADD node_modules/metro-runtime
8853 silly ADD node_modules/metro-config
8854 silly ADD node_modules/metro-config/node_modules/argparse
8855 silly ADD node_modules/metro-config/node_modules/resolve-from
8856 silly ADD node_modules/metro-config/node_modules/parse-json
8857 silly ADD node_modules/metro-config/node_modules/js-yaml
8858 silly ADD node_modules/metro-config/node_modules/import-fresh
8859 silly ADD node_modules/metro-config/node_modules/cosmiconfig
8860 silly ADD node_modules/@react-native/metro-babel-transformer
8861 silly ADD node_modules/@react-native/js-polyfills
8862 silly ADD node_modules/eslint-scope
8863 silly ADD node_modules/eslint-scope/node_modules/estraverse
8864 silly ADD node_modules/eslint-visitor-keys
8865 silly ADD node_modules/@nicolo-ribaudo/eslint-scope-5-internals
8866 silly ADD node_modules/eslint-plugin-react-native
8867 silly ADD node_modules/eslint-plugin-react-hooks
8868 silly ADD node_modules/eslint-plugin-react
8869 silly ADD node_modules/eslint-plugin-react/node_modules/brace-expansion
8870 silly ADD node_modules/eslint-plugin-react/node_modules/resolve
8871 silly ADD node_modules/eslint-plugin-react/node_modules/minimatch
8872 silly ADD node_modules/eslint-plugin-react/node_modules/doctrine
8873 silly ADD node_modules/eslint-plugin-jest
8874 silly ADD node_modules/eslint-plugin-jest/node_modules/eslint-visitor-keys
8875 silly ADD node_modules/eslint-plugin-jest/node_modules/@typescript-eslint/visitor-keys
8876 silly ADD node_modules/eslint-plugin-jest/node_modules/semver
8877 silly ADD node_modules/eslint-plugin-jest/node_modules/@typescript-eslint/typescript-estree
8878 silly ADD node_modules/eslint-plugin-jest/node_modules/@typescript-eslint/types
8879 silly ADD node_modules/eslint-plugin-jest/node_modules/@typescript-eslint/scope-manager
8880 silly ADD node_modules/eslint-plugin-jest/node_modules/@typescript-eslint/utils
8881 silly ADD node_modules/eslint-plugin-ft-flow
8882 silly ADD node_modules/eslint-plugin-eslint-comments
8883 silly ADD node_modules/eslint-plugin-eslint-comments/node_modules/escape-string-regexp
8884 silly ADD node_modules/eslint-config-prettier
8885 silly ADD node_modules/@typescript-eslint/parser
8886 silly ADD node_modules/@typescript-eslint/eslint-plugin
8887 silly ADD node_modules/@react-native/eslint-plugin
8888 silly ADD node_modules/@babel/eslint-parser
8889 silly ADD node_modules/yargs
8890 silly ADD node_modules/nullthrows
8891 silly ADD node_modules/hermes-parser
8892 silly ADD node_modules/glob
8893 silly ADD node_modules/glob/node_modules/brace-expansion
8894 silly ADD node_modules/glob/node_modules/minimatch
8895 silly ADD node_modules/@react-native/codegen
8896 silly ADD node_modules/@babel/plugin-syntax-typescript
8897 silly ADD node_modules/@babel/plugin-syntax-jsx
8898 silly ADD node_modules/@babel/plugin-syntax-flow
8899 silly ADD node_modules/react-refresh
8900 silly ADD node_modules/babel-plugin-transform-flow-enums
8901 silly ADD node_modules/babel-plugin-syntax-hermes-parser
8902 silly ADD node_modules/@react-native/babel-plugin-codegen
8903 silly ADD node_modules/@babel/plugin-transform-typescript
8904 silly ADD node_modules/@babel/plugin-transform-runtime
8905 silly ADD node_modules/@babel/plugin-transform-react-jsx-source
8906 silly ADD node_modules/@babel/plugin-transform-react-jsx-self
8907 silly ADD node_modules/@babel/plugin-transform-react-jsx
8908 silly ADD node_modules/@babel/plugin-transform-react-display-name
8909 silly ADD node_modules/@babel/plugin-transform-flow-strip-types
8910 silly ADD node_modules/@babel/plugin-syntax-optional-chaining
8911 silly ADD node_modules/@babel/plugin-syntax-nullish-coalescing-operator
8912 silly ADD node_modules/@babel/plugin-syntax-export-default-from
8913 silly ADD node_modules/@babel/plugin-syntax-dynamic-import
8914 silly ADD node_modules/@babel/plugin-proposal-export-default-from
8915 silly ADD node_modules/mime
8916 silly ADD node_modules/launch-editor
8917 silly ADD node_modules/appdirsjs
8918 silly ADD node_modules/@vscode/sudo-prompt
8919 silly ADD node_modules/ws
8920 silly ADD node_modules/serve-static
8921 silly ADD node_modules/serve-static/node_modules/encodeurl
8922 silly ADD node_modules/pretty-format
8923 silly ADD node_modules/pretty-format/node_modules/react-is
8924 silly ADD node_modules/pretty-format/node_modules/ansi-styles
8925 silly ADD node_modules/open
8926 silly ADD node_modules/nocache
8927 silly ADD node_modules/errorhandler
8928 silly ADD node_modules/connect
8929 silly ADD node_modules/connect/node_modules/ms
8930 silly ADD node_modules/connect/node_modules/debug
8931 silly ADD node_modules/compression
8932 silly ADD node_modules/compression/node_modules/ms
8933 silly ADD node_modules/compression/node_modules/debug
8934 silly ADD node_modules/body-parser
8935 silly ADD node_modules/body-parser/node_modules/ms
8936 silly ADD node_modules/body-parser/node_modules/debug
8937 silly ADD node_modules/@react-native-community/cli-config-apple
8938 silly ADD node_modules/fast-xml-parser
8939 silly ADD node_modules/logkitty
8940 silly ADD node_modules/logkitty/node_modules/p-limit
8941 silly ADD node_modules/logkitty/node_modules/p-locate
8942 silly ADD node_modules/logkitty/node_modules/locate-path
8943 silly ADD node_modules/logkitty/node_modules/wrap-ansi
8944 silly ADD node_modules/logkitty/node_modules/yargs-parser
8945 silly ADD node_modules/logkitty/node_modules/y18n
8946 silly ADD node_modules/logkitty/node_modules/find-up
8947 silly ADD node_modules/logkitty/node_modules/cliui
8948 silly ADD node_modules/logkitty/node_modules/yargs
8949 silly ADD node_modules/@react-native-community/cli-config-android
8950 silly ADD node_modules/@react-native-community/cli-config-android/node_modules/semver
8951 silly ADD node_modules/@react-native-community/cli-config-android/node_modules/@react-native-community/cli-tools
8952 silly ADD node_modules/yaml
8953 silly ADD node_modules/wcwidth
8954 silly ADD node_modules/ora
8955 silly ADD node_modules/node-stream-zip
8956 silly ADD node_modules/envinfo
8957 silly ADD node_modules/command-exists
8958 silly ADD node_modules/@react-native-community/cli-platform-apple
8959 silly ADD node_modules/joi
8960 silly ADD node_modules/cosmiconfig
8961 silly ADD node_modules/fast-glob
8962 silly ADD node_modules/fast-glob/node_modules/glob-parent
8963 silly ADD node_modules/prompts
8964 silly ADD node_modules/graceful-fs
8965 silly ADD node_modules/fs-extra
8966 silly ADD node_modules/find-up
8967 silly ADD node_modules/execa
8968 silly ADD node_modules/deepmerge
8969 silly ADD node_modules/commander
8970 silly ADD node_modules/chalk
8971 silly ADD node_modules/@react-native-community/cli-types
8972 silly ADD node_modules/@react-native-community/cli-tools
8973 silly ADD node_modules/@react-native-community/cli-tools/node_modules/semver
8974 silly ADD node_modules/@react-native-community/cli-server-api
8975 silly ADD node_modules/@react-native-community/cli-doctor
8976 silly ADD node_modules/@react-native-community/cli-doctor/node_modules/@react-native-community/cli-config-android
8977 silly ADD node_modules/@react-native-community/cli-doctor/node_modules/semver
8978 silly ADD node_modules/@react-native-community/cli-doctor/node_modules/@react-native-community/cli-platform-ios
8979 silly ADD node_modules/@react-native-community/cli-doctor/node_modules/@react-native-community/cli-platform-android
8980 silly ADD node_modules/@react-native-community/cli-config
8981 silly ADD node_modules/@react-native-community/cli-clean
8982 silly ADD node_modules/merge-options
8983 silly ADD node_modules/@jridgewell/resolve-uri
8984 silly ADD node_modules/@jridgewell/sourcemap-codec
8985 silly ADD node_modules/@babel/helper-string-parser
8986 silly ADD node_modules/esutils
8987 silly ADD node_modules/@babel/helper-globals
8988 silly ADD node_modules/@babel/helper-replace-supers
8989 silly ADD node_modules/@babel/helper-optimise-call-expression
8990 silly ADD node_modules/@babel/helper-member-expression-to-functions
8991 silly ADD node_modules/@babel/helper-create-class-features-plugin
8992 silly ADD node_modules/@babel/helper-wrap-function
8993 silly ADD node_modules/@babel/helper-remap-async-to-generator
8994 silly ADD node_modules/regexpu-core
8995 silly ADD node_modules/@babel/helper-annotate-as-pure
8996 silly ADD node_modules/@babel/helper-create-regexp-features-plugin
8997 silly ADD node_modules/@babel/helper-skip-transparent-expression-wrappers
8998 silly ADD node_modules/core-js-compat
8999 silly ADD node_modules/babel-plugin-polyfill-regenerator
9000 silly ADD node_modules/babel-plugin-polyfill-corejs3
9001 silly ADD node_modules/babel-plugin-polyfill-corejs2
9002 silly ADD node_modules/@babel/preset-modules
9003 silly ADD node_modules/@babel/plugin-transform-unicode-sets-regex
9004 silly ADD node_modules/@babel/plugin-transform-unicode-regex
9005 silly ADD node_modules/@babel/plugin-transform-unicode-property-regex
9006 silly ADD node_modules/@babel/plugin-transform-unicode-escapes
9007 silly ADD node_modules/@babel/plugin-transform-typeof-symbol
9008 silly ADD node_modules/@babel/plugin-transform-template-literals
9009 silly ADD node_modules/@babel/plugin-transform-sticky-regex
9010 silly ADD node_modules/@babel/plugin-transform-spread
9011 silly ADD node_modules/@babel/plugin-transform-shorthand-properties
9012 silly ADD node_modules/@babel/plugin-transform-reserved-words
9013 silly ADD node_modules/@babel/plugin-transform-regexp-modifiers
9014 silly ADD node_modules/@babel/plugin-transform-regenerator
9015 silly ADD node_modules/@babel/plugin-transform-property-literals
9016 silly ADD node_modules/@babel/plugin-transform-private-property-in-object
9017 silly ADD node_modules/@babel/plugin-transform-private-methods
9018 silly ADD node_modules/@babel/plugin-transform-parameters
9019 silly ADD node_modules/@babel/plugin-transform-optional-chaining
9020 silly ADD node_modules/@babel/plugin-transform-optional-catch-binding
9021 silly ADD node_modules/@babel/plugin-transform-object-super
9022 silly ADD node_modules/@babel/plugin-transform-object-rest-spread
9023 silly ADD node_modules/@babel/plugin-transform-numeric-separator
9024 silly ADD node_modules/@babel/plugin-transform-nullish-coalescing-operator
9025 silly ADD node_modules/@babel/plugin-transform-new-target
9026 silly ADD node_modules/@babel/plugin-transform-named-capturing-groups-regex
9027 silly ADD node_modules/@babel/plugin-transform-modules-umd
9028 silly ADD node_modules/@babel/plugin-transform-modules-systemjs
9029 silly ADD node_modules/@babel/plugin-transform-modules-commonjs
9030 silly ADD node_modules/@babel/plugin-transform-modules-amd
9031 silly ADD node_modules/@babel/plugin-transform-member-expression-literals
9032 silly ADD node_modules/@babel/plugin-transform-logical-assignment-operators
9033 silly ADD node_modules/@babel/plugin-transform-literals
9034 silly ADD node_modules/@babel/plugin-transform-json-strings
9035 silly ADD node_modules/@babel/plugin-transform-function-name
9036 silly ADD node_modules/@babel/plugin-transform-for-of
9037 silly ADD node_modules/@babel/plugin-transform-export-namespace-from
9038 silly ADD node_modules/@babel/plugin-transform-exponentiation-operator
9039 silly ADD node_modules/@babel/plugin-transform-explicit-resource-management
9040 silly ADD node_modules/@babel/plugin-transform-dynamic-import
9041 silly ADD node_modules/@babel/plugin-transform-duplicate-named-capturing-groups-regex
9042 silly ADD node_modules/@babel/plugin-transform-duplicate-keys
9043 silly ADD node_modules/@babel/plugin-transform-dotall-regex
9044 silly ADD node_modules/@babel/plugin-transform-destructuring
9045 silly ADD node_modules/@babel/plugin-transform-computed-properties
9046 silly ADD node_modules/@babel/plugin-transform-classes
9047 silly ADD node_modules/@babel/plugin-transform-class-static-block
9048 silly ADD node_modules/@babel/plugin-transform-class-properties
9049 silly ADD node_modules/@babel/plugin-transform-block-scoping
9050 silly ADD node_modules/@babel/plugin-transform-block-scoped-functions
9051 silly ADD node_modules/@babel/plugin-transform-async-to-generator
9052 silly ADD node_modules/@babel/plugin-transform-async-generator-functions
9053 silly ADD node_modules/@babel/plugin-transform-arrow-functions
9054 silly ADD node_modules/@babel/plugin-syntax-unicode-sets-regex
9055 silly ADD node_modules/@babel/plugin-syntax-import-attributes
9056 silly ADD node_modules/@babel/plugin-syntax-import-assertions
9057 silly ADD node_modules/@babel/plugin-proposal-private-property-in-object
9058 silly ADD node_modules/@babel/plugin-bugfix-v8-static-class-fields-redefine-readonly
9059 silly ADD node_modules/@babel/plugin-bugfix-v8-spread-parameters-in-optional-chaining
9060 silly ADD node_modules/@babel/plugin-bugfix-safari-id-destructuring-collision-in-function-expression
9061 silly ADD node_modules/@babel/plugin-bugfix-safari-class-field-initializer-scope
9062 silly ADD node_modules/@babel/plugin-bugfix-firefox-class-in-computed-class-key
9063 silly ADD node_modules/@babel/helper-plugin-utils
9064 silly ADD node_modules/@babel/helper-module-imports
9065 silly ADD node_modules/lru-cache
9066 silly ADD node_modules/browserslist
9067 silly ADD node_modules/@babel/helper-validator-option
9068 silly ADD node_modules/@babel/compat-data
9069 silly ADD node_modules/jsesc
9070 silly ADD node_modules/picocolors
9071 silly ADD node_modules/js-tokens
9072 silly ADD node_modules/@babel/helper-validator-identifier
9073 silly ADD node_modules/@jridgewell/trace-mapping
9074 silly ADD node_modules/@jridgewell/gen-mapping
9075 silly ADD node_modules/semver
9076 silly ADD node_modules/json5
9077 silly ADD node_modules/gensync
9078 silly ADD node_modules/debug
9079 silly ADD node_modules/convert-source-map
9080 silly ADD node_modules/@babel/types
9081 silly ADD node_modules/@babel/traverse
9082 silly ADD node_modules/@babel/template
9083 silly ADD node_modules/@babel/parser
9084 silly ADD node_modules/@babel/helpers
9085 silly ADD node_modules/@babel/helper-module-transforms
9086 silly ADD node_modules/@babel/helper-compilation-targets
9087 silly ADD node_modules/@babel/generator
9088 silly ADD node_modules/@babel/code-frame
9089 silly ADD node_modules/@ampproject/remapping
9090 silly ADD node_modules/zustand
9091 silly ADD node_modules/typescript
9092 silly ADD node_modules/react-native-url-polyfill
9093 silly ADD node_modules/react-native-sqlite-storage
9094 silly ADD node_modules/react-native-purchases
9095 silly ADD node_modules/react-native-iap
9096 silly ADD node_modules/react-native-date-picker
9097 silly ADD node_modules/jest
9098 silly ADD node_modules/invariant
9099 silly ADD node_modules/@types/react-test-renderer
9100 silly ADD node_modules/@types/react
9101 silly ADD node_modules/@types/jest
9102 silly ADD node_modules/@testing-library/react-native
9103 silly ADD node_modules/@testing-library/react-native/node_modules/@sinclair/typebox
9104 silly ADD node_modules/@testing-library/react-native/node_modules/react-is
9105 silly ADD node_modules/@testing-library/react-native/node_modules/ansi-styles
9106 silly ADD node_modules/@testing-library/react-native/node_modules/@jest/schemas
9107 silly ADD node_modules/@testing-library/react-native/node_modules/jest-diff
9108 silly ADD node_modules/@testing-library/react-native/node_modules/pretty-format
9109 silly ADD node_modules/@testing-library/react-native/node_modules/jest-matcher-utils
9110 silly ADD node_modules/react-test-renderer
9111 silly ADD node_modules/@testing-library/jest-native
9112 silly ADD node_modules/@sentry/react-native
9113 silly ADD node_modules/react-native-gesture-handler
9114 silly ADD node_modules/@react-navigation/stack
9115 silly ADD node_modules/react-native-screens
9116 silly ADD node_modules/react-native-safe-area-context
9117 silly ADD node_modules/@react-navigation/native
9118 silly ADD node_modules/@react-navigation/bottom-tabs
9119 silly ADD node_modules/@react-native/typescript-config
9120 silly ADD node_modules/@react-native/metro-config
9121 silly ADD node_modules/prettier
9122 silly ADD node_modules/eslint
9123 silly ADD node_modules/eslint/node_modules/brace-expansion
9124 silly ADD node_modules/eslint/node_modules/minimatch
9125 silly ADD node_modules/eslint/node_modules/eslint-visitor-keys
9126 silly ADD node_modules/eslint/node_modules/eslint-scope
9127 silly ADD node_modules/@react-native/eslint-config
9128 silly ADD node_modules/@react-native/babel-preset
9129 silly ADD node_modules/@react-native-community/cli-platform-ios
9130 silly ADD node_modules/@react-native-community/cli-platform-ios/node_modules/semver
9131 silly ADD node_modules/@react-native-community/cli-platform-ios/node_modules/@react-native-community/cli-tools
9132 silly ADD node_modules/@react-native-community/cli-platform-ios/node_modules/@react-native-community/cli-config-apple
9133 silly ADD node_modules/@react-native-community/cli-platform-ios/node_modules/@react-native-community/cli-platform-apple
9134 silly ADD node_modules/@react-native-community/cli-platform-android
9135 silly ADD node_modules/@react-native-community/cli-platform-android/node_modules/semver
9136 silly ADD node_modules/@react-native-community/cli-platform-android/node_modules/@react-native-community/cli-tools
9137 silly ADD node_modules/@react-native-community/cli
9138 silly ADD node_modules/@react-native-community/cli/node_modules/semver
9139 silly ADD node_modules/react
9140 silly ADD node_modules/react-native
9141 silly ADD node_modules/react-native/node_modules/hermes-estree
9142 silly ADD node_modules/react-native/node_modules/hermes-parser
9143 silly ADD node_modules/react-native/node_modules/semver
9144 silly ADD node_modules/react-native/node_modules/commander
9145 silly ADD node_modules/react-native/node_modules/babel-plugin-syntax-hermes-parser
9146 silly ADD node_modules/react-native/node_modules/@react-native/js-polyfills
9147 silly ADD node_modules/react-native/node_modules/@react-native/codegen
9148 silly ADD node_modules/@react-native-async-storage/async-storage
9149 silly ADD node_modules/@babel/runtime
9150 silly ADD node_modules/@babel/preset-env
9151 silly ADD node_modules/@babel/core
9152 verbose cwd /Users/bytedance/Desktop/workspace/poker_tracker/fe_poker
9153 verbose os Darwin 24.5.0
9154 verbose node v22.17.1
9155 verbose npm  v10.9.2
9156 verbose exit 0
9157 info ok
